sqft,bedrooms,bathrooms,floors,waterfront,view,condition,grade,yr_built,yr_renovated,zipcode,lat,long,sqft_living15,sqft_lot15,price
2170,4,2.25,1.0,0,0,5,7,1917,0,98125,47.7266,-122.307,2190,14750,488000
1900,3,2.5,1.0,0,0,4,7,1985,0,98103,47.6632,-122.361,1740,2450,443000
2450,5,3.25,1.0,0,0,3,8,1988,0,98052,47.6762,-122.14,1470,11130,1194000
2140,5,2.75,1.0,0,0,5,8,1917,0,98112,47.6495,-122.3,2310,2510,790000
1910,3,2.0,1.0,0,0,3,10,1952,1990,98059,47.4829,-122.123,1580,10560,650000
1250,3,2.0,1.0,0,0,4,5,1961,0,98031,47.4093,-122.173,1250,5800,180000
5490,7,5.5,1.0,0,0,3,11,1954,0,98125,47.7249,-122.29,4320,5020,1471000
2500,3,3.5,1.0,0,0,3,8,2013,0,98103,47.6783,-122.328,1730,7700,762000
1400,3,1.75,1.0,0,0,3,5,1922,0,98033,47.67,-122.192,980,11550,466000
2030,5,2.25,1.0,0,0,3,8,1938,2008,98125,47.7145,-122.298,1810,10460,570000
1570,3,1.75,1.5,0,0,3,8,1960,0,98103,47.6808,-122.351,1550,15930,459000
1790,3,2.5,2.0,0,1,3,7,1911,0,98004,47.6255,-122.21,1700,5270,792000
1500,3,2.25,1.0,0,1,3,6,1916,0,98059,47.514,-122.137,1470,13930,367000
2070,3,2.5,1.0,0,0,3,7,1941,0,98117,47.6775,-122.368,2180,4580,502000
2280,4,2.5,2.0,0,0,3,7,1999,0,98112,47.6252,-122.289,2300,10340,1067000
1370,2,1.25,1.0,0,2,4,8,1993,0,98117,47.676,-122.358,1230,13860,592000
2180,5,2.25,1.0,0,0,4,7,1962,0,98004,47.6301,-122.206,1670,9930,882000
2290,4,3.0,2.0,0,0,3,8,2013,0,98178,47.5155,-122.245,2050,4670,420000
3450,7,3.75,2.0,0,0,3,8,1994,0,98199,47.6531,-122.389,1600,2300,1059000
1610,4,1.75,1.0,0,0,4,6,1920,0,98033,47.6639,-122.205,1350,10730,483000
3470,7,3.75,2.0,0,0,5,10,1926,0,98118,47.5286,-122.28,3230,14600,778000
1410,4,1.75,2.0,0,0,3,8,1903,0,98059,47.4963,-122.147,1320,7330,411000
1650,3,2.25,1.5,0,0,4,6,1919,0,98117,47.6848,-122.396,1250,4740,552000
2040,4,3.0,1.5,0,0,3,7,1990,0,98004,47.6321,-122.195,1710,3110,999000
1520,4,2.0,2.0,0,0,3,6,1910,0,98199,47.6551,-122.39,1570,7540,535000
4580,7,5.5,2.0,0,0,3,11,1926,0,98031,47.3946,-122.2,3980,4460,1046000
2040,4,3.25,3.0,0,0,4,7,1996,0,98125,47.7154,-122.302,2070,8120,469000
1290,3,1.5,2.0,0,0,5,7,1977,0,98118,47.5479,-122.273,1290,12150,308000
2230,3,2.75,1.0,0,1,5,8,1998,0,98199,47.6243,-122.381,2130,2930,1098000
2760,4,4.0,1.5,0,0,3,9,1921,0,98023,47.2957,-122.342,2340,3250,478000
990,2,2.0,1.0,0,2,4,6,1962,0,98106,47.5435,-122.372,750,2740,181000
960,4,2.25,1.0,0,0,5,6,1900,0,98004,47.6263,-122.197,1290,3240,566000
1720,5,2.25,2.0,0,0,3,7,2001,0,98031,47.4133,-122.207,1650,8060,319000
1670,4,1.75,1.5,0,1,3,6,1936,0,98115,47.6626,-122.3,1450,4290,493000
2230,4,2.75,2.0,0,3,3,6,1973,0,98178,47.4794,-122.231,2140,5790,449000
2700,4,2.75,1.0,0,0,3,10,1992,0,98117,47.6679,-122.375,3430,4060,827000
1030,3,1.75,1.0,0,0,3,5,1900,0,98115,47.6914,-122.29,1270,4640,282000
1210,2,1.75,1.0,0,0,3,6,1990,0,98004,47.6073,-122.231,1030,3120,488000
3250,5,3.25,2.0,0,0,3,9,1954,0,98118,47.5294,-122.276,2900,13850,619000
1060,3,1.25,1.0,0,0,3,8,1930,0,98144,47.5773,-122.281,770,5240,477000
1430,2,2.25,2.0,0,0,3,7,1948,0,98023,47.2981,-122.337,1670,5410,337000
2260,5,2.5,2.0,0,0,3,9,1975,1986,98125,47.6968,-122.318,2670,5880,685000
2240,4,3.0,1.0,0,2,4,8,1909,0,98033,47.6775,-122.186,1940,5250,1095000
2240,4,2.75,1.0,0,0,3,9,2007,0,98004,47.6054,-122.217,1360,8850,1331000
1500,4,1.75,2.0,0,0,3,7,1942,0,98004,47.5978,-122.217,1160,6760,586000
1590,3,2.75,1.5,0,0,3,6,2002,0,98117,47.6905,-122.371,1760,7160,489000
2750,5,3.5,1.0,0,0,3,7,1950,0,98199,47.648,-122.388,3870,4610,856000
1360,2,1.25,1.5,0,0,5,6,1923,0,98112,47.6225,-122.305,1020,10480,621000
1730,4,2.25,1.0,0,0,4,8,1979,2003,98033,47.6686,-122.189,1350,13240,936000
2740,5,3.5,1.5,0,0,5,9,1960,0,98103,47.6671,-122.335,1850,5540,1000000
2290,4,3.25,1.0,0,4,3,7,1907,0,98004,47.6257,-122.22,2070,5910,1206000
1590,4,2.5,1.0,0,0,4,7,1931,0,98023,47.3117,-122.358,1830,6460,310000
1000,2,1.25,1.0,0,0,3,5,1976,0,98031,47.3895,-122.187,1090,7020,194000
1200,4,1.5,2.0,0,0,3,6,1968,0,98112,47.645,-122.288,1600,14330,442000
750,2,1.25,1.0,0,0,4,6,1948,0,98178,47.4942,-122.261,860,8530,132000
2100,3,3.25,2.0,0,0,3,9,1953,0,98004,47.6128,-122.223,1710,15460,1004000
1810,4,2.5,1.0,0,2,3,6,1939,0,98042,47.3609,-122.143,2050,10230,286000
2030,5,2.75,1.0,0,0,3,8,1907,0,98042,47.3621,-122.128,1720,4470,271000
1670,3,2.25,2.0,0,0,5,8,1926,0,98118,47.5302,-122.258,1810,6890,524000
1810,3,2.0,2.0,0,0,3,7,1971,0,98059,47.4868,-122.124,950,12580,416000
2290,4,2.5,2.0,0,0,4,7,1946,0,98115,47.7019,-122.312,2330,13240,701000
2120,3,2.25,1.0,0,0,3,9,1912,0,98033,47.6643,-122.194,2230,12020,847000
1560,3,2.5,2.0,0,0,5,8,2008,0,98103,47.6802,-122.339,1090,4660,590000
1880,5,2.0,2.0,0,0,3,7,1906,0,98042,47.3589,-122.108,2020,8280,323000
3380,6,4.0,3.0,0,0,3,9,1998,0,98178,47.5142,-122.244,4600,3560,704000
2220,3,2.25,1.5,0,0,3,8,1971,0,98115,47.6778,-122.305,1770,10920,745000
2730,7,3.0,1.0,0,0,4,10,1958,0,98023,47.3173,-122.352,2430,10930,629000
1650,3,2.0,2.0,0,0,3,7,2002,0,98004,47.611,-122.189,2080,2400,807000
1360,3,2.0,1.0,0,2,4,6,1948,1999,98178,47.486,-122.229,700,5040,222000
2480,5,3.25,2.0,0,0,3,10,1918,1988,98103,47.6701,-122.336,1480,14410,751000
2220,5,3.75,1.0,0,0,3,7,1969,0,98031,47.4104,-122.205,2050,4530,412000
2670,4,3.75,1.0,0,0,3,9,1928,0,98178,47.5086,-122.235,2700,5450,461000
1890,4,2.25,1.0,0,0,3,8,2000,0,98199,47.6604,-122.403,1920,10770,740000
2330,5,2.75,1.0,0,0,3,7,1957,0,98117,47.6826,-122.402,2990,2710,547000
1930,3,2.25,2.0,0,0,3,7,1984,0,98033,47.6604,-122.209,1630,11250,731000
1340,2,1.75,1.0,0,0,3,6,2010,0,98042,47.3752,-122.112,1200,3350,200000
1790,4,2.0,1.0,0,0,3,8,1922,0,98042,47.3491,-122.109,1820,7460,300000
1890,5,2.5,1.0,0,0,3,6,1999,0,98033,47.6841,-122.2,1720,6250,649000
2840,4,4.0,2.0,0,2,3,8,1963,0,98112,47.6242,-122.297,1690,5660,1566000
2580,6,3.5,1.0,0,0,3,8,1977,0,98059,47.4765,-122.106,2400,9940,803000
1890,4,3.0,2.0,0,0,5,8,1931,0,98178,47.4928,-122.234,1360,4870,476000
2140,3,3.0,1.5,0,0,3,7,1922,0,98115,47.6829,-122.296,1480,31630,740000
2420,4,3.25,2.0,0,0,3,8,1930,0,98042,47.3306,-122.114,2650,6670,463000
3720,7,3.75,1.0,0,0,3,10,1968,0,98115,47.6785,-122.285,4320,16060,1534000
2140,4,2.75,2.0,0,0,4,8,1971,0,98033,47.6778,-122.21,2000,10920,1039000
3660,6,4.5,2.0,0,0,3,9,1976,0,98133,47.7407,-122.329,3520,9400,903000
1360,1,2.0,1.0,0,0,3,6,1910,0,98112,47.6485,-122.297,750,9250,455000
1980,4,2.75,1.0,0,0,4,7,1903,0,98117,47.6848,-122.375,1540,4030,504000
4020,6,4.75,1.0,0,0,4,12,1960,1992,98199,47.6474,-122.374,4910,5410,2435000
1790,3,2.5,1.0,0,0,3,6,1997,0,98118,47.5325,-122.251,1590,5800,331000
1830,3,2.5,1.0,0,0,4,7,1980,0,98033,47.6887,-122.225,1190,7780,771000
1440,3,1.5,1.0,0,0,3,8,1939,0,98115,47.7025,-122.288,1320,8370,588000
1520,3,1.75,2.0,0,3,3,8,1958,1990,98023,47.3061,-122.358,1020,11480,319000
1580,3,2.0,2.0,0,0,3,7,1960,0,98125,47.7172,-122.291,2200,11080,332000
1880,4,2.0,2.0,0,0,4,7,1992,0,98059,47.4928,-122.129,2090,7150,519000
2560,6,3.5,2.0,0,0,3,9,1939,0,98117,47.6909,-122.361,2280,6920,1001000
1730,3,1.5,1.0,0,0,3,6,2010,0,98117,47.6808,-122.37,1200,10390,519000
1240,2,1.25,1.0,0,0,3,7,1929,0,98059,47.4747,-122.111,1060,5480,295000
1490,3,1.75,2.0,0,0,3,8,1919,0,98115,47.6771,-122.287,1350,13090,515000
3240,7,4.5,2.0,0,0,3,8,2006,0,98144,47.5577,-122.294,2220,17320,939000
930,2,1.25,1.5,0,0,3,5,1956,0,98133,47.7325,-122.35,840,9330,245000
1660,3,2.75,2.0,0,0,4,8,2005,0,98004,47.6218,-122.183,1490,4760,979000
910,2,1.25,2.0,0,0,3,6,1913,0,98117,47.6744,-122.361,970,5900,276000
2430,5,3.25,2.0,0,0,4,9,1923,0,98106,47.5456,-122.348,2140,8190,672000
1800,6,2.0,1.0,0,3,4,5,1954,0,98033,47.6893,-122.177,1150,8090,742000
1790,4,2.75,1.0,0,0,4,7,1902,0,98103,47.6953,-122.333,1850,10450,521000
2330,5,2.5,1.5,0,0,5,8,1989,0,98199,47.6507,-122.413,2710,6670,780000
1680,3,1.75,2.0,0,0,4,6,1975,0,98004,47.6245,-122.22,1800,5540,861000
1490,3,2.75,1.0,0,0,3,7,1939,0,98144,47.5883,-122.274,1140,17460,415000
1920,3,2.75,1.0,0,0,3,8,1974,0,98199,47.6667,-122.397,1810,10120,819000
1390,4,2.25,2.0,0,0,4,7,1909,2003,98125,47.7524,-122.309,1250,10180,307000
2250,4,2.5,2.0,0,0,3,7,1937,0,98199,47.6689,-122.406,1600,8380,671000
2400,5,2.5,1.0,0,2,2,8,1925,0,98112,47.6346,-122.31,1830,11770,1079000
1380,2,1.25,2.0,0,0,4,8,2008,0,98023,47.3134,-122.37,900,8600,261000
1740,4,2.75,2.0,0,2,4,7,1956,0,98103,47.6575,-122.327,1010,7000,567000
3390,6,4.0,1.0,0,1,3,11,1953,0,98112,47.633,-122.295,4360,6480,1671000
1520,2,2.25,2.0,0,0,3,5,2001,0,98106,47.5405,-122.334,1440,9960,282000
3100,5,4.0,1.0,0,0,3,8,1940,0,98033,47.6654,-122.2,2240,4970,1385000
2120,4,3.75,2.0,0,0,3,8,1952,0,98133,47.7686,-122.345,1610,8430,424000
2470,4,3.25,1.5,0,0,3,7,1925,0,98117,47.6958,-122.386,2060,7150,523000
1670,3,2.25,2.0,0,3,4,6,1920,0,98033,47.6595,-122.209,1730,4350,644000
2790,4,3.0,1.0,0,0,4,8,1977,0,98112,47.6358,-122.318,2880,3540,1382000
2200,4,2.75,1.0,0,0,3,7,1970,0,98133,47.7371,-122.366,1620,5730,557000
2110,5,3.25,1.0,0,0,3,8,1955,0,98199,47.6763,-122.39,1610,9270,850000
1130,3,1.25,1.0,0,0,4,6,1930,0,98033,47.6811,-122.186,650,2750,441000
3360,6,4.0,1.5,0,0,3,10,1949,0,98031,47.4329,-122.21,3020,9080,615000
3200,5,3.75,1.5,0,0,3,10,1958,0,98178,47.4856,-122.234,1720,8950,732000
1620,4,2.25,1.0,0,0,4,5,1956,0,98103,47.6684,-122.341,1750,5320,391000
3020,4,3.5,1.0,0,0,4,9,1947,0,98199,47.658,-122.405,2260,11780,1209000
2930,4,3.5,1.0,0,3,5,7,1987,0,98031,47.3886,-122.183,2590,9620,655000
840,2,2.0,1.0,0,4,4,6,1900,0,98004,47.6403,-122.213,1030,4510,485000
1180,1,1.25,2.0,0,0,3,7,1988,0,98004,47.6331,-122.212,1060,4930,677000
2360,6,2.5,1.0,0,0,3,8,1958,0,98199,47.6554,-122.398,1770,16490,860000
2260,4,2.5,1.0,0,2,3,8,1971,0,98023,47.3051,-122.35,2060,9790,547000
910,2,1.5,1.0,0,0,3,7,1971,0,98106,47.5333,-122.335,960,7750,163000
2070,4,2.5,1.0,0,0,3,9,1966,0,98052,47.6859,-122.115,2010,3180,953000
1590,4,1.5,2.0,0,0,3,8,1933,1997,98004,47.6054,-122.204,1500,5260,925000
1880,4,2.25,1.0,0,2,4,8,1953,0,98033,47.6604,-122.189,1720,15170,934000
1700,3,1.75,2.0,0,0,4,8,1979,0,98118,47.5405,-122.258,1700,8450,550000
1290,3,1.5,2.0,0,0,5,6,1945,0,98117,47.6968,-122.377,950,7190,423000
2370,4,3.25,1.5,0,0,4,8,1984,0,98133,47.7136,-122.355,1910,5860,586000
1740,3,2.0,1.0,0,0,5,7,1981,0,98117,47.6892,-122.373,1360,9720,527000
3660,5,4.75,1.0,0,0,4,9,1942,0,98052,47.678,-122.104,3810,5720,1397000
2700,4,3.25,1.0,0,0,3,8,1954,1997,98178,47.4902,-122.236,2550,3000,469000
1460,3,2.25,2.0,0,0,3,7,1941,0,98103,47.6714,-122.347,1380,9090,460000
1740,4,2.0,1.0,0,3,3,7,1907,0,98118,47.538,-122.251,1310,10200,423000
880,2,1.25,1.5,0,0,4,5,1945,0,98042,47.3603,-122.126,720,9540,122000
2130,4,2.0,2.0,0,0,4,8,1940,0,98031,47.3975,-122.216,1610,4240,491000
1910,4,2.75,2.0,0,0,3,6,1970,0,98133,47.739,-122.336,1570,6230,445000
1570,2,2.25,1.0,0,0,3,6,1937,0,98117,47.6913,-122.383,1300,5690,427000
2530,5,3.5,1.0,0,0,5,7,1973,0,98112,47.6357,-122.292,2200,6540,1169000
1030,2,2.0,2.0,0,0,3,6,2000,0,98144,47.576,-122.303,680,5150,257000
6050,7,5.5,2.0,0,0,3,12,1989,0,98004,47.6093,-122.196,5500,7640,3941000
1510,3,1.0,2.0,0,0,3,7,2009,0,98004,47.6057,-122.199,1480,5060,683000
1900,3,2.5,2.0,0,0,3,7,2012,0,98118,47.5283,-122.276,2050,3700,409000
2050,5,3.0,1.5,0,3,3,8,1977,0,98031,47.4228,-122.183,1860,6980,374000
1290,3,1.5,1.0,0,0,4,7,2001,0,98059,47.4526,-122.151,1460,3920,297000
1650,2,2.25,1.0,0,1,3,7,1952,0,98144,47.5937,-122.285,1230,8560,362000
1740,4,2.25,1.5,0,0,3,7,1975,0,98031,47.4068,-122.182,1450,11170,326000
2140,4,2.75,2.0,0,0,3,8,2013,0,98004,47.6044,-122.224,1580,7550,1296000
3380,6,3.5,1.0,0,0,3,9,1989,0,98023,47.3208,-122.361,2910,6680,489000
1440,3,1.75,1.0,0,0,4,7,1927,0,98199,47.6528,-122.419,1250,2480,508000
1330,3,1.5,1.0,0,0,3,7,1970,0,98031,47.4072,-122.194,1300,8290,276000
1390,3,1.75,3.0,0,0,4,5,1924,0,98144,47.5689,-122.295,660,4320,250000
1600,3,2.0,1.0,0,0,4,7,1911,0,98118,47.5551,-122.248,1510,15580,288000
2180,4,2.75,2.0,0,0,3,7,1953,0,98115,47.6962,-122.284,2070,5410,518000
3120,4,3.75,1.0,0,0,4,10,2014,0,98118,47.5435,-122.263,2390,9220,651000
2670,5,3.75,1.0,0,0,3,8,1902,0,98125,47.7264,-122.315,2230,20310,768000
2770,6,2.75,1.5,0,0,3,9,1978,0,98042,47.3791,-122.142,2430,3540,610000
1890,3,2.5,2.0,0,0,3,8,1930,0,98031,47.392,-122.208,2170,6500,326000
2860,5,3.5,1.0,0,0,3,8,1996,0,98133,47.7575,-122.342,3090,4080,777000
1460,2,2.0,3.0,0,0,5,7,1940,0,98059,47.4709,-122.126,1450,6940,404000
980,3,1.25,2.0,0,0,3,6,1914,0,98133,47.7259,-122.343,920,4470,204000
1970,3,2.5,1.0,0,0,3,7,1963,0,98125,47.7306,-122.296,2400,6960,460000
2420,5,2.75,2.0,0,0,3,9,1900,0,98031,47.4055,-122.186,1920,7240,494000
2470,4,2.75,1.5,0,2,4,9,1989,0,98199,47.6593,-122.392,2920,8450,1603000
1550,2,1.5,1.0,0,0,5,7,1959,0,98118,47.5531,-122.28,1520,10690,270000
2720,4,3.5,1.0,0,0,4,9,1927,2004,98106,47.5233,-122.334,1960,4710,579000
2130,4,3.0,1.0,0,0,4,7,1944,0,98125,47.6858,-122.284,1880,5160,509000
1870,4,2.5,2.0,0,0,3,7,1927,0,98112,47.6378,-122.3,1870,6380,602000
1420,4,2.25,1.0,0,0,3,6,2007,0,98112,47.6504,-122.291,1250,14240,464000
1540,3,1.75,1.5,0,0,3,6,1997,0,98144,47.5708,-122.292,1310,2670,519000
2180,4,3.0,1.0,0,0,3,8,1992,0,98199,47.6334,-122.408,2370,6610,835000
1180,2,0.75,2.0,0,0,3,7,2004,0,98133,47.7403,-122.363,1310,2940,274000
1100,2,2.0,1.0,0,0,3,6,2011,0,98178,47.509,-122.24,960,9300,163000
1590,4,2.0,1.0,0,0,3,6,1943,0,98033,47.6655,-122.196,620,3620,452000
5510,7,5.5,2.0,0,0,3,12,1903,0,98023,47.3259,-122.372,4480,11100,1476000
1990,4,2.75,1.0,0,3,3,9,1996,0,98023,47.2946,-122.358,1590,3040,487000
2710,5,3.75,2.0,0,3,3,8,1905,0,98052,47.6636,-122.105,3550,6940,993000
2520,5,2.75,3.0,0,0,3,8,2003,0,98052,47.6846,-122.103,3040,5500,606000
2370,4,3.25,2.0,0,0,4,8,1962,0,98033,47.6885,-122.181,2840,5160,1130000
2350,4,3.0,2.0,0,0,3,9,1975,0,98004,47.6143,-122.192,2280,10140,1358000
3760,5,4.75,1.0,0,0,3,9,1915,0,98199,47.6611,-122.387,5080,11500,1445000
1340,3,1.0,1.0,0,0,4,6,1990,0,98059,47.4721,-122.149,1160,17090,320000
1630,4,2.25,1.5,0,0,4,7,1935,0,98042,47.3742,-122.111,1050,8000,244000
1280,2,1.5,1.0,0,0,3,5,1989,0,98059,47.4623,-122.143,1180,8390,305000
2300,4,2.25,2.0,0,0,3,7,1960,0,98117,47.683,-122.367,2250,3150,601000
2150,5,3.0,1.0,0,0,5,9,1953,0,98103,47.6746,-122.338,2000,5950,781000
1460,4,1.5,1.5,0,0,3,6,2001,0,98125,47.7087,-122.287,1150,4210,364000
1530,5,1.5,1.5,0,2,4,6,1960,0,98117,47.6833,-122.377,1150,4280,447000
1930,4,2.75,1.0,0,3,3,6,1982,0,98178,47.4968,-122.248,1480,5880,332000
1620,4,2.0,2.0,0,2,4,7,1999,0,98033,47.6708,-122.201,980,4970,713000
1470,3,1.5,1.0,0,0,4,7,2014,0,98178,47.4968,-122.243,1840,6370,299000
2430,6,2.75,1.0,0,0,5,10,1925,2014,98042,47.3755,-122.087,1790,7150,688000
1260,4,2.25,2.0,0,0,4,7,1920,0,98059,47.4817,-122.145,1180,10020,354000
2300,4,3.25,1.0,0,0,3,8,1958,0,98023,47.3095,-122.339,1900,7910,404000
1960,5,3.5,1.0,0,0,3,7,1982,0,98133,47.7388,-122.356,2080,11560,409000
1330,4,2.0,2.0,0,0,3,5,1960,0,98115,47.6745,-122.299,1560,5340,377000
1110,4,2.0,1.0,0,0,5,7,1926,0,98115,47.6919,-122.291,1040,20700,301000
2010,4,2.5,1.0,0,0,4,6,1916,0,98115,47.6924,-122.307,1900,13550,551000
2320,3,2.25,2.0,0,1,4,7,2002,0,98052,47.6659,-122.113,2510,16530,931000
1480,2,2.25,1.0,0,0,2,6,2005,0,98106,47.5232,-122.349,1500,7430,282000
2490,3,3.0,1.0,0,0,3,7,1958,0,98031,47.394,-122.179,2940,7990,521000
3480,5,3.5,1.0,0,0,4,10,1946,0,98178,47.4875,-122.235,3340,11720,672000
2740,5,3.75,2.0,0,0,4,9,1902,2012,98115,47.7059,-122.301,3760,15640,701000
2420,4,3.25,2.0,0,0,3,9,2012,0,98052,47.6852,-122.099,2260,12110,933000
1390,3,1.25,1.0,0,0,3,5,1975,2009,98118,47.5488,-122.258,1600,9980,315000
1680,4,2.5,2.0,0,0,4,8,1995,0,98115,47.6976,-122.296,1110,8830,552000
2720,5,2.75,2.0,0,0,3,8,1900,0,98052,47.6803,-122.098,2330,5750,918000
2340,4,3.25,1.5,0,0,3,8,1941,0,98023,47.3064,-122.361,1920,7460,410000
3120,4,3.5,1.0,0,0,4,10,1993,0,98103,47.6528,-122.348,2440,5250,1160000
2940,5,3.75,1.5,0,2,3,9,2011,0,98178,47.5051,-122.244,3030,10050,677000
2770,6,3.75,2.0,0,0,4,10,1957,0,98042,47.3669,-122.102,2410,4820,629000
3790,5,4.75,2.0,0,0,4,10,1903,0,98144,47.5799,-122.305,3660,5530,1241000
2300,4,3.5,2.0,0,0,3,8,1945,0,98144,47.5972,-122.284,2350,6140,595000
1140,4,1.5,1.5,0,0,5,6,1978,0,98125,47.7227,-122.303,1200,10650,282000
1960,5,2.25,1.0,0,0,3,8,1979,0,98033,47.6826,-122.19,2030,9260,906000
2170,4,3.25,1.0,0,4,1,8,1982,0,98023,47.2951,-122.358,2030,10110,648000
1690,5,2.5,1.0,0,0,4,6,1929,0,98052,47.6757,-122.113,1540,7070,544000
1280,4,1.75,1.0,0,0,4,6,1929,0,98033,47.687,-122.207,1290,12090,428000
2000,5,3.25,1.0,0,0,3,7,1933,0,98059,47.4765,-122.142,1590,2650,347000
2370,4,2.75,2.0,0,0,4,8,1953,0,98023,47.3225,-122.358,2120,8560,466000
3800,7,4.25,1.5,0,0,4,10,1980,0,98112,47.6469,-122.305,3880,6810,2168000
1480,4,1.75,2.0,0,0,3,6,1983,0,98112,47.6317,-122.284,1710,7460,585000
1200,2,1.0,1.5,0,0,3,7,2013,0,98133,47.7495,-122.347,1240,6370,264000
2650,3,3.25,2.0,0,0,3,9,1941,0,98031,47.4025,-122.196,3300,8210,527000
1820,3,2.0,1.0,0,0,3,6,1975,0,98178,47.509,-122.246,1060,10470,343000
770,3,1.0,1.0,0,0,3,6,1909,0,98052,47.6894,-122.126,650,5460,219000
2620,5,3.75,1.0,0,0,3,7,2004,0,98115,47.6678,-122.285,2520,4170,1087000
1500,2,2.0,3.0,0,0,3,6,1968,0,98052,47.6987,-122.13,970,11280,490000
2180,4,3.5,2.0,0,0,3,7,1937,0,98031,47.4118,-122.222,1950,4870,464000
2650,5,3.75,1.0,0,0,4,8,1954,0,98125,47.7439,-122.302,1960,2040,585000
1300,2,1.5,1.0,0,0,3,6,1947,2003,98115,47.6892,-122.299,1410,4690,301000
1490,3,2.0,1.0,0,0,3,7,2010,0,98133,47.733,-122.326,1390,4060,356000
1680,2,2.25,1.0,0,0,3,6,1968,0,98144,47.5913,-122.3,1450,3300,461000
2170,3,3.5,1.0,0,0,4,7,1955,0,98144,47.5912,-122.291,1970,6150,560000
2670,5,3.0,2.0,0,0,4,7,1959,0,98178,47.4897,-122.252,1860,9240,478000
1180,4,2.0,1.0,0,0,3,4,1968,0,98059,47.4949,-122.131,990,2860,288000
2320,4,3.0,1.0,0,0,4,7,2004,0,98103,47.661,-122.345,2050,3600,728000
2900,5,3.75,2.0,0,0,3,10,1973,0,98118,47.5352,-122.248,2130,2960,641000
3310,6,4.0,2.0,0,0,4,10,2003,0,98125,47.6969,-122.282,3030,16350,969000
2280,5,3.25,2.0,0,0,5,8,1934,0,98115,47.6898,-122.303,1490,6690,846000
5530,7,5.5,1.0,0,0,4,12,1974,0,98031,47.4136,-122.18,4630,6600,1324000
1510,4,2.5,1.0,0,0,3,7,1932,0,98103,47.6506,-122.346,1220,5220,490000
2520,6,3.5,1.5,0,0,3,6,1960,0,98112,47.6246,-122.288,1910,6590,883000
1830,5,3.25,3.0,0,0,5,7,2000,0,98133,47.717,-122.351,1630,2210,344000
1070,3,3.0,1.0,0,0,3,6,1966,0,98118,47.5286,-122.256,1140,13270,209000
2050,3,2.75,2.0,0,0,3,7,1953,0,98023,47.3049,-122.343,2290,6100,401000
2350,4,2.75,1.0,0,0,3,8,1900,0,98115,47.6476,-122.316,1930,11540,776000
2220,6,3.0,1.0,0,0,3,7,1912,0,98117,47.6926,-122.388,2110,2760,752000
2090,4,3.25,1.5,0,0,3,8,1940,0,98117,47.6999,-122.382,2200,11700,566000
1720,3,2.25,2.0,0,0,3,7,1941,0,98103,47.6817,-122.347,1780,9510,414000
2550,5,4.5,1.0,0,0,4,8,1930,0,98117,47.6913,-122.39,1770,8710,585000
2380,4,3.0,1.5,0,0,4,8,1922,0,98031,47.4039,-122.187,1810,5760,467000
2500,5,3.25,1.0,0,0,3,8,1996,0,98023,47.3134,-122.351,2650,4450,416000
1550,3,2.0,1.0,0,0,2,7,1991,0,98023,47.3246,-122.366,1240,7920,255000
1720,4,2.5,2.0,0,0,3,6,1907,1998,98199,47.6456,-122.403,1820,8670,468000
1200,2,1.25,2.0,0,0,5,5,1937,0,98103,47.6583,-122.341,940,18230,357000
1600,4,2.25,2.0,0,0,3,7,2009,0,98103,47.6652,-122.351,1800,3610,566000
1170,2,1.5,2.0,0,3,3,6,1918,0,98118,47.549,-122.28,1050,5690,255000
1740,3,1.75,2.0,0,0,4,8,1979,0,98042,47.3684,-122.121,1240,4310,337000
2690,5,3.5,1.0,0,0,4,8,1911,0,98052,47.6689,-122.137,2330,3860,833000
2000,4,3.0,1.0,0,0,3,8,1905,0,98031,47.3903,-122.182,1920,2710,401000
2690,5,3.25,1.5,0,0,5,8,1980,0,98033,47.6958,-122.214,1570,2200,1184000
2680,4,3.5,2.0,0,0,3,8,1996,0,98033,47.7081,-122.165,2870,9750,933000
1380,3,1.5,1.0,0,0,3,5,1991,0,98052,47.7111,-122.12,1020,3420,282000
3630,6,4.0,1.0,0,0,5,10,1900,0,98112,47.6384,-122.291,2610,12290,1941000
3150,6,3.75,2.0,0,0,4,10,1986,0,98178,47.5126,-122.268,3420,8860,657000
2890,5,3.75,2.0,0,0,3,10,1917,0,98023,47.3087,-122.351,1090,16380,476000
2370,4,3.0,2.0,0,0,3,8,1974,0,98031,47.4072,-122.214,2080,7520,435000
2690,5,2.75,1.5,0,1,3,8,1984,0,98178,47.4825,-122.252,2840,21380,583000
1210,3,1.0,1.0,0,0,4,6,1976,2004,98023,47.3224,-122.355,930,2850,244000
1530,3,2.25,2.0,0,0,4,6,1969,0,98115,47.6764,-122.304,1160,6080,471000
1630,4,2.25,2.0,0,0,3,7,1942,0,98059,47.4852,-122.13,1230,9210,394000
3360,5,4.0,2.0,0,0,3,9,1938,0,98199,47.6448,-122.374,3170,4370,1469000
1030,2,1.25,1.0,0,2,3,6,1982,0,98115,47.6767,-122.296,920,10340,403000
1950,4,3.0,1.0,0,0,4,7,1901,2005,98004,47.6087,-122.202,2230,7500,1255000
5750,7,5.5,1.0,0,0,4,11,1964,0,98031,47.3918,-122.203,4360,6400,1321000
1780,4,1.25,1.0,0,0,4,7,1940,0,98125,47.7558,-122.297,1180,5180,358000
2040,5,2.5,1.0,0,2,3,7,1949,0,98059,47.4907,-122.13,1560,12020,508000
2780,6,3.25,3.0,0,0,3,7,1911,0,98133,47.7248,-122.345,2170,8710,530000
1470,2,2.0,1.0,0,0,5,6,1914,0,98042,47.3924,-122.118,1020,5450,237000
2150,4,2.5,1.0,0,0,3,7,2008,0,98042,47.3398,-122.11,2300,6480,310000
3280,5,4.0,1.0,0,0,4,9,1932,0,98052,47.6905,-122.086,2880,8070,1229000
2720,6,2.75,2.0,0,0,3,8,2010,0,98118,47.554,-122.287,1590,1200,446000
3740,7,4.0,1.0,0,0,4,10,1947,0,98115,47.6931,-122.285,3750,4190,1398000
1030,3,1.5,1.0,0,2,3,7,1978,0,98106,47.5223,-122.356,600,4310,278000
3290,6,3.75,1.0,0,0,4,9,1969,0,98144,47.5662,-122.305,4020,8460,1048000
630,2,0.75,1.0,0,0,3,7,1936,0,98106,47.5347,-122.354,600,4330,160000
1820,4,1.75,2.0,0,0,4,8,1953,0,98178,47.5079,-122.243,2010,7280,410000
1570,1,2.0,2.0,0,0,3,7,1911,0,98199,47.6484,-122.407,1270,8100,419000
1770,3,1.75,2.0,0,0,3,9,2012,0,98106,47.5448,-122.356,1890,4210,411000
2030,4,2.25,1.0,0,0,3,7,1978,0,98117,47.6887,-122.389,2720,9050,548000
2160,5,2.5,1.0,0,1,3,7,2001,0,98004,47.6133,-122.198,1560,10070,1132000
1670,3,2.25,2.0,0,0,3,7,1901,0,98059,47.4692,-122.147,1910,9250,351000
1270,3,1.75,2.0,0,0,4,7,1981,0,98115,47.6803,-122.297,920,10570,499000
1750,3,1.75,2.0,0,0,5,6,1994,0,98033,47.6892,-122.193,1320,17840,756000
2020,4,2.5,2.0,0,0,3,7,1984,0,98199,47.6526,-122.395,1760,9640,792000
1880,3,2.0,1.0,0,0,3,7,1975,0,98033,47.6802,-122.202,1710,6460,764000
1880,4,2.25,1.5,0,0,3,8,1929,0,98106,47.5348,-122.369,1890,10680,536000
960,2,1.25,2.0,0,0,3,7,1921,0,98118,47.5191,-122.282,730,5660,253000
1540,3,1.5,1.0,0,0,3,7,1902,0,98033,47.6829,-122.18,1690,13520,554000
2170,4,2.75,1.0,0,0,3,8,1928,0,98112,47.6255,-122.305,1960,6060,803000
4810,7,5.5,2.0,0,0,5,11,1954,0,98031,47.3919,-122.191,2870,5550,1569000
2900,4,3.0,1.5,0,0,3,8,1979,2008,98052,47.6742,-122.114,2270,10850,1077000
1940,4,2.5,2.0,0,2,3,6,2005,0,98178,47.5009,-122.257,2010,16460,436000
1360,2,1.75,1.0,0,0,3,7,1917,0,98052,47.6634,-122.141,790,6910,431000
1580,4,1.75,2.0,0,0,4,6,1983,0,98117,47.6815,-122.385,1600,7480,404000
940,3,0.75,2.0,0,0,3,6,1933,0,98118,47.5703,-122.288,990,5640,179000
2090,5,2.5,2.0,0,0,4,8,1916,1991,98199,47.6421,-122.404,1560,3180,847000
2850,6,3.75,1.0,0,0,3,10,2003,0,98125,47.71,-122.3,2340,7350,841000
2800,6,3.75,1.5,0,0,3,9,1976,0,98115,47.6739,-122.289,2760,5850,971000
1970,2,2.5,2.0,0,0,3,7,2000,0,98144,47.5875,-122.314,2090,9220,445000
1490,3,2.0,1.0,0,0,5,8,1990,0,98133,47.7345,-122.344,1530,6370,448000
1410,4,2.25,2.0,0,0,5,6,1926,2015,98117,47.6756,-122.364,1720,11790,618000
1130,3,1.5,2.0,0,0,3,7,1957,0,98125,47.7238,-122.303,1020,19950,306000
1430,3,2.0,2.0,0,0,3,7,1954,0,98004,47.6307,-122.211,1580,3940,757000
1470,4,1.75,1.0,0,0,3,7,2011,0,98004,47.6184,-122.208,1330,5750,770000
2030,4,2.5,1.0,0,0,3,7,1943,0,98042,47.3713,-122.112,2040,6900,282000
1900,3,2.5,1.0,0,0,5,8,1934,1989,98178,47.4975,-122.263,1330,9280,453000
1720,4,2.0,2.0,0,0,4,7,1937,0,98178,47.4953,-122.263,1490,7420,398000
1610,3,2.5,2.0,0,0,3,8,1912,0,98031,47.4125,-122.183,1820,4040,330000
2370,4,3.0,1.5,0,0,3,9,1988,0,98052,47.6935,-122.12,1510,2140,986000
1420,3,1.75,1.0,0,0,3,7,1912,0,98178,47.5016,-122.255,1380,2860,359000
940,2,1.75,1.0,0,0,3,6,2015,0,98103,47.673,-122.33,1100,22620,286000
1020,2,1.5,1.0,0,1,3,5,1988,0,98125,47.7093,-122.298,1090,5700,303000
1790,4,2.5,1.0,0,0,5,9,1941,0,98106,47.5312,-122.338,1450,6430,498000
1920,3,1.75,1.0,0,0,3,7,2009,0,98042,47.3652,-122.09,2190,11520,322000
1800,4,1.5,1.0,0,0,3,7,1971,0,98023,47.3172,-122.36,1610,7490,401000
1530,2,2.25,1.5,0,0,4,7,1909,0,98133,47.7454,-122.352,1650,5300,318000
2900,5,3.5,2.0,0,0,3,7,1928,0,98106,47.5106,-122.328,2610,7310,520000
1900,4,3.25,1.0,0,0,3,7,1927,0,98125,47.7253,-122.291,1180,5940,380000
2680,6,3.5,2.0,0,0,4,9,1971,0,98052,47.6679,-122.111,2210,7630,872000
1420,2,2.25,3.0,0,0,3,7,2011,0,98033,47.6753,-122.203,1310,7970,446000
950,2,1.75,2.0,0,0,5,6,1949,0,98115,47.6899,-122.29,920,5940,335000
2240,5,2.5,2.0,0,2,3,7,2011,0,98033,47.6883,-122.204,1420,12150,1175000
2510,4,3.75,1.5,0,0,3,9,2001,0,98042,47.3784,-122.115,2300,17170,422000
2320,4,3.25,2.0,0,1,3,8,1916,0,98199,47.646,-122.394,1850,8350,1153000
2640,5,3.0,3.0,0,0,3,8,1997,0,98115,47.6876,-122.298,3140,10650,744000
3220,6,4.25,1.5,0,0,4,9,1961,0,98112,47.6293,-122.301,3580,9760,1236000
1960,4,2.0,2.0,0,2,4,6,1971,0,98106,47.5337,-122.353,1730,8610,363000
1210,2,2.75,2.0,0,4,3,6,1949,0,98199,47.6285,-122.413,730,2880,384000
4300,7,5.0,1.0,0,0,3,12,1966,0,98033,47.6969,-122.196,4230,7890,2380000
2700,5,2.75,2.0,0,0,4,8,1947,0,98023,47.305,-122.368,1740,7320,498000
940,2,1.75,2.0,0,2,3,6,1999,0,98031,47.3912,-122.186,600,9260,195000
950,2,2.0,1.0,0,0,3,6,1971,0,98033,47.6603,-122.188,940,8620,372000
1910,4,2.25,1.0,0,3,4,7,1911,0,98115,47.701,-122.292,1230,8920,707000
1670,2,2.5,1.0,0,0,4,7,1982,0,98112,47.6291,-122.291,1650,7650,897000
1600,3,2.25,2.0,0,0,4,7,1995,0,98059,47.4594,-122.138,1160,12880,376000
2490,5,2.5,2.0,0,0,4,8,1983,0,98031,47.401,-122.176,2460,4450,505000
2360,5,4.0,1.0,0,0,3,7,1926,0,98178,47.4956,-122.242,1830,17670,373000
610,1,0.75,1.0,0,0,4,6,1942,0,98052,47.6775,-122.105,680,10810,232000
1460,2,1.5,1.0,0,0,4,7,1992,0,98103,47.6792,-122.325,1240,5450,578000
1240,4,1.5,2.0,0,0,3,7,2005,0,98118,47.5616,-122.269,1030,1860,300000
2180,4,2.5,1.5,0,0,3,7,1995,0,98052,47.6734,-122.137,1440,9290,778000
3350,7,3.75,1.0,0,0,4,8,1913,0,98115,47.6828,-122.292,3660,2400,920000
2470,6,2.75,1.0,0,0,3,7,1938,0,98118,47.523,-122.274,2080,5190,478000
1850,2,3.5,1.0,0,0,3,7,1923,0,98033,47.6733,-122.187,810,10240,670000
3490,7,4.5,1.0,0,0,3,10,1974,0,98004,47.6188,-122.205,2910,3190,1643000
1650,2,2.0,1.0,0,0,3,8,2001,0,98031,47.419,-122.192,1770,7650,312000
1240,3,1.75,2.0,0,0,4,6,1966,0,98133,47.7469,-122.344,1060,6370,292000
3060,7,3.75,1.0,0,0,3,8,1950,0,98004,47.6122,-122.202,2520,4860,1212000
1620,3,2.25,1.5,0,0,3,8,1992,0,98125,47.7253,-122.312,1580,17580,391000
1440,3,2.75,1.0,0,0,3,8,1936,0,98117,47.6813,-122.363,1550,12610,425000
1670,4,2.25,2.0,0,0,5,8,1963,2013,98199,47.6419,-122.406,1530,10060,906000
2480,5,3.5,2.0,0,0,4,8,2010,0,98023,47.3051,-122.372,1370,7590,497000
1770,4,3.25,3.0,0,0,3,8,2001,0,98117,47.6814,-122.382,1830,4930,457000
1930,5,2.5,2.0,0,0,4,8,1934,0,98112,47.6492,-122.312,1980,3300,907000
2630,4,3.0,1.5,0,0,3,9,1998,0,98103,47.6673,-122.334,4180,13870,979000
1960,4,2.75,1.0,0,0,4,7,1983,0,98052,47.6615,-122.114,1820,6620,857000
5390,7,5.5,2.0,0,0,3,12,1960,0,98103,47.6703,-122.333,3180,14970,2245000
4330,7,4.75,1.0,0,0,3,11,2012,0,98042,47.3825,-122.088,4670,6230,975000
1250,3,1.0,2.0,0,0,3,6,1928,0,98125,47.706,-122.295,890,4890,300000
1840,3,1.75,1.0,0,0,4,6,1945,0,98115,47.7148,-122.292,1340,10500,479000
2350,4,3.0,1.0,0,0,4,7,1949,2010,98023,47.3052,-122.349,2040,11050,470000
1880,4,1.5,2.0,0,0,3,9,1905,0,98059,47.4764,-122.118,1540,6130,479000
2990,4,3.5,1.5,0,3,4,9,2013,0,98178,47.4825,-122.246,2340,9960,1037000
1950,3,2.25,2.0,0,0,3,8,2006,0,98178,47.4944,-122.255,1450,9830,389000
1530,4,2.25,1.0,0,0,4,6,1973,0,98059,47.4709,-122.157,1140,6440,342000
2040,4,2.25,1.0,0,0,4,7,1952,0,98031,47.4056,-122.194,1910,4760,339000
2420,4,2.25,1.0,0,3,3,7,1963,0,98144,47.5901,-122.299,1950,7860,788000
1650,3,1.5,1.0,0,0,4,6,1918,0,98144,47.5887,-122.29,1210,1780,417000
2050,3,3.0,1.5,0,1,3,8,1904,0,98112,47.635,-122.303,1840,11740,1022000
2250,3,3.0,2.0,0,0,5,7,1971,0,98144,47.5976,-122.296,2160,3770,573000
1430,4,2.0,1.0,0,0,3,5,1980,0,98178,47.4895,-122.237,1170,7380,234000
1460,3,1.75,1.0,0,0,3,6,1981,0,98125,47.7267,-122.317,1490,2920,316000
1750,2,2.75,2.0,0,0,3,6,2010,0,98103,47.6699,-122.328,1490,8260,626000
1470,4,2.5,1.0,0,0,4,6,1987,0,98004,47.6476,-122.192,1210,9800,729000
2840,5,3.25,1.0,0,0,4,9,1909,0,98133,47.7581,-122.345,2060,7090,644000
1560,3,1.75,1.0,0,0,3,7,1974,1997,98133,47.7576,-122.333,1240,7740,389000
2390,4,2.25,2.0,0,2,3,6,1951,0,98059,47.4634,-122.133,2140,3220,617000
1200,3,1.75,1.0,0,0,3,6,1931,0,98115,47.669,-122.322,1020,8620,384000
1400,2,1.5,1.5,0,0,2,7,1953,0,98178,47.4658,-122.242,1410,11740,223000
1520,3,3.0,1.0,0,0,4,7,2012,0,98144,47.5611,-122.301,930,5460,373000
2140,3,3.25,2.0,0,0,3,7,1924,0,98117,47.663,-122.351,2350,14960,559000
1800,5,2.5,2.0,0,0,4,7,1902,0,98106,47.5211,-122.342,1390,6460,353000
1210,3,1.75,3.0,0,2,5,8,1937,0,98106,47.5439,-122.355,1290,8210,293000
1150,1,1.75,2.0,0,0,3,7,2003,0,98052,47.667,-122.112,1190,10580,454000
1520,2,2.25,2.0,0,0,2,6,1988,0,98106,47.541,-122.351,1770,8720,286000
2740,6,3.25,2.0,0,0,3,9,1917,0,98112,47.627,-122.301,2460,8620,1442000
890,1,1.25,1.0,0,0,4,6,2013,0,98118,47.5412,-122.276,740,8160,178000
1310,2,1.75,1.0,0,1,3,6,1980,0,98125,47.7164,-122.301,860,4100,323000
1430,3,1.75,1.0,0,0,3,7,1932,0,98004,47.6208,-122.219,1310,6680,562000
1880,3,2.25,1.0,0,0,4,5,1991,0,98178,47.5094,-122.242,1810,6690,324000
3580,7,4.5,2.0,0,0,4,10,1976,0,98178,47.4812,-122.242,3560,8720,733000
3940,7,4.25,1.0,0,0,3,12,1938,0,98103,47.6615,-122.356,3830,6500,1368000
2370,5,3.0,2.0,0,0,3,8,1916,0,98199,47.665,-122.425,2340,6450,1105000
1090,2,1.5,1.0,0,0,3,5,1910,0,98103,47.6643,-122.323,780,8790,346000
1780,3,2.75,2.0,0,0,3,7,1950,0,98199,47.6587,-122.409,1450,14480,654000
2020,4,2.75,2.0,0,0,4,8,1967,0,98133,47.7644,-122.333,1800,10340,456000
2350,4,2.25,1.0,0,0,4,8,1998,0,98118,47.523,-122.256,1520,3680,515000
1460,3,1.75,1.0,0,0,5,6,2003,0,98103,47.6748,-122.326,1510,8650,476000
1470,3,2.0,2.0,0,0,4,7,1942,0,98031,47.4018,-122.201,1390,4000,265000
2130,5,2.5,2.0,0,0,3,8,1931,0,98118,47.5342,-122.268,1700,12750,430000
2250,4,3.0,1.0,0,0,4,8,1966,0,98125,47.7121,-122.279,1340,5470,603000
1430,4,1.75,1.0,0,0,3,7,2004,0,98199,47.6263,-122.402,1750,12180,454000
1530,2,2.5,1.0,0,0,4,7,1916,0,98042,47.3651,-122.126,740,13850,251000
1910,4,2.75,1.0,0,0,3,7,1975,0,98112,47.6421,-122.302,1990,7310,750000
3300,6,4.0,1.0,0,0,3,9,1912,0,98033,47.6771,-122.192,2490,11570,1209000
2320,6,3.25,1.0,0,0,2,8,1932,0,98112,47.6482,-122.302,1820,5550,882000
1870,4,2.5,1.5,0,0,3,6,1973,0,98059,47.4631,-122.136,1250,9320,279000
2280,4,2.5,2.0,0,0,3,8,1985,0,98042,47.3735,-122.129,1930,2380,336000
2340,5,2.25,2.0,0,0,3,8,2006,0,98199,47.6316,-122.402,2120,11410,722000
2690,4,2.75,1.0,0,0,3,9,1952,0,98103,47.6711,-122.341,2440,6180,689000
3590,7,4.5,2.0,0,0,4,9,1997,0,98023,47.2999,-122.378,2870,7220,641000
2250,4,3.5,1.0,0,0,5,8,1942,0,98115,47.6774,-122.309,1880,5640,853000
560,1,1.75,1.0,0,1,4,5,1945,1985,98106,47.5164,-122.343,630,4180,104000
810,4,1.0,2.0,0,0,3,6,1984,0,98118,47.5423,-122.254,600,10630,121000
1940,4,2.75,2.0,0,0,3,7,1951,0,98103,47.677,-122.339,1550,3000,589000
1570,4,2.25,1.0,0,0,3,7,1934,0,98059,47.503,-122.148,1490,4870,356000
840,2,1.25,2.0,0,0,3,6,1958,0,98178,47.492,-122.244,620,4400,137000
1820,4,2.5,1.0,0,0,3,7,1971,0,98117,47.6918,-122.397,1880,10850,547000
1890,4,2.25,1.0,0,0,4,7,1938,0,98178,47.5261,-122.238,1350,13780,356000
1170,3,1.5,2.0,0,2,3,7,1958,0,98112,47.6454,-122.29,1040,7910,616000
840,2,1.5,1.0,0,0,3,7,2014,0,98133,47.7455,-122.327,600,4090,198000
3260,7,3.75,1.5,0,0,5,9,1984,0,98103,47.6533,-122.342,3410,7870,870000
2300,5,2.5,2.0,0,0,4,7,1950,0,98133,47.7413,-122.347,2060,24950,562000
1120,2,1.5,1.0,0,0,5,7,1934,0,98112,47.6282,-122.303,1230,16260,622000
2870,5,3.25,2.0,0,0,3,9,1986,0,98133,47.7444,-122.336,2570,7550,703000
2450,5,3.0,3.0,0,0,3,7,1941,0,98133,47.7446,-122.347,2400,4490,666000
1720,3,2.25,1.0,0,0,3,6,1928,0,98178,47.4771,-122.246,1410,4620,330000
1520,2,1.5,1.0,0,0,4,5,1986,0,98117,47.6875,-122.373,1670,6680,344000
2400,5,3.25,2.0,0,0,5,9,1950,0,98115,47.6954,-122.291,2600,2450,941000
1430,3,2.0,2.0,0,0,3,6,1980,0,98031,47.4127,-122.208,1370,10670,206000
1370,3,1.75,2.0,1,4,3,6,2013,0,98103,47.6755,-122.343,1130,4880,1003000
1620,3,2.5,1.0,0,0,3,7,2012,0,98033,47.6627,-122.199,1130,4780,974000
1680,3,2.0,1.0,0,2,4,6,1999,0,98033,47.6714,-122.192,1670,5090,648000
2580,5,4.0,2.0,0,0,3,8,1969,0,98052,47.6725,-122.128,2530,10250,918000
1480,3,2.0,2.0,0,0,4,5,2000,0,98059,47.4936,-122.139,1210,3650,381000
2260,4,3.0,2.0,0,0,4,8,2010,0,98052,47.6712,-122.126,2640,5120,827000
1740,5,2.25,2.0,0,0,4,6,1956,0,98178,47.509,-122.23,1940,4140,308000
1580,3,2.25,1.0,0,0,3,6,1947,0,98042,47.3646,-122.112,2130,8290,201000
2360,6,3.0,2.0,0,0,4,8,1928,0,98052,47.6957,-122.116,3100,18010,1054000
1530,4,1.5,1.0,0,0,4,7,1933,0,98103,47.6788,-122.364,1880,5450,517000
1040,3,2.0,2.0,0,0,3,6,1956,0,98031,47.4237,-122.185,990,6860,199000
1890,5,2.5,1.0,0,0,4,9,1979,0,98052,47.6722,-122.135,1560,4860,684000
2540,3,2.75,1.5,0,0,4,8,2003,0,98115,47.6919,-122.303,2120,8660,892000
1290,3,2.75,1.0,0,0,3,6,1964,1997,98115,47.6826,-122.288,1400,10250,448000
2550,6,3.5,1.0,0,0,3,8,1903,0,98178,47.5011,-122.243,2650,5210,449000
1760,3,2.25,1.0,0,0,3,7,1992,0,98144,47.5724,-122.283,1840,6060,479000
1840,4,3.0,2.0,0,0,3,7,1908,0,98133,47.7551,-122.343,1080,8100,502000
1270,3,1.75,1.0,0,2,3,6,1964,0,98125,47.7045,-122.309,1090,13790,298000
1920,4,2.25,2.0,0,0,4,7,1981,0,98178,47.4962,-122.239,1900,5410,351000
2220,5,2.75,1.0,0,0,3,8,1998,0,98042,47.3638,-122.098,2420,13120,385000
1470,2,2.0,1.5,0,0,3,6,1976,1985,98106,47.5463,-122.325,1330,4300,245000
2670,5,3.5,2.0,0,0,3,10,2008,0,98004,47.6178,-122.23,1630,11030,1645000
1440,4,2.0,1.0,0,0,3,6,1917,0,98117,47.6838,-122.38,1250,2900,356000
2820,6,3.5,2.0,0,0,4,9,1932,0,98144,47.5844,-122.302,3380,10240,915000
2520,5,3.0,2.0,0,0,4,8,1997,0,98052,47.6774,-122.107,2560,15060,878000
1380,3,2.0,1.0,0,0,3,6,1920,0,98042,47.3822,-122.121,1050,10880,283000
1400,3,1.75,2.0,0,0,4,6,2005,0,98033,47.6999,-122.228,1300,10950,538000
2060,4,2.5,2.0,0,0,4,7,1954,0,98178,47.4836,-122.239,2180,8840,449000
1680,4,1.0,2.0,0,0,2,6,1980,0,98112,47.6208,-122.317,1130,9730,567000
2610,5,3.5,2.0,0,0,3,10,1962,0,98118,47.5335,-122.265,2440,15370,720000
2270,5,2.75,1.5,0,0,4,8,1951,0,98004,47.624,-122.204,2650,12300,986000
2830,5,3.5,1.0,0,2,4,9,1942,0,98042,47.3602,-122.129,2960,19930,689000
3450,6,4.0,1.0,0,0,4,9,1928,0,98033,47.6753,-122.168,3400,8380,1350000
1670,3,1.75,2.0,0,0,3,7,2005,0,98106,47.5445,-122.372,1810,5430,337000
4190,7,4.5,2.0,0,0,4,12,1911,1999,98052,47.6699,-122.134,3440,6660,1851000
1240,4,2.0,1.0,0,2,3,7,1908,0,98004,47.6178,-122.203,890,6930,804000
1680,3,1.75,2.0,0,0,3,8,1945,0,98004,47.6025,-122.207,1680,8020,1170000
2350,4,3.0,1.0,0,0,4,7,1969,0,98117,47.7017,-122.378,2240,5530,700000
1250,2,2.0,1.0,0,0,3,7,1968,0,98118,47.5409,-122.278,1130,6150,343000
1780,4,2.75,1.0,0,0,3,8,1921,0,98199,47.6523,-122.398,1210,11500,708000
1040,1,1.25,1.0,0,0,3,6,1903,0,98059,47.4801,-122.143,970,6570,199000
2290,5,3.25,2.0,0,0,3,9,1972,0,98031,47.4304,-122.17,2230,3030,501000
2350,5,2.25,2.0,0,0,3,8,1990,0,98115,47.6801,-122.302,2230,14620,674000
3450,6,4.25,2.0,0,0,3,9,1922,0,98052,47.6813,-122.117,3530,6080,1103000
2030,4,2.75,1.0,0,0,5,6,1917,0,98004,47.6453,-122.23,2360,5720,922000
2140,3,2.5,1.0,0,0,3,7,1909,0,98004,47.623,-122.22,2090,4610,1005000
1640,3,2.25,1.0,0,0,3,6,1968,0,98115,47.701,-122.292,1610,7930,429000
2310,4,3.0,1.0,0,0,4,8,2006,0,98023,47.3108,-122.353,1930,14300,419000
1510,4,2.5,1.0,0,0,3,7,1988,0,98118,47.5187,-122.276,1270,9280,358000
1990,3,2.75,3.0,0,0,3,7,1967,0,98103,47.6649,-122.338,1610,6180,690000
870,2,1.25,2.0,0,0,3,6,1909,0,98112,47.6256,-122.295,770,10400,433000
1700,2,2.25,1.0,0,0,4,7,1947,2015,98125,47.7218,-122.284,1510,7810,458000
2300,3,3.0,1.0,0,0,4,7,1977,1986,98004,47.6158,-122.194,1820,5870,961000
2970,6,4.5,1.5,0,0,4,10,1916,0,98117,47.706,-122.375,1200,4360,1018000
2810,5,3.75,2.0,0,0,3,9,1998,0,98033,47.6907,-122.211,2650,8730,1200000
1420,4,2.25,1.0,0,0,4,6,1995,0,98052,47.6653,-122.125,1160,8870,627000
1900,3,2.5,1.0,0,0,3,8,1959,0,98059,47.4963,-122.142,2090,9790,433000
3030,6,3.0,2.0,0,0,3,10,1917,0,98004,47.5859,-122.194,2980,9160,1803000
1730,4,1.5,1.5,0,0,4,8,2010,0,98106,47.5407,-122.343,1610,5780,531000
1830,3,2.0,1.0,0,0,3,7,1928,0,98031,47.4307,-122.185,1300,5620,333000
1230,3,1.25,2.0,0,0,3,7,1982,0,98115,47.7012,-122.295,1160,6000,386000
1640,3,2.25,1.0,0,0,3,7,1922,2009,98118,47.5506,-122.25,1720,3690,415000
6100,7,5.5,1.0,0,0,2,12,1978,0,98144,47.5843,-122.293,5500,3520,2219000
1620,3,1.75,1.5,0,0,3,6,1905,0,98004,47.6114,-122.219,1260,13460,693000
2150,4,3.25,1.0,0,0,3,6,1917,0,98125,47.7266,-122.291,2110,2850,377000
1280,2,1.75,1.0,0,0,3,6,1942,2010,98117,47.6734,-122.372,950,4210,364000
1730,3,2.75,1.0,0,0,4,6,1925,2003,98199,47.6462,-122.409,1620,3830,473000
1010,2,1.0,2.0,0,0,3,7,1987,0,98004,47.6223,-122.207,760,12400,442000
2460,5,3.5,2.0,0,0,3,7,2013,0,98106,47.5276,-122.354,2310,9330,428000
1300,3,1.25,1.0,0,0,3,7,1923,0,98112,47.6384,-122.297,1290,3690,411000
3250,6,4.0,1.5,0,0,5,10,1998,0,98023,47.3095,-122.36,1220,4750,718000
6130,7,5.5,2.0,0,0,3,12,1939,0,98112,47.6196,-122.292,5500,6140,3030000
1240,2,1.75,1.5,0,3,3,5,1958,0,98112,47.6355,-122.288,1120,7990,426000
2320,5,3.0,2.0,0,0,4,8,1974,2011,98023,47.3246,-122.355,2100,5210,443000
2280,4,3.25,1.0,0,0,3,7,1930,0,98106,47.5198,-122.351,2030,4990,441000
1040,2,1.5,1.5,0,0,4,7,2007,0,98103,47.6741,-122.313,980,2790,303000
2050,4,2.0,1.0,0,0,3,6,1985,0,98059,47.4745,-122.123,1780,5700,349000
1390,3,1.5,1.0,0,0,3,7,1911,0,98106,47.5332,-122.349,1990,4000,264000
2170,4,2.5,1.0,0,3,4,7,1952,0,98117,47.709,-122.374,2120,4510,816000
1340,3,1.75,1.0,0,0,4,7,1939,0,98004,47.6195,-122.22,830,10950,808000
1860,3,2.5,1.0,0,0,3,6,1969,0,98042,47.3641,-122.12,1450,9570,336000
2300,5,3.25,1.0,0,2,3,8,1939,0,98106,47.5528,-122.34,2520,7060,433000
2180,4,2.25,1.0,0,0,3,7,1907,0,98118,47.5355,-122.267,1710,16450,456000
1740,5,2.5,1.0,0,0,4,8,2013,0,98033,47.6736,-122.172,1330,9510,644000
1580,3,2.75,1.0,0,0,3,8,1935,0,98178,47.506,-122.247,1060,11140,307000
1830,4,2.0,2.0,0,0,4,7,2007,0,98112,47.6206,-122.311,1550,4470,657000
1470,3,2.0,1.0,0,0,4,8,1938,0,98117,47.6761,-122.385,1710,15640,365000
2410,5,2.75,1.5,0,4,3,7,1997,0,98004,47.5995,-122.211,2680,10520,1680000
2710,4,3.25,1.0,0,2,3,9,1986,0,98115,47.701,-122.342,3110,5180,941000
1000,3,1.25,2.0,0,0,3,7,1962,0,98144,47.5828,-122.298,670,13000,357000
1400,3,1.75,2.0,0,0,4,7,2010,0,98133,47.7509,-122.341,1360,5990,323000
1690,4,3.0,1.0,0,0,3,6,1928,0,98031,47.4183,-122.186,1420,7150,259000
2670,5,3.0,1.0,0,0,3,7,1906,2013,98199,47.6499,-122.412,2050,6590,750000
1310,1,2.25,2.0,0,0,3,7,1956,0,98115,47.6811,-122.309,1190,12160,440000
1360,3,2.25,3.0,0,0,3,5,1940,0,98118,47.5484,-122.283,950,13370,226000
1400,3,2.0,2.0,0,0,4,7,1959,0,98144,47.5688,-122.306,1090,6360,378000
1160,4,1.75,2.0,0,0,3,7,1990,0,98059,47.4589,-122.125,1080,5930,279000
2030,3,2.25,3.0,0,0,4,8,1973,0,98178,47.5113,-122.247,1700,9960,499000
1600,5,2.0,3.0,0,0,3,6,1994,0,98178,47.5024,-122.221,1320,9180,297000
1720,3,2.75,2.0,0,0,5,7,2001,0,98144,47.5746,-122.298,1650,3490,518000
2680,5,3.5,1.0,0,0,3,9,1956,0,98125,47.7095,-122.289,2630,10150,684000
1700,4,2.25,1.0,0,1,3,8,1939,0,98144,47.6024,-122.297,620,6300,634000
2000,3,2.75,1.0,0,0,3,8,1913,0,98199,47.6624,-122.391,1770,8040,529000
1340,3,1.5,1.0,0,0,4,7,1968,0,98033,47.6794,-122.183,1020,14660,469000
2860,6,2.75,2.0,0,0,3,9,1932,0,98106,47.5552,-122.351,2410,4520,533000
2620,4,3.25,2.0,0,0,3,8,1924,2004,98125,47.7134,-122.3,1900,4480,633000
4690,7,5.5,1.0,0,0,4,12,1922,0,98178,47.4996,-122.241,3990,6450,1164000
2260,6,3.0,2.0,0,0,3,7,2011,0,98023,47.2961,-122.352,2430,4920,372000
1170,2,2.0,1.0,0,0,3,7,1916,0,98118,47.5242,-122.264,700,4040,294000
1470,2,2.0,1.5,0,3,5,7,1921,0,98059,47.4803,-122.13,1480,9980,371000
1630,3,2.25,1.0,0,2,3,7,2006,0,98031,47.4328,-122.184,1430,12850,327000
2830,5,3.5,1.5,0,1,5,8,1950,0,98199,47.6234,-122.397,3280,4040,1125000
2050,5,2.25,1.0,0,0,4,8,1940,0,98033,47.7206,-122.2,1810,3060,740000
1670,4,2.0,1.0,0,0,4,7,1903,0,98023,47.295,-122.358,1530,7670,322000
1720,3,2.0,1.0,0,0,3,6,1950,1995,98115,47.6846,-122.31,1430,6420,593000
2000,4,3.0,1.0,0,0,4,8,1912,0,98115,47.6806,-122.3,1460,27950,675000
1570,3,1.75,2.0,0,0,3,7,1901,0,98059,47.4723,-122.144,1710,6550,304000
2510,5,3.5,2.0,0,2,3,7,1992,0,98103,47.6774,-122.34,1970,5560,795000
1740,4,2.5,1.5,0,1,3,7,1980,0,98004,47.6242,-122.223,1200,3960,898000
1410,4,1.75,2.0,0,0,3,7,1939,0,98033,47.6696,-122.202,960,5200,693000
1900,4,2.25,1.0,0,0,4,7,1930,0,98133,47.7463,-122.34,1660,6410,468000
1700,4,1.5,2.0,0,0,4,5,1973,0,98125,47.7058,-122.297,1680,12770,332000
1170,3,1.75,1.0,0,0,4,6,1941,0,98112,47.6265,-122.3,870,5630,473000
3780,6,3.75,1.0,0,0,2,11,1984,0,98199,47.6679,-122.395,4700,3990,1403000
2410,4,3.0,1.0,0,2,5,8,2009,0,98031,47.4487,-122.175,1890,4750,707000
1260,3,2.0,2.0,0,0,4,7,1959,0,98023,47.2974,-122.385,920,12950,199000
860,2,0.75,2.0,0,0,3,5,1992,0,98031,47.4012,-122.211,670,11270,180000
1210,3,2.25,1.0,0,0,3,7,1959,0,98133,47.7581,-122.369,1390,6650,291000
2040,5,2.5,1.0,0,0,3,7,1930,0,98106,47.5432,-122.333,1860,9670,400000
880,3,1.0,1.0,0,0,3,5,1995,0,98144,47.5941,-122.292,790,4530,193000
2370,3,3.5,1.0,0,3,3,10,1949,0,98023,47.3257,-122.376,2800,11020,616000
1780,5,2.25,2.0,0,0,3,6,2011,0,98042,47.3689,-122.113,1090,7650,318000
1240,3,1.25,1.0,0,0,4,7,1924,1993,98199,47.6606,-122.395,1110,4800,379000
2100,5,2.25,2.0,0,0,3,8,1951,0,98033,47.703,-122.175,2000,8370,786000
1640,3,1.5,1.0,0,0,2,7,1946,0,98117,47.6843,-122.401,1240,3260,476000
2080,4,2.75,1.0,0,0,3,8,1948,0,98004,47.6233,-122.206,1590,5350,970000
2240,6,2.75,1.0,0,3,3,7,1986,0,98042,47.372,-122.134,1480,4980,515000
1520,3,2.75,1.0,0,0,4,8,1928,0,98178,47.4781,-122.234,1840,4420,217000
2260,4,2.25,1.5,0,0,3,8,1951,0,98199,47.6349,-122.392,2510,6540,747000
1300,3,2.25,2.0,0,1,3,7,1918,0,98042,47.378,-122.123,1600,10590,192000
1830,4,3.0,3.0,0,0,3,7,1919,0,98033,47.68,-122.209,1990,2120,739000
1790,4,2.5,1.5,0,1,4,5,1989,0,98125,47.6911,-122.297,1590,4490,551000
1050,1,1.5,1.0,0,0,4,7,1982,0,98178,47.5089,-122.236,1270,6790,225000
2810,4,3.5,3.0,0,0,3,9,1968,0,98004,47.6051,-122.222,2320,11420,1395000
3280,6,3.0,1.0,0,0,5,9,1914,0,98004,47.6179,-122.208,3280,4400,2341000
1480,3,1.75,2.0,0,0,4,6,1927,0,98103,47.6676,-122.32,1400,10750,421000
3900,7,4.25,2.0,0,0,4,11,1969,0,98059,47.4795,-122.139,3410,12190,1252000
1550,3,1.75,2.0,0,0,3,7,1906,0,98125,47.6977,-122.292,2020,8790,332000
1850,4,2.25,1.0,0,0,3,8,1967,0,98118,47.5323,-122.245,1540,7380,407000
1850,4,1.75,2.0,0,0,3,7,2003,0,98112,47.6391,-122.283,1300,6380,806000
1650,4,2.5,2.0,0,0,4,7,1946,0,98199,47.6587,-122.414,1570,11330,630000
1680,3,2.25,1.0,0,0,3,7,1926,1985,98125,47.7135,-122.301,1960,4760,388000
1930,3,2.0,1.5,0,0,3,7,1907,0,98004,47.6118,-122.199,1600,10670,945000
1940,3,2.0,1.0,0,0,3,8,1902,0,98125,47.7295,-122.306,1890,7650,518000
2540,3,4.0,1.5,0,0,5,7,1986,0,98133,47.7629,-122.356,2450,14390,623000
1910,4,2.5,1.0,0,0,3,7,2009,0,98106,47.5516,-122.365,1530,10170,377000
4020,7,5.5,1.5,0,3,3,11,1913,0,98106,47.5291,-122.324,4370,5330,1158000
1700,4,2.0,1.0,0,0,3,8,1932,0,98199,47.6341,-122.402,1290,6500,606000
2230,4,2.75,1.0,0,0,5,6,1933,0,98052,47.6704,-122.109,2090,5010,912000
2220,4,2.75,1.0,0,0,3,9,1945,0,98117,47.6964,-122.371,2050,9150,582000
970,2,1.75,3.0,0,0,3,6,1949,0,98133,47.7421,-122.347,820,8990,175000
1290,3,1.25,1.0,0,0,3,7,1937,0,98103,47.6547,-122.328,850,12830,435000
1650,2,2.5,2.0,0,0,4,6,1935,0,98133,47.7545,-122.338,1640,3420,277000
1890,3,2.75,1.0,0,0,2,8,1915,0,98199,47.674,-122.418,1920,8060,620000
1820,3,3.25,2.0,0,2,4,7,1902,0,98042,47.3867,-122.107,1000,10440,447000
1510,3,2.5,1.0,0,0,3,5,1917,0,98031,47.4219,-122.217,1370,5110,264000
2700,5,3.25,2.0,0,0,5,9,1956,0,98125,47.7214,-122.288,2260,19540,759000
1880,3,2.5,1.0,0,0,3,7,1925,0,98042,47.3612,-122.109,1720,2390,337000
2830,6,3.25,1.0,0,0,3,9,1987,0,98103,47.664,-122.345,3640,3400,891000
2610,5,3.0,1.0,0,0,3,8,1933,0,98004,47.6225,-122.211,2760,5520,1032000
2010,4,3.25,2.0,0,0,4,6,1980,0,98033,47.6703,-122.213,1710,7970,676000
1590,3,2.5,1.0,0,0,4,7,2000,0,98023,47.3301,-122.361,1920,6100,327000
1850,3,2.5,2.0,0,0,3,7,1906,0,98199,47.6519,-122.395,1690,7860,506000
2480,6,3.25,1.0,0,0,3,8,1969,0,98031,47.4146,-122.199,2100,4770,402000
2020,3,3.25,1.0,0,0,3,9,1982,0,98059,47.4862,-122.143,2370,6350,533000
2300,4,3.0,2.0,0,0,3,9,1977,0,98103,47.6903,-122.348,2280,4880,807000
1310,2,1.75,1.0,0,0,3,7,1989,0,98144,47.6009,-122.278,1180,15470,335000
2760,5,3.25,1.0,0,0,2,8,1944,2004,98199,47.6414,-122.397,3670,5370,1239000
1280,3,1.75,2.0,0,3,3,6,1913,0,98052,47.6962,-122.135,1240,7460,525000
2210,5,2.75,2.0,0,0,5,9,1960,2003,98052,47.6656,-122.097,1920,5630,1092000
1840,3,2.5,2.0,0,2,4,6,1952,0,98106,47.5146,-122.351,1470,8360,411000
1740,3,3.0,1.5,0,0,3,7,1981,0,98106,47.5566,-122.34,1530,11020,367000
3240,6,4.25,2.0,0,0,3,10,1985,0,98042,47.362,-122.116,3040,11020,693000
2330,4,2.5,1.0,0,0,3,7,2008,0,98004,47.6118,-122.221,1820,11990,1162000
2960,6,4.0,1.0,0,0,4,8,1988,0,98133,47.7476,-122.348,2350,2750,821000
3220,6,4.5,1.0,0,0,4,9,1902,0,98118,47.5453,-122.259,3640,6090,652000
1200,1,1.5,1.0,0,0,3,6,1954,0,98117,47.6839,-122.375,1460,2440,316000
1510,2,2.0,2.0,0,0,3,7,1995,0,98033,47.6841,-122.196,1610,7810,577000
1780,4,2.25,1.0,0,3,5,7,1935,0,98106,47.5511,-122.347,1630,5310,409000
1760,5,2.75,1.5,0,0,4,7,1952,0,98199,47.6304,-122.401,1440,3630,702000
1050,2,2.25,1.0,0,0,3,6,1936,0,98031,47.426,-122.193,850,9260,168000
3400,7,4.75,1.0,0,0,3,10,1994,0,98042,47.3838,-122.117,3310,5460,591000
1160,3,1.75,2.0,0,0,2,5,1912,0,98023,47.2935,-122.373,1010,17850,142000
4500,7,5.0,1.0,0,0,3,11,1946,0,98144,47.5837,-122.288,4350,4860,1527000
2730,5,3.5,2.0,0,0,3,8,1970,0,98059,47.4626,-122.142,1280,22850,717000
2040,4,2.5,2.0,0,0,3,6,1989,0,98023,47.3194,-122.384,1990,4750,289000
1090,3,1.25,1.0,0,0,3,7,2010,0,98052,47.6852,-122.143,1330,7490,397000
1800,5,2.25,2.0,0,0,3,7,1994,0,98133,47.7526,-122.329,1970,12570,367000
2430,4,3.0,2.0,0,0,3,7,1998,0,98115,47.6709,-122.303,1770,8200,876000
2370,4,2.5,2.0,0,0,3,7,1990,0,98023,47.3085,-122.376,2480,22220,391000
2410,4,3.0,1.0,0,0,2,8,1978,0,98106,47.5349,-122.355,2710,16950,397000
2870,6,2.75,1.5,0,0,3,9,2002,0,98118,47.5487,-122.275,1320,6150,725000
2330,4,2.75,2.0,0,0,4,7,1996,0,98115,47.6996,-122.292,1930,6170,634000
2070,4,2.25,1.0,0,0,4,7,1915,0,98112,47.6357,-122.294,2210,10770,764000
2970,5,3.0,2.0,0,0,3,8,1940,0,98059,47.4809,-122.137,2270,10120,507000
940,1,1.0,1.0,0,0,3,5,1998,0,98118,47.5652,-122.286,840,9560,172000
2200,4,3.25,2.0,0,0,3,9,1951,0,98052,47.6925,-122.118,2420,15290,856000
1440,3,1.5,2.0,0,0,3,8,1969,0,98052,47.6696,-122.099,1410,8350,527000
1850,5,2.75,2.0,0,0,3,7,2007,0,98112,47.6369,-122.295,1780,3780,812000
3380,7,4.25,1.0,0,0,3,10,1990,0,98118,47.5334,-122.281,3580,3510,942000
2530,5,3.25,1.0,0,0,3,9,1931,0,98115,47.6786,-122.312,1830,4780,836000
2320,4,2.25,1.5,0,0,3,8,1906,0,98023,47.3208,-122.362,2230,3160,375000
1970,4,2.25,1.0,0,0,3,8,1919,0,98023,47.2947,-122.387,1970,10130,353000
1550,4,2.5,1.0,0,0,5,7,1906,0,98106,47.5396,-122.354,1540,9030,409000
2430,4,3.0,2.0,0,2,4,8,2010,0,98178,47.4991,-122.257,2180,5220,664000
1800,4,3.0,1.0,0,0,3,8,1928,2006,98199,47.6639,-122.382,1940,3530,803000
1970,4,2.5,2.0,0,0,3,7,1942,0,98178,47.4734,-122.235,1760,7020,326000
2280,4,3.25,1.0,0,0,3,9,2013,0,98117,47.6939,-122.386,1660,3270,921000
1130,2,1.5,1.0,0,0,4,6,2012,0,98059,47.4953,-122.133,740,5540,281000
1110,3,1.75,1.0,0,0,3,6,2014,0,98033,47.6726,-122.212,810,3650,423000
3830,6,5.25,1.5,0,0,4,11,1927,0,98103,47.693,-122.352,3800,3830,1431000
1550,3,1.75,2.0,0,1,3,7,1903,0,98031,47.4061,-122.187,1180,12480,240000
2810,4,4.0,2.0,0,0,4,9,1943,0,98023,47.3072,-122.354,2360,7670,602000
1750,4,2.25,1.0,0,0,3,7,1920,0,98199,47.6363,-122.385,1790,12470,494000
2050,3,2.5,2.0,0,0,4,7,1905,0,98125,47.7227,-122.281,1540,8970,524000
2050,3,2.25,2.0,0,0,4,7,1926,0,98178,47.4737,-122.256,2290,5040,486000
2370,6,3.0,1.0,0,0,4,7,1922,0,98023,47.2837,-122.358,2950,6460,374000
1300,3,1.25,1.0,0,0,3,6,2007,0,98023,47.315,-122.356,1150,9860,252000
1810,3,2.75,1.0,0,0,3,5,1908,0,98042,47.3357,-122.115,1640,10210,224000
2740,5,4.25,2.0,0,4,5,9,2011,0,98042,47.3572,-122.114,2490,6480,592000
3350,7,4.0,1.0,0,2,3,9,2005,0,98033,47.6659,-122.212,3410,6350,1829000
1120,3,1.0,2.0,0,0,3,6,2000,0,98125,47.7303,-122.289,1210,5390,285000
2280,4,3.0,1.0,0,0,3,7,1973,0,98112,47.6163,-122.311,1770,5350,870000
1280,3,2.0,1.0,0,2,4,7,1980,0,98033,47.691,-122.194,1190,8280,712000
4340,7,4.75,2.0,0,0,3,10,1981,0,98118,47.5433,-122.281,4410,12610,755000
1540,5,1.75,1.0,0,2,5,6,1907,0,98042,47.3685,-122.123,900,13050,455000
1140,2,2.0,2.0,0,0,4,7,1930,2012,98004,47.6028,-122.188,710,5190,482000
1110,3,1.5,2.0,0,4,1,5,1956,0,98118,47.5316,-122.278,1360,8100,213000
3350,7,3.5,2.0,0,0,4,8,1989,0,98103,47.6789,-122.339,2910,8310,1130000
3250,6,3.75,1.0,0,0,3,9,1935,0,98199,47.6523,-122.392,3710,6980,853000
1180,2,1.25,2.0,0,0,3,6,1993,0,98117,47.6745,-122.369,960,3490,312000
2010,3,2.75,3.0,0,0,3,7,1936,0,98106,47.5534,-122.339,2040,12010,299000
640,2,0.75,1.0,0,0,5,5,1952,0,98118,47.5647,-122.265,600,8460,113000
950,3,1.25,1.0,0,0,4,6,1907,0,98112,47.6281,-122.295,840,10290,436000
1610,4,2.0,2.0,0,0,3,6,1996,0,98112,47.6331,-122.306,1940,10370,684000
1860,4,2.0,1.0,0,0,5,8,1927,0,98042,47.3903,-122.095,1840,5170,433000
1740,5,2.5,2.0,0,0,4,7,1998,0,98004,47.6146,-122.196,1560,5040,768000
1320,4,2.75,3.0,0,4,5,6,1968,0,98199,47.6692,-122.411,980,3700,594000
1590,4,2.75,1.0,0,0,3,8,1962,0,98178,47.4808,-122.26,1400,8140,356000
2270,4,3.25,2.0,0,0,3,7,1991,0,98144,47.586,-122.303,1430,8530,573000
1140,2,1.5,1.0,0,0,4,7,1974,0,98118,47.5189,-122.285,690,6690,267000
1470,2,2.5,1.0,0,0,5,7,1910,0,98023,47.3392,-122.36,1300,10380,284000
3820,7,4.5,1.0,0,0,3,11,1955,0,98103,47.6783,-122.352,4280,6430,1348000
2550,5,3.0,1.0,0,0,4,8,1956,0,98178,47.5175,-122.238,2730,11180,462000
1300,3,1.75,2.0,0,4,2,6,1957,0,98052,47.6774,-122.099,1050,7660,514000
2120,4,3.0,3.0,0,0,4,6,1950,1993,98115,47.6691,-122.291,1130,7880,709000
1430,3,1.25,2.0,0,0,4,6,1939,0,98103,47.6748,-122.329,1000,4860,422000
1710,5,1.75,1.0,1,3,3,7,2005,0,98118,47.542,-122.258,1250,6410,705000
1760,3,2.0,2.0,0,0,4,8,1921,0,98106,47.5018,-122.371,1240,13880,435000
2170,4,3.0,2.0,0,0,3,8,2006,0,98199,47.6542,-122.409,2020,13450,751000
1100,2,1.75,1.0,0,0,5,5,1975,2008,98042,47.3787,-122.103,1310,9270,222000
2390,5,3.75,1.0,0,0,3,9,2005,0,98106,47.5165,-122.349,2490,11020,523000
5980,7,5.5,3.0,0,0,4,12,1991,0,98117,47.6897,-122.394,5150,12990,2276000
1630,3,2.25,2.0,0,0,3,7,1976,0,98023,47.3117,-122.373,1250,13160,279000
1440,3,1.75,1.0,0,0,4,8,1973,0,98103,47.6633,-122.342,690,4630,451000
1060,2,1.5,1.0,0,0,3,6,1990,0,98144,47.58,-122.298,1320,6020,250000
3660,7,4.25,2.0,0,0,3,10,1911,1992,98112,47.6485,-122.284,2680,12290,1768000
1030,2,1.5,1.0,0,0,3,5,1910,0,98103,47.689,-122.337,670,12950,243000
1340,3,1.25,1.5,0,0,4,7,2005,0,98031,47.4253,-122.184,1410,13030,301000
690,2,1.25,1.0,0,0,3,4,1968,0,98118,47.5458,-122.282,600,3880,126000
1250,2,2.25,1.0,0,0,4,6,2014,0,98042,47.3858,-122.106,920,11100,234000
2160,4,2.75,1.0,0,0,4,7,1955,0,98031,47.397,-122.19,2030,14120,409000
2340,3,2.75,2.0,0,0,3,8,1963,0,98059,47.495,-122.148,2880,6990,499000
3220,6,3.75,1.0,0,0,3,10,2014,0,98103,47.6815,-122.336,1840,9340,1159000
1890,3,1.75,2.0,0,0,3,6,1937,0,98031,47.4049,-122.197,1240,4910,389000
1690,4,2.25,2.0,0,0,4,7,1928,0,98199,47.6583,-122.412,1560,8260,600000
1760,4,2.75,1.0,0,0,3,7,1979,0,98023,47.3004,-122.342,1190,5260,298000
2410,5,2.75,1.0,0,0,3,8,2012,0,98118,47.5413,-122.282,1770,4900,558000
5300,7,5.5,1.5,0,0,4,11,2013,0,98023,47.291,-122.356,5500,7080,1440000
1010,2,1.75,1.0,0,0,4,6,1944,0,98112,47.5899,-122.287,1190,12610,569000
1380,3,2.0,1.0,0,0,4,8,1973,0,98133,47.7235,-122.367,1190,7000,300000
1830,6,2.25,1.0,0,0,3,8,2015,0,98125,47.7264,-122.289,1520,17510,423000
1730,5,2.0,1.0,0,0,3,7,1981,0,98042,47.344,-122.128,1450,8450,300000
2330,5,3.5,1.5,0,0,4,8,1956,0,98112,47.6308,-122.28,2310,6670,1306000
2090,5,2.75,3.0,0,0,3,8,1952,0,98115,47.6735,-122.309,2400,6210,555000
2540,4,2.5,2.0,0,0,3,9,1917,0,98117,47.7018,-122.394,1650,3890,838000
1190,3,1.5,1.0,0,0,3,7,1975,1993,98103,47.6635,-122.345,960,11990,446000
1600,4,1.75,1.0,0,0,4,6,1907,0,98103,47.6725,-122.348,1260,7290,364000
2460,5,2.5,1.5,0,0,4,9,1999,0,98199,47.6425,-122.399,2030,8030,622000
3020,5,3.25,2.0,0,0,4,10,1979,0,98178,47.5119,-122.247,2210,6460,736000
1380,3,1.75,1.0,0,0,3,6,1951,0,98112,47.6318,-122.304,1040,2110,581000
2010,4,2.5,1.0,0,0,3,5,1967,0,98112,47.6516,-122.276,1530,12260,617000
3010,6,3.75,2.0,0,0,3,9,1922,0,98199,47.6516,-122.397,2870,6730,1146000
1670,5,2.0,2.0,0,2,4,8,1922,0,98125,47.7046,-122.31,1850,6970,584000
1620,3,1.75,1.0,0,0,3,7,1975,0,98199,47.6542,-122.41,1050,9440,604000
2100,5,2.75,2.0,0,0,5,8,1900,0,98052,47.6671,-122.131,1690,11440,902000
2530,3,3.0,1.0,0,0,4,9,1953,0,98031,47.4206,-122.186,2260,7890,419000
2110,4,2.5,1.0,0,0,3,8,1969,0,98033,47.687,-122.201,1550,6610,697000
3020,6,3.0,1.0,0,3,4,8,2012,0,98112,47.6283,-122.3,1800,4590,1797000
2210,4,3.5,2.0,0,0,4,8,1920,0,98112,47.6218,-122.284,1930,10670,1219000
2300,5,2.75,2.0,0,0,3,9,1985,0,98023,47.2909,-122.366,2040,10380,378000
1250,3,1.75,2.0,0,2,3,7,1931,0,98052,47.673,-122.13,1130,4470,537000
2320,5,2.0,1.0,0,0,3,9,1976,0,98042,47.3805,-122.091,1610,8070,495000
3240,5,4.5,3.0,0,0,3,8,1971,0,98112,47.6401,-122.295,4230,9110,1518000
2620,5,2.75,1.0,0,0,3,7,1985,0,98118,47.5365,-122.269,2350,8340,449000
2850,6,3.25,2.0,0,0,3,9,1977,0,98031,47.3921,-122.206,3710,7400,550000
3200,6,4.25,2.0,0,0,3,9,1960,0,98115,47.6756,-122.314,3450,2030,1288000
1720,3,2.5,1.0,0,0,2,5,1944,0,98042,47.3659,-122.091,2020,2600,235000
1330,2,1.5,2.0,0,2,3,6,1937,0,98118,47.5492,-122.267,1230,8400,342000
3950,7,4.25,3.0,0,0,4,10,1913,1991,98033,47.6809,-122.189,3730,7740,2072000
1160,3,1.25,1.5,0,0,4,6,1925,0,98042,47.3645,-122.127,1160,5540,212000
2160,5,3.5,1.0,0,0,3,8,1975,0,98125,47.6945,-122.298,2040,7930,552000
2270,6,2.75,2.0,0,0,3,8,1947,0,98103,47.6716,-122.334,2540,7960,662000
2200,4,2.75,2.0,0,0,3,9,1954,0,98144,47.594,-122.295,2300,6410,783000
4240,6,5.0,2.0,0,0,4,9,2004,0,98004,47.5979,-122.227,3640,6840,2123000
4200,7,5.5,2.0,0,0,5,9,1959,0,98103,47.6637,-122.324,4060,6030,1206000
830,2,1.25,1.0,0,0,4,6,1914,0,98178,47.5121,-122.271,600,11750,177000
2630,5,3.25,1.0,0,0,3,8,1975,1985,98059,47.4968,-122.13,2250,5830,690000
3250,6,4.0,2.0,0,0,3,9,1927,0,98004,47.6169,-122.201,4080,9150,1793000
2430,5,2.5,1.0,0,0,3,9,1930,0,98112,47.629,-122.297,1480,6940,1219000
1420,4,2.25,2.0,0,0,3,7,1976,0,98023,47.3148,-122.369,930,8020,245000
1800,4,2.75,1.0,0,0,3,8,1973,2007,98059,47.4831,-122.118,1870,8690,525000
2960,5,3.5,1.0,0,0,4,10,1966,0,98133,47.7357,-122.328,3430,8520,1071000
1310,3,1.25,2.0,0,0,3,6,1943,0,98103,47.6869,-122.347,1230,9910,399000
1680,4,2.0,2.0,0,3,5,7,1978,2001,98004,47.6127,-122.206,1400,8250,1067000
2250,5,3.5,2.0,0,0,3,7,1958,0,98112,47.6407,-122.302,1910,9250,1071000
1210,2,1.75,1.0,0,0,3,7,1951,0,98042,47.3524,-122.12,1010,10890,183000
2050,3,2.5,1.5,0,0,3,7,1931,0,98106,47.5263,-122.364,1730,7910,459000
1770,5,1.75,2.0,0,0,5,6,1915,2004,98103,47.6888,-122.323,1450,5670,484000
2080,3,2.0,1.0,0,0,2,6,1930,0,98042,47.3485,-122.11,1680,7500,263000
1660,4,1.75,1.0,0,0,3,8,1948,0,98042,47.3842,-122.126,1430,7430,304000
2010,5,2.0,2.0,0,0,3,7,1995,0,98117,47.6934,-122.371,2050,4870,606000
1150,2,1.0,1.0,0,0,4,6,1977,0,98178,47.4978,-122.265,1230,6240,235000
1810,4,1.5,2.0,0,0,3,6,1910,0,98125,47.7055,-122.305,1350,8240,330000
1340,3,1.25,3.0,0,0,3,6,2008,0,98118,47.5583,-122.275,1130,6750,302000
2150,4,2.0,1.0,0,0,3,8,2007,0,98059,47.4806,-122.118,2350,7770,509000
1120,3,1.25,1.5,0,0,3,7,1923,0,98144,47.5961,-122.307,1190,4210,350000
1140,3,1.75,1.0,0,0,3,6,1972,0,98118,47.5459,-122.269,1120,11900,233000
3970,7,4.75,2.0,0,2,3,9,1947,0,98112,47.6411,-122.31,2640,3620,1749000
2080,3,2.75,1.0,0,0,5,8,1983,0,98042,47.3601,-122.119,1140,9130,440000
1790,3,3.0,1.0,0,0,4,6,1937,0,98023,47.2833,-122.347,1230,7410,287000
5060,7,5.5,1.0,0,0,3,12,2007,0,98178,47.4854,-122.258,5340,9800,1257000
1710,3,1.75,1.0,0,0,4,5,1911,0,98115,47.6909,-122.312,1650,4530,414000
2940,5,2.75,2.0,0,0,3,9,1911,0,98178,47.5104,-122.247,2570,5770,587000
2640,5,3.5,2.0,0,0,5,8,1957,2001,98004,47.6188,-122.216,2350,5870,1332000
1570,3,2.25,2.0,0,0,3,6,2006,0,98052,47.6746,-122.115,1120,7760,598000
2740,4,3.25,2.0,0,0,4,9,1974,0,98115,47.674,-122.289,2210,3940,933000
2160,4,2.25,1.5,0,0,4,9,1980,0,98125,47.7051,-122.329,1420,6930,518000
1820,3,2.5,1.0,0,0,3,8,1985,0,98031,47.4057,-122.208,1620,7810,330000
1230,2,1.5,1.0,0,0,3,7,1995,0,98112,47.6283,-122.29,1060,7960,517000
1230,1,2.25,1.0,0,0,3,7,1945,1998,98112,47.6215,-122.303,1030,5060,559000
4650,7,5.25,1.0,0,0,3,10,1980,0,98125,47.7053,-122.285,4100,13330,1269000
2660,6,3.0,1.0,0,2,4,8,1977,0,98004,47.6102,-122.228,2540,7770,1588000
2200,5,3.25,2.0,0,2,3,7,1935,0,98033,47.7164,-122.187,2790,15630,1136000
1680,4,1.25,1.0,0,0,3,8,2015,0,98133,47.7412,-122.356,2210,6730,495000
3140,4,4.25,1.0,0,1,3,10,1913,0,98178,47.4894,-122.233,2730,7210,737000
2160,4,2.5,1.0,0,0,4,6,1970,0,98117,47.692,-122.405,2140,7430,497000
2940,6,3.75,3.0,0,0,5,10,2002,0,98106,47.5408,-122.362,3530,5470,718000
2810,6,3.75,1.0,0,0,3,8,1956,0,98117,47.713,-122.368,2120,4960,820000
1290,2,1.25,1.0,0,0,3,7,1984,0,98118,47.5472,-122.262,1090,4800,274000
1110,3,1.75,1.0,0,0,4,7,2005,0,98004,47.598,-122.195,720,6590,583000
910,2,1.0,1.0,0,0,3,5,1900,0,98117,47.7006,-122.383,880,7030,201000
2530,5,2.5,1.0,0,0,3,9,1900,0,98004,47.617,-122.212,1680,8940,1477000
1510,3,2.25,3.0,0,0,3,5,1988,0,98199,47.6414,-122.388,1680,6110,441000
2290,4,3.25,2.0,0,0,5,9,1942,1990,98112,47.6389,-122.303,1980,10790,1322000
2290,3,2.5,1.0,0,0,3,8,1935,0,98052,47.6631,-122.113,1820,10580,846000
1890,4,1.75,2.0,0,1,3,8,1950,0,98059,47.4973,-122.137,1820,7750,506000
2370,5,2.25,1.0,0,0,3,8,1916,0,98144,47.5649,-122.287,2000,6260,675000
2820,4,3.0,3.0,0,0,3,8,1937,0,98199,47.6795,-122.407,3310,6340,869000
2570,6,2.75,2.0,0,0,5,9,1969,0,98125,47.7162,-122.303,2630,4200,724000
2130,3,2.25,2.0,0,2,4,7,1912,0,98117,47.6802,-122.365,2280,4410,684000
1590,4,2.75,2.0,0,0,3,7,1981,0,98004,47.6266,-122.206,1480,8970,992000
2160,4,2.5,2.0,0,2,4,9,1998,0,98033,47.6883,-122.192,2590,4950,1105000
2900,4,3.75,1.0,0,0,3,7,1956,0,98042,47.3952,-122.123,3490,8200,521000
2050,4,2.75,1.0,0,0,3,7,2000,0,98059,47.4913,-122.134,1230,5000,465000
3200,5,4.25,1.0,0,0,3,10,1967,0,98125,47.7338,-122.283,3250,10130,1150000
1510,4,2.75,1.0,0,0,3,6,1903,0,98112,47.6371,-122.296,1230,4310,507000
2310,4,3.5,1.0,0,0,4,7,1982,0,98059,47.4897,-122.151,2060,12640,549000
4100,7,4.5,2.0,0,0,3,10,1949,0,98115,47.6671,-122.319,4590,18980,1417000
5730,7,5.5,2.0,0,0,3,12,1955,0,98031,47.4183,-122.217,5210,6190,1500000
2190,4,2.5,2.0,0,0,3,7,1988,0,98031,47.4067,-122.211,2110,4180,413000
2920,5,2.75,1.0,0,0,3,9,1981,0,98112,47.6269,-122.313,2910,13550,1546000
4270,7,4.75,1.0,0,0,4,11,1995,0,98118,47.5291,-122.257,3980,11590,1063000
1760,3,1.5,2.0,0,1,1,7,1992,0,98112,47.6419,-122.305,1200,3860,840000
1180,3,1.75,1.0,0,0,3,6,1982,0,98144,47.5885,-122.305,1340,3970,312000
1860,4,2.0,1.0,0,0,3,6,1957,0,98059,47.4701,-122.117,2070,2780,367000
2130,3,3.0,2.0,0,0,3,8,2014,0,98031,47.4003,-122.178,1990,7710,575000
2580,3,3.0,1.5,0,0,2,7,1973,0,98133,47.759,-122.357,2630,6620,442000
1360,3,2.25,3.0,0,0,3,6,1989,0,98031,47.4107,-122.179,880,7370,299000
1360,3,2.5,1.0,0,0,3,6,1984,0,98133,47.7242,-122.376,1180,12170,254000
1730,3,2.25,1.0,0,0,3,8,1934,0,98199,47.6531,-122.398,1540,6850,569000
1820,5,2.75,2.0,0,0,3,6,1975,0,98199,47.6644,-122.393,1780,3250,507000
1950,4,1.5,1.0,0,0,3,8,1971,0,98103,47.6701,-122.331,2050,3290,672000
1070,3,2.0,1.0,0,0,4,6,1965,1995,98004,47.6052,-122.206,1060,4010,528000
2280,4,3.0,2.0,0,0,4,8,1965,0,98199,47.6413,-122.388,2270,7250,1054000
1240,2,2.0,1.0,0,0,3,6,1923,0,98144,47.5941,-122.295,1270,1620,264000
650,1,0.75,1.0,0,0,4,6,1902,0,98004,47.6186,-122.202,600,11170,427000
2860,5,3.25,2.0,0,0,4,9,1974,0,98033,47.6971,-122.201,2650,15130,1182000
1540,3,2.0,2.0,0,0,3,7,1976,0,98052,47.6574,-122.125,1010,7680,593000
2900,5,3.5,1.0,0,0,4,10,1918,0,98125,47.7005,-122.305,2800,5800,951000
1820,4,2.0,1.5,0,0,3,8,1905,0,98059,47.478,-122.11,1170,6650,462000
2330,5,3.0,1.0,0,0,3,7,1929,0,98042,47.3504,-122.122,1670,9040,380000
2020,4,2.75,1.5,0,0,3,8,2013,0,98118,47.5175,-122.285,1850,7080,414000
3960,7,4.75,1.5,0,3,3,11,1924,0,98004,47.6032,-122.209,4330,8530,2745000
1160,2,1.25,1.5,0,0,4,6,2011,0,98115,47.6694,-122.287,1520,7050,427000
1350,2,2.0,2.0,0,0,4,7,2011,0,98106,47.5356,-122.373,1500,4110,306000
2050,5,2.25,1.5,0,0,3,8,1975,0,98031,47.4088,-122.165,1490,8210,399000
2930,5,3.25,1.5,0,0,3,8,1950,0,98059,47.4951,-122.159,1840,13010,659000
1600,4,3.25,1.0,0,0,3,6,1905,0,98112,47.6441,-122.268,1300,3600,592000
1610,2,1.0,1.0,0,0,3,9,1983,0,98052,47.704,-122.112,2050,10680,714000
3210,6,4.0,2.0,0,0,4,9,1921,0,98103,47.6775,-122.327,3390,9330,1114000
1830,4,2.25,1.0,0,0,4,8,2005,0,98004,47.6122,-122.208,2360,11990,1278000
1350,3,1.5,1.0,0,0,3,7,1908,0,98106,47.5331,-122.361,1000,7720,271000
1620,5,2.0,1.5,0,0,3,8,1972,0,98052,47.6823,-122.128,1460,8990,508000
1590,4,1.5,2.0,0,1,3,6,1958,0,98144,47.5867,-122.293,1400,5710,419000
1810,5,3.0,2.0,0,0,3,6,1944,0,98117,47.6995,-122.364,1960,8170,415000
2450,4,2.75,2.0,0,0,4,8,1939,0,98144,47.5888,-122.295,2670,24520,607000
2870,4,3.0,2.0,0,0,4,7,1936,0,98059,47.4782,-122.123,1920,8460,579000
1660,3,1.75,1.0,0,0,5,8,1996,0,98004,47.6207,-122.217,1750,10320,892000
1530,3,2.0,2.0,0,0,5,6,1946,0,98115,47.6863,-122.303,1200,3150,633000
2100,5,2.5,2.0,0,0,4,7,1917,0,98112,47.6263,-122.303,2590,1560,864000
1710,4,2.25,2.0,0,0,3,7,1904,0,98117,47.6848,-122.37,1340,5230,554000
3060,5,3.75,2.0,0,0,4,9,1976,0,98059,47.4888,-122.146,2660,3180,801000
2420,4,3.25,2.0,0,0,3,8,1912,1989,98178,47.4946,-122.246,2290,5120,455000
3830,6,4.75,2.0,0,0,4,10,1930,0,98125,47.7321,-122.297,3310,10330,1042000
2650,5,3.5,1.0,0,0,1,7,1948,0,98033,47.6651,-122.189,3380,7720,958000
2770,4,3.5,2.0,0,0,3,10,1962,0,98112,47.6384,-122.303,2170,8260,1486000
1830,4,2.5,3.0,0,4,5,8,1918,0,98042,47.3779,-122.119,1760,8640,424000
2500,4,3.0,1.0,0,0,3,8,1919,2003,98033,47.6844,-122.211,2660,10860,1255000
1280,3,2.25,2.0,0,0,3,7,1999,0,98115,47.6971,-122.295,1560,7920,398000
1180,3,2.0,1.5,0,0,3,6,1914,0,98144,47.575,-122.312,1260,10370,280000
2300,5,2.5,1.5,0,0,4,8,1982,0,98023,47.3312,-122.379,1890,16220,511000
2020,4,2.75,2.0,0,0,3,6,1949,0,98031,47.4073,-122.187,2420,12700,417000
5010,7,5.5,1.5,0,0,3,11,1953,0,98103,47.6728,-122.328,4380,4660,1790000
2130,4,2.75,1.5,0,0,3,8,1914,2003,98042,47.3673,-122.125,1940,9490,360000
1180,4,1.75,1.0,0,0,3,4,2011,0,98106,47.5299,-122.354,1140,7690,211000
2390,6,3.5,2.0,0,0,3,9,1904,0,98144,47.5775,-122.273,2190,4940,583000
1660,3,1.75,2.0,1,3,3,6,1905,0,98106,47.53,-122.368,1280,8250,619000
1540,4,2.0,1.0,0,0,3,7,1906,0,98178,47.501,-122.256,1530,16150,229000
900,3,1.25,1.0,0,0,4,6,1985,0,98004,47.5893,-122.173,780,13070,441000
3310,7,3.75,1.0,0,0,3,9,1947,0,98042,47.366,-122.109,3640,6370,608000
1190,3,1.5,1.0,0,0,4,6,1979,0,98004,47.6341,-122.191,970,3190,511000
2510,5,2.25,2.0,0,0,3,8,1987,0,98052,47.6726,-122.127,2600,7310,884000
4700,7,5.5,2.0,0,0,4,12,1930,0,98106,47.5462,-122.362,4430,17290,1452000
1380,2,1.75,1.0,0,0,3,7,1964,0,98033,47.6885,-122.2,1340,3280,497000
1570,2,2.25,2.0,0,0,3,7,1925,2014,98144,47.6046,-122.298,1690,8960,447000
2050,5,1.75,1.0,0,0,3,7,1942,0,98004,47.6312,-122.215,1870,10800,904000
1630,3,2.5,2.0,0,0,3,7,1936,0,98133,47.739,-122.365,1440,5770,378000
1420,3,1.5,2.0,0,0,3,7,1956,0,98125,47.7116,-122.291,1400,6750,457000
1960,4,3.0,2.0,0,0,3,7,2003,0,98178,47.4914,-122.236,1440,6930,318000
900,2,1.5,1.0,0,0,3,4,1945,0,98125,47.711,-122.294,600,7070,255000
1900,3,2.5,2.0,0,0,4,8,1975,1987,98199,47.6555,-122.408,1980,9020,942000
1100,2,2.5,1.0,0,0,3,6,1902,0,98004,47.6128,-122.215,930,5940,424000
1180,2,1.5,1.0,0,0,3,6,1965,0,98059,47.5049,-122.138,850,3750,236000
1890,4,1.75,3.0,0,0,3,8,1975,0,98115,47.6669,-122.271,1530,3590,630000
3480,6,3.75,2.0,0,0,4,11,1995,0,98117,47.7057,-122.374,3470,8120,1087000
1140,3,2.0,1.5,0,0,3,6,1964,0,98106,47.5266,-122.37,1080,7850,259000
1370,1,2.0,1.0,0,0,3,7,1938,0,98023,47.3139,-122.359,1150,5170,248000
1370,3,2.25,1.0,0,0,3,7,2013,0,98103,47.6626,-122.344,1710,3670,486000
3060,6,3.75,1.0,0,2,3,9,1950,0,98117,47.6701,-122.368,3460,13230,1032000
2940,5,3.25,2.0,0,0,4,9,1967,0,98103,47.6658,-122.334,2150,4380,1080000
1350,2,1.75,2.0,0,0,3,8,1952,0,98199,47.6463,-122.408,1160,7530,444000
2690,6,3.5,2.0,0,0,3,9,2012,0,98042,47.3556,-122.126,2070,8310,376000
1700,3,2.25,2.0,0,0,3,7,1995,0,98033,47.698,-122.166,1250,8420,619000
2100,3,3.0,2.0,0,0,3,7,1907,1986,98178,47.5048,-122.234,1860,10560,376000
1610,3,1.75,1.0,0,0,3,8,1963,2003,98199,47.6736,-122.404,1370,6240,689000
720,2,0.75,1.0,0,0,3,6,1986,0,98004,47.5977,-122.217,600,4360,334000
3500,7,4.25,1.0,0,0,5,11,1900,1996,98042,47.3775,-122.126,3340,7630,933000
2200,5,2.75,1.0,0,0,3,7,1912,0,98199,47.6633,-122.397,1600,6420,803000
1590,3,2.25,1.0,0,0,4,7,2006,0,98052,47.6799,-122.121,1690,4280,488000
1250,3,2.0,1.5,0,0,3,6,2015,0,98052,47.7031,-122.127,1130,5290,570000
2000,4,3.75,1.0,0,0,3,7,1967,0,98133,47.7288,-122.344,2170,12540,372000
2630,5,3.0,1.0,0,2,3,8,1945,0,98199,47.6592,-122.392,2450,12960,1082000
2300,4,3.0,1.0,0,0,4,9,1904,0,98004,47.6099,-122.232,1610,3500,1448000
1400,3,1.0,1.0,0,0,3,8,1905,0,98199,47.6422,-122.408,1110,6250,605000
2190,4,2.5,1.0,0,0,3,6,1957,0,98144,47.5857,-122.297,1820,3560,473000
5650,7,5.5,1.0,0,0,4,12,1988,0,98178,47.4835,-122.244,5500,9080,2002000
3550,6,4.25,1.0,0,0,4,10,2013,0,98031,47.423,-122.189,3100,5500,838000
1060,2,1.5,1.0,0,0,4,6,1922,0,98059,47.4968,-122.13,670,10290,252000
840,2,1.5,2.0,0,0,1,5,1923,0,98115,47.6789,-122.305,620,8350,219000
1540,2,2.0,2.0,0,3,4,7,1947,0,98133,47.7269,-122.332,1450,5320,427000
1620,2,2.0,1.0,0,0,4,6,2014,0,98144,47.5702,-122.299,1200,11050,415000
2380,4,3.0,1.0,0,0,3,8,1951,0,98106,47.5408,-122.343,2310,11790,594000
1590,3,2.25,2.0,1,3,3,8,1923,0,98112,47.6375,-122.303,1520,9130,1255000
1610,3,1.5,1.0,0,0,3,9,1901,0,98023,47.3295,-122.366,1470,13470,392000
1000,2,1.25,1.0,0,0,2,6,1985,0,98103,47.6514,-122.332,700,7160,223000
2010,4,3.0,1.0,0,0,3,8,1967,0,98052,47.6591,-122.105,1750,10340,678000
1070,3,1.75,1.0,0,0,3,5,1989,0,98199,47.6639,-122.404,870,3540,424000
1570,4,2.0,1.5,0,0,4,7,1900,0,98199,47.6635,-122.393,1450,13380,571000
1660,4,2.5,2.0,0,0,3,6,1909,0,98052,47.6694,-122.125,1430,8070,635000
2920,4,3.5,1.0,0,0,4,9,1973,0,98115,47.6932,-122.288,2440,13710,1192000
890,2,1.75,2.0,0,0,3,7,1922,0,98133,47.7355,-122.357,880,19080,188000
1370,3,1.5,2.0,0,2,4,6,1919,0,98033,47.6654,-122.203,910,8400,591000
3060,6,3.75,2.0,0,0,3,9,1953,0,98125,47.7184,-122.316,3610,7150,836000
1160,1,1.25,2.0,0,0,4,6,2011,0,98004,47.621,-122.219,950,8350,631000
1400,2,2.25,1.0,0,0,4,9,1988,0,98103,47.6713,-122.352,840,4120,528000
2410,4,2.75,1.0,0,0,3,8,1942,0,98118,47.5362,-122.3,1810,20820,587000
2350,4,3.0,1.0,0,1,3,8,1944,0,98023,47.2955,-122.372,2130,7660,432000
2720,4,3.5,2.0,0,0,4,9,1913,2001,98031,47.4162,-122.189,2460,8530,795000
1420,3,1.75,2.0,0,0,4,7,2012,0,98023,47.3048,-122.347,1270,14450,249000
2650,4,3.75,2.0,0,2,5,9,1933,0,98117,47.6848,-122.382,1710,9630,1106000
2050,5,3.25,1.0,0,2,4,9,1927,0,98115,47.7071,-122.274,2090,8360,874000
1670,3,2.5,1.0,0,0,3,6,1948,0,98004,47.6326,-122.207,1650,9110,652000
2480,5,3.75,2.0,0,0,4,7,1978,0,98059,47.4819,-122.142,2320,5740,584000
1180,3,1.0,1.5,0,0,3,8,1989,0,98144,47.5817,-122.304,920,7820,378000
2210,5,2.5,1.0,0,0,3,7,1935,0,98052,47.677,-122.127,2230,4020,702000
1720,3,1.75,1.0,0,3,3,7,1942,0,98178,47.4873,-122.257,1650,4910,372000
790,2,1.25,1.0,0,0,3,6,1978,0,98031,47.4318,-122.209,600,4270,170000
2200,4,2.5,1.0,0,2,3,7,1930,0,98112,47.6314,-122.283,2050,5250,974000
1410,3,1.75,1.5,0,0,4,6,1905,0,98004,47.6192,-122.199,1310,8240,675000
1320,2,0.75,1.5,0,0,4,6,1986,0,98199,47.6408,-122.418,990,16990,555000
1010,3,1.25,2.0,0,0,3,5,1980,0,98106,47.5189,-122.326,860,12390,184000
3620,7,4.25,2.0,0,0,3,10,1900,0,98042,47.3696,-122.123,3360,3250,859000
1550,3,2.0,1.0,1,3,3,6,1923,0,98059,47.4912,-122.141,1390,5650,735000
1220,2,1.5,2.0,0,0,3,8,1995,0,98125,47.7226,-122.297,1130,6480,378000
1280,3,2.0,2.0,0,0,2,8,2009,0,98004,47.6044,-122.205,1210,4860,685000
1350,3,1.25,1.0,0,0,3,6,1953,0,98117,47.672,-122.366,1530,7280,323000
2670,5,3.0,1.0,0,0,2,9,1905,0,98052,47.6756,-122.121,2730,3660,1049000
3260,6,4.5,2.0,0,0,3,9,1969,0,98106,47.528,-122.358,2590,10660,706000
2850,5,3.0,2.0,0,0,5,9,2012,0,98144,47.5883,-122.315,2720,3540,810000
2440,5,2.75,1.0,0,0,4,8,1989,0,98133,47.7567,-122.348,1620,12000,620000
2320,4,2.5,2.0,0,1,5,8,1951,0,98112,47.6057,-122.301,1670,7480,777000
3010,6,3.5,2.0,0,0,4,9,1977,0,98115,47.6836,-122.304,3470,3760,1003000
1390,3,1.0,2.0,0,0,4,6,1921,0,98133,47.7379,-122.338,1580,10960,313000
2610,5,2.75,1.5,0,0,3,7,1954,1991,98042,47.3552,-122.099,2660,8380,432000
1260,2,2.25,2.0,0,0,3,6,1915,0,98178,47.4743,-122.266,1160,12930,214000
1160,2,1.75,1.5,0,1,4,5,1964,0,98118,47.5187,-122.265,1080,8090,273000
1160,2,1.25,2.0,0,0,4,7,1987,0,98004,47.6111,-122.208,890,8810,585000
2500,6,3.75,1.0,0,0,4,8,1993,0,98118,47.53,-122.248,1450,4800,500000
1970,4,2.75,3.0,0,0,3,7,1965,0,98144,47.59,-122.291,2320,10750,420000
930,2,1.25,1.5,0,0,3,6,1919,2004,98199,47.6492,-122.394,640,5780,366000
1310,2,2.25,2.0,0,0,3,7,2007,0,98144,47.5918,-122.291,880,7410,467000
1950,3,3.0,3.0,0,1,3,7,1930,0,98031,47.4055,-122.205,1890,9540,365000
2020,5,2.75,1.5,0,1,4,8,2005,0,98042,47.366,-122.097,1960,13600,364000
2180,5,2.75,1.0,0,0,4,7,1922,0,98023,47.3141,-122.356,1490,8780,335000
1110,2,1.5,3.0,0,0,3,6,1952,0,98004,47.5964,-122.197,1090,7310,523000
1090,2,1.75,1.0,0,0,3,6,1921,0,98125,47.7271,-122.308,990,6790,291000
2360,5,3.5,1.0,0,0,3,8,1909,0,98052,47.6757,-122.135,1370,6770,765000
4340,7,5.5,1.0,0,0,3,10,1931,0,98059,47.4833,-122.106,4190,7470,1017000
2000,5,2.75,1.0,0,0,3,7,2002,0,98033,47.6843,-122.194,1130,8920,600000
4390,7,4.75,2.0,0,0,4,10,2002,0,98052,47.6803,-122.115,4270,10720,2278000
1630,3,2.25,1.0,0,0,3,6,1988,0,98144,47.5764,-122.277,1020,5250,393000
1920,4,2.25,1.0,0,0,3,8,1941,0,98117,47.6938,-122.38,2200,6690,591000
1150,2,1.5,2.0,1,4,4,6,1949,0,98059,47.4842,-122.153,1170,5650,435000
1900,2,2.75,2.0,0,0,3,8,1983,0,98133,47.7426,-122.337,1320,5860,464000
2940,6,3.0,1.0,0,0,3,9,1918,0,98103,47.676,-122.334,2520,5470,789000
3150,4,4.0,1.0,0,0,4,8,1960,0,98125,47.7085,-122.294,3800,3500,934000
1140,2,1.5,2.0,0,0,3,6,1956,0,98117,47.7103,-122.367,780,19040,338000
2040,4,2.5,2.0,0,2,3,8,1986,0,98033,47.6806,-122.183,1560,17100,646000
1630,3,2.0,2.0,0,0,2,7,2007,0,98117,47.6871,-122.392,1690,9620,490000
1770,4,2.75,1.0,0,1,4,7,1928,0,98031,47.4127,-122.183,1620,7450,309000
2780,5,2.75,1.0,0,1,4,9,1995,0,98023,47.2963,-122.37,2600,20860,549000
1140,2,1.5,1.0,0,0,4,6,1909,0,98112,47.6411,-122.3,1200,12480,476000
2160,4,2.5,1.0,0,0,3,9,1926,0,98042,47.3883,-122.129,1750,9540,425000
3070,6,4.0,1.0,0,0,4,9,1957,0,98178,47.5026,-122.228,2700,11700,826000
4170,6,4.75,2.0,0,0,3,12,1921,2011,98112,47.6359,-122.294,3780,3860,2991000
2150,3,2.75,1.0,0,0,4,7,1999,0,98059,47.4812,-122.127,1970,2670,767000
1930,3,2.0,1.0,0,0,4,9,1985,0,98125,47.6774,-122.286,1860,8030,497000
1380,4,1.5,1.5,0,0,4,5,1908,0,98178,47.491,-122.245,1370,4520,257000
1400,3,1.75,1.0,0,0,3,5,1924,0,98118,47.5412,-122.274,800,9750,235000
3020,5,4.0,1.0,0,0,3,8,1908,0,98112,47.6298,-122.294,2730,12320,1256000
2010,5,2.5,1.0,0,2,2,8,2012,0,98004,47.6075,-122.222,1310,13040,1084000
1680,3,2.0,3.0,0,2,2,8,1919,0,98112,47.6336,-122.296,1700,5310,995000
2080,3,2.5,1.0,0,2,4,7,1999,0,98031,47.4101,-122.196,1760,9630,429000
1310,2,1.75,1.0,0,0,3,7,1955,0,98118,47.5545,-122.27,880,7060,286000
5840,7,5.5,2.0,0,0,4,12,2010,0,98052,47.6729,-122.155,5500,8000,2512000
1800,2,1.5,1.0,0,0,3,7,1982,0,98023,47.3062,-122.351,2120,7140,217000
2120,4,2.75,1.0,0,0,3,8,1990,0,98059,47.4888,-122.13,1940,4600,599000
3120,5,4.0,1.0,0,0,3,10,2008,0,98125,47.7248,-122.301,3160,7440,872000
2740,5,3.0,1.0,0,0,3,9,1967,2013,98133,47.7177,-122.348,2310,5470,778000
720,2,0.75,1.0,0,0,3,5,1965,2003,98042,47.3599,-122.128,630,8120,123000
2650,6,3.5,1.0,0,0,4,9,1966,0,98118,47.544,-122.255,2270,13200,633000
1290,4,2.0,1.0,0,0,3,5,1937,0,98106,47.5462,-122.355,1310,3410,204000
2460,5,3.0,1.0,0,0,4,6,2000,0,98004,47.6173,-122.209,1980,10540,976000
1450,4,2.25,1.0,0,0,4,6,1973,0,98199,47.6458,-122.415,1360,11520,511000
1240,3,1.75,1.0,0,0,4,7,1977,1993,98059,47.4874,-122.14,600,3920,389000
1980,4,3.0,2.0,0,0,3,7,1950,0,98125,47.7161,-122.292,1820,6750,398000
1260,2,1.5,1.0,0,0,3,6,1912,0,98112,47.6075,-122.289,1120,7800,424000
2330,4,2.25,1.0,0,0,5,8,2001,0,98004,47.6361,-122.208,1520,6850,1214000
3760,6,5.0,1.5,0,0,3,10,1955,0,98023,47.3128,-122.372,3790,8950,633000
2610,5,3.0,1.5,0,2,4,8,1997,0,98117,47.6909,-122.373,1130,4090,1214000
1300,2,1.75,2.0,0,0,3,5,1956,1994,98125,47.7301,-122.316,900,15310,294000
2420,4,3.0,2.0,0,0,3,8,1983,0,98118,47.5309,-122.27,1740,11030,570000
1550,2,1.75,2.0,0,0,3,6,1938,0,98133,47.7323,-122.339,1470,10450,307000
3020,6,3.75,1.0,0,0,3,8,1960,0,98052,47.6886,-122.127,2850,16160,1154000
840,2,1.25,2.0,0,0,3,5,1917,0,98178,47.4892,-122.262,790,14810,141000
2040,4,2.75,2.0,0,3,3,8,1923,0,98023,47.3089,-122.385,2060,5090,451000
2890,6,3.25,2.0,0,0,3,9,1915,1987,98117,47.7033,-122.37,3360,9190,893000
1890,3,2.75,1.0,0,0,4,7,1967,0,98031,47.3978,-122.198,2200,5040,314000
1720,3,2.5,1.5,0,0,4,7,2002,0,98144,47.5869,-122.287,1590,4230,383000
2500,5,3.0,2.0,0,2,2,7,1914,0,98033,47.6867,-122.2,2270,14110,947000
1940,4,2.25,1.0,0,0,4,8,1996,0,98178,47.4957,-122.237,1140,5270,369000
3190,5,3.0,1.5,0,0,3,8,1996,0,98118,47.5555,-122.283,3330,1640,672000
1850,4,2.75,2.0,0,0,3,8,1995,0,98115,47.6614,-122.307,1820,9230,647000
2200,2,2.5,3.0,0,0,3,5,1983,0,98004,47.6294,-122.208,1820,12630,1212000
2250,4,3.0,1.0,0,0,3,8,1999,0,98199,47.6512,-122.393,1710,9240,800000
2060,3,2.5,2.0,0,0,5,9,1996,0,98199,47.6523,-122.407,1700,6210,991000
1340,3,1.75,1.5,0,0,4,7,1989,0,98023,47.3187,-122.347,1070,6850,265000
3440,6,4.0,1.0,0,0,2,9,1980,0,98033,47.6968,-122.223,4710,7450,1473000
1740,4,2.0,2.0,0,2,4,8,1951,0,98106,47.5418,-122.348,1160,3410,483000
2310,5,2.75,1.5,0,0,3,8,1980,0,98144,47.5754,-122.289,3010,11460,693000
3040,6,3.0,1.0,0,2,3,10,1933,0,98118,47.5486,-122.288,2870,6390,887000
1250,1,2.0,1.0,0,0,3,6,1962,0,98106,47.5272,-122.354,1210,11870,233000
2410,4,3.25,2.0,0,0,3,8,1985,0,98125,47.6967,-122.298,1700,6370,628000
2490,5,3.75,2.0,0,2,5,9,1952,0,98031,47.4185,-122.212,2140,15630,632000
1920,4,2.0,1.0,0,0,1,7,1902,0,98052,47.6857,-122.1,1860,5850,539000
1390,1,1.5,1.0,0,0,4,6,1918,0,98178,47.4943,-122.271,1180,6780,229000
1600,5,2.25,2.0,0,0,4,7,1927,0,98031,47.4324,-122.191,1130,5660,239000
1870,3,2.25,3.0,0,0,3,7,1938,0,98042,47.3567,-122.113,1490,16300,372000
1150,2,1.0,2.0,0,2,3,6,1990,0,98178,47.5124,-122.276,1130,6360,210000
4470,7,5.0,2.0,0,0,3,12,1904,0,98042,47.3521,-122.122,3290,5750,964000
2090,3,3.25,1.0,0,0,4,7,1931,0,98052,47.6538,-122.115,2330,2770,734000
1580,4,1.5,2.0,0,0,5,7,1964,0,98004,47.6147,-122.214,1720,3990,920000
1100,4,1.25,1.0,0,0,3,6,1904,0,98199,47.6459,-122.397,1000,7110,446000
1560,2,1.75,2.0,0,0,3,7,1979,0,98031,47.4093,-122.198,1030,9980,292000
1340,1,0.75,3.0,0,0,4,6,1939,0,98033,47.6722,-122.191,1220,6040,543000
2740,4,2.0,1.0,0,0,4,9,1919,0,98103,47.6679,-122.357,2670,4830,979000
1930,5,2.75,1.0,0,0,4,4,1929,0,98004,47.6305,-122.205,2070,9820,640000
2000,4,3.25,1.0,0,0,3,7,1915,0,98118,47.5426,-122.267,1830,3660,510000
1890,4,2.25,1.5,0,0,3,6,1951,0,98103,47.6846,-122.328,1640,7660,449000
1010,2,1.5,1.0,0,0,3,6,1971,0,98144,47.5774,-122.282,1200,9880,225000
1200,3,2.25,2.0,0,0,1,7,2010,0,98115,47.6822,-122.286,1470,9200,387000
1710,3,1.75,2.0,0,0,3,7,1934,0,98112,47.6387,-122.305,2010,4800,999000
2120,3,2.75,2.0,0,0,3,8,1921,0,98106,47.5289,-122.362,2120,7500,337000
1930,4,3.0,1.0,0,0,4,7,2006,0,98144,47.5864,-122.302,1300,5510,556000
1230,3,1.5,2.0,0,0,3,7,1929,0,98144,47.5885,-122.292,1200,9330,273000
1070,1,1.0,1.0,0,0,4,5,1994,0,98199,47.6565,-122.396,880,6340,282000
2190,4,2.75,1.0,0,0,4,7,1921,0,98023,47.3392,-122.379,2190,4900,370000
1430,3,2.0,1.0,0,0,3,8,1985,0,98117,47.7018,-122.356,1690,4820,403000
3650,6,3.75,1.0,0,0,3,9,1915,0,98112,47.661,-122.305,3800,7830,1395000
1830,4,2.5,2.0,0,0,3,8,1943,0,98004,47.6238,-122.213,1630,11250,822000
2000,3,2.25,1.0,0,0,3,10,1910,0,98031,47.41,-122.201,2360,7980,596000
2060,4,1.75,1.0,0,0,3,7,1902,0,98031,47.4004,-122.218,2260,3550,358000
870,3,2.0,1.0,0,4,4,5,1919,0,98199,47.6443,-122.411,650,1920,409000
1870,5,1.75,2.0,0,0,4,6,2013,0,98115,47.6777,-122.298,1510,5300,586000
2720,5,4.0,1.0,0,0,3,10,1968,0,98033,47.6825,-122.176,2120,7880,1246000
1800,4,2.25,1.0,1,4,3,8,1982,0,98033,47.6785,-122.182,1370,7290,1310000
1580,3,2.0,1.0,0,0,4,8,1912,2009,98144,47.5876,-122.279,810,13530,410000
4050,6,4.75,1.0,0,1,4,9,1906,0,98199,47.6517,-122.387,2850,10540,1609000
2740,5,3.75,1.0,0,0,4,8,2006,0,98059,47.4942,-122.12,2290,2450,784000
1710,4,2.25,3.0,0,0,3,7,1966,0,98023,47.3037,-122.356,1330,7760,309000
2920,5,4.0,2.0,0,0,4,9,1939,0,98125,47.7147,-122.315,1710,4250,908000
890,2,2.0,1.0,0,0,3,6,1900,0,98052,47.6612,-122.139,660,4090,333000
3300,5,3.5,1.0,0,0,3,8,1985,0,98199,47.6608,-122.413,2710,13260,1478000
1520,3,1.75,2.0,0,0,4,8,1901,0,98118,47.5523,-122.27,1500,6420,282000
3000,5,4.25,1.0,0,0,5,9,2009,0,98125,47.7066,-122.301,3030,8900,951000
2820,6,3.5,1.0,0,0,4,9,1990,0,98033,47.6889,-122.209,2600,7390,1227000
2480,4,3.0,2.0,0,0,3,9,1947,0,98106,47.539,-122.363,2050,8840,589000
2390,5,2.5,1.0,0,0,3,7,2011,0,98178,47.5083,-122.237,2240,13390,511000
2340,3,2.75,1.0,0,0,4,8,1922,0,98178,47.5065,-122.248,2150,12770,509000
1660,3,2.25,3.0,0,0,3,8,1946,0,98178,47.4996,-122.241,1390,2860,300000
2950,6,3.25,3.0,0,2,3,9,1939,0,98199,47.6505,-122.398,2750,23410,1569000
1620,3,1.75,1.0,0,0,3,7,1947,0,98144,47.5767,-122.285,980,5660,337000
3140,6,3.0,2.0,0,0,4,10,1999,0,98059,47.4654,-122.135,3260,10810,928000
4410,7,5.5,1.0,0,0,3,11,1934,0,98133,47.7383,-122.351,2950,6750,1315000
1440,3,2.0,1.0,0,0,3,6,1924,0,98115,47.7001,-122.284,1170,12370,403000
3060,4,4.0,1.5,0,0,3,9,1935,0,98023,47.312,-122.366,2910,3830,522000
1650,3,1.5,1.0,0,0,3,7,1914,0,98178,47.4882,-122.259,1200,3230,251000
840,1,0.75,2.0,0,0,4,5,1999,0,98031,47.4078,-122.214,740,16100,156000
2550,6,2.5,1.5,0,0,5,9,1960,0,98118,47.5442,-122.29,2720,9290,706000
1080,2,1.75,2.0,0,0,3,7,2010,0,98118,47.5616,-122.252,600,12650,222000
1020,3,1.75,2.0,0,0,3,6,1982,0,98125,47.6975,-122.31,1070,10000,218000
1530,4,2.0,1.0,0,0,3,7,2008,0,98103,47.6654,-122.343,1570,6510,377000
2540,5,3.5,1.0,0,0,2,7,1981,0,98033,47.6747,-122.199,2200,8120,919000
1310,2,2.0,1.0,0,0,3,8,1955,0,98059,47.4776,-122.154,1030,10280,455000
1610,4,2.25,2.0,0,2,4,7,1985,0,98023,47.2924,-122.347,1530,4740,297000
1330,3,2.25,2.0,0,0,3,5,1913,0,98023,47.3292,-122.366,1360,7060,189000
1080,3,1.75,2.0,0,0,4,6,1931,0,98144,47.5819,-122.266,1350,5560,339000
2300,3,3.5,2.0,0,0,3,7,1996,0,98115,47.6706,-122.304,2120,8020,701000
1100,2,1.25,1.0,0,0,3,6,2003,0,98199,47.6717,-122.398,780,3920,333000
1690,4,1.75,2.0,0,0,3,7,1901,0,98117,47.6907,-122.393,1590,5900,415000
1910,3,2.75,3.0,0,0,3,7,1955,0,98125,47.7198,-122.323,1650,5810,552000
1410,3,1.5,2.0,0,0,3,8,1935,0,98117,47.6727,-122.348,1140,4890,503000
1690,4,2.0,1.0,0,0,4,7,1915,2001,98112,47.6453,-122.304,1280,4730,808000
2650,5,2.5,1.0,0,0,4,7,1957,0,98117,47.6701,-122.372,2430,5510,969000
2130,3,2.25,2.0,0,0,3,7,1904,0,98004,47.6069,-122.186,1980,9670,917000
1980,5,2.5,1.0,0,0,3,9,1912,0,98103,47.6958,-122.366,2220,13840,539000
1000,3,1.25,2.0,0,0,4,5,1911,0,98199,47.641,-122.396,960,3620,315000
1430,4,1.75,3.0,0,2,4,7,1961,0,98199,47.6699,-122.396,1280,9630,740000
1220,2,1.5,2.0,0,0,3,7,1939,0,98103,47.6846,-122.34,1310,7910,319000
1730,4,2.5,2.0,0,0,3,8,1952,0,98031,47.4212,-122.199,1200,13810,353000
1900,5,2.25,3.0,0,0,3,8,1944,0,98031,47.436,-122.177,1640,3580,429000
2080,5,2.5,1.5,0,0,3,7,1972,0,98178,47.4897,-122.219,1910,3260,413000
1100,2,1.25,3.0,0,0,4,6,1959,0,98112,47.6386,-122.295,1130,19510,487000
2000,5,3.0,1.0,0,0,3,7,1957,0,98133,47.7297,-122.339,1040,6830,354000
2170,3,3.0,1.0,0,0,3,9,1931,0,98117,47.7072,-122.384,1940,8800,831000
1610,4,1.5,2.0,0,0,4,6,1958,0,98031,47.4416,-122.198,1240,8220,348000
2810,6,2.75,2.0,0,0,3,7,1964,0,98042,47.3661,-122.13,2780,8230,405000
3490,6,4.0,1.0,0,0,3,8,2005,0,98178,47.4921,-122.246,2740,15230,607000
2290,5,3.0,1.0,0,4,3,8,2014,0,98125,47.7095,-122.284,2270,4090,665000
3160,5,3.5,1.0,0,0,3,8,1920,1990,98133,47.743,-122.356,2520,3590,655000
2340,5,2.75,2.0,0,0,3,8,1981,0,98059,47.4913,-122.12,2640,9690,862000
2000,5,2.75,2.0,0,0,4,8,1957,0,98031,47.4174,-122.192,1460,8180,458000
2640,5,4.0,2.0,0,0,3,8,1957,0,98115,47.6904,-122.313,2610,3480,887000
2510,5,3.5,2.0,0,0,3,10,1987,0,98115,47.6704,-122.295,2230,11770,871000
1740,3,2.25,2.0,0,0,3,8,1957,0,98052,47.6726,-122.128,2150,13040,659000
2070,4,2.5,1.0,0,0,3,7,1920,0,98023,47.2998,-122.356,2870,10640,266000
3440,7,4.25,2.0,0,3,4,11,2006,0,98042,47.3657,-122.116,3350,5920,835000
1040,3,1.25,2.0,0,0,3,6,1927,0,98004,47.6058,-122.175,1040,8340,522000
3620,7,4.25,2.0,0,0,3,10,1919,0,98112,47.632,-122.292,2620,3700,1631000
1090,3,1.75,2.0,0,0,3,4,1997,0,98144,47.5813,-122.303,700,7260,241000
1500,4,2.5,2.0,0,0,3,6,1994,0,98106,47.5342,-122.345,1340,5540,285000
2010,4,2.0,2.0,0,0,4,8,1946,2007,98199,47.657,-122.405,2380,6720,911000
1850,4,2.5,1.5,0,0,3,6,1925,0,98133,47.7272,-122.341,2220,8590,407000
2680,4,3.5,1.0,0,0,3,9,1997,0,98103,47.6741,-122.345,1760,4280,979000
1860,4,2.25,1.0,0,3,3,7,1958,0,98112,47.6222,-122.301,1940,14390,864000
2540,4,3.25,1.0,0,0,5,9,1925,0,98112,47.6061,-122.302,2190,3530,1248000
1860,5,2.5,1.5,0,0,4,7,1998,0,98031,47.4141,-122.21,1460,10920,436000
830,3,0.75,1.5,0,0,3,6,1939,0,98059,47.5012,-122.155,740,18900,160000
2400,4,3.25,1.0,0,0,3,9,1956,1992,98004,47.6186,-122.195,1810,6010,1753000
2550,4,2.5,1.5,0,0,4,8,1949,2005,98004,47.6059,-122.216,1800,10330,1441000
2050,3,2.25,1.0,0,2,4,7,1988,0,98118,47.5264,-122.285,1920,22490,446000
1570,3,2.0,1.5,0,0,5,6,1926,0,98004,47.6155,-122.206,1570,4070,765000
1170,2,2.0,1.0,0,0,4,6,1999,0,98115,47.6786,-122.313,1000,5400,306000
2020,4,2.5,2.0,0,0,5,9,2002,0,98052,47.6746,-122.141,1500,10460,1067000
2900,5,2.75,3.0,0,0,3,8,1926,0,98031,47.4097,-122.211,2750,4700,556000
1470,4,2.0,1.0,0,0,4,7,2006,0,98112,47.6326,-122.278,1420,6720,699000
4950,7,5.5,1.0,0,0,5,11,1941,0,98112,47.6356,-122.3,4930,2670,2947000
1690,4,2.5,3.0,0,3,5,8,1935,0,98178,47.513,-122.214,1190,10800,596000
2220,5,2.75,1.0,0,0,3,7,1968,0,98052,47.6718,-122.118,2780,3240,772000
2140,4,2.75,2.0,0,0,3,8,1925,0,98106,47.5226,-122.34,1550,11650,336000
1290,3,1.75,1.5,0,0,3,5,2007,0,98115,47.6817,-122.306,1010,6240,328000
1540,5,1.75,1.0,0,0,3,6,1967,1985,98112,47.6027,-122.305,1440,12920,863000
1870,3,2.75,3.0,0,0,3,8,2003,0,98059,47.4824,-122.124,820,5860,636000
3590,7,4.0,3.0,1,3,4,10,1982,0,98178,47.4876,-122.237,2100,10020,1614000
1680,4,2.0,1.5,0,0,3,9,1909,0,98118,47.5204,-122.274,1150,9640,342000
1500,4,2.0,1.5,0,0,3,7,1907,0,98199,47.6537,-122.407,1410,13300,568000
2800,4,2.75,1.5,0,0,3,10,1957,0,98115,47.6907,-122.305,2010,8580,1185000
1760,4,2.5,1.0,0,0,5,8,1971,0,98023,47.3309,-122.362,1830,26620,340000
4580,7,5.0,1.5,1,4,3,11,1918,0,98144,47.5712,-122.315,3310,6360,2592000
1520,3,2.0,1.0,0,0,3,8,1922,2004,98133,47.7493,-122.337,1420,5680,331000
3450,5,4.75,1.5,0,0,3,8,1917,0,98023,47.2993,-122.354,3220,7880,659000
1490,3,2.75,2.0,0,0,4,7,1975,0,98004,47.6181,-122.211,1150,10710,622000
1990,5,2.75,1.0,0,0,4,7,1969,0,98133,47.7296,-122.342,1740,5160,532000
1330,2,1.5,2.0,0,0,3,7,1947,0,98023,47.3034,-122.359,1210,5520,239000
2650,4,2.75,1.0,0,0,5,8,2002,0,98199,47.6524,-122.405,2610,4800,1283000
1700,3,2.25,1.5,0,0,3,7,1905,0,98004,47.6192,-122.192,1810,17160,800000
1230,3,2.0,2.0,0,0,3,6,1935,0,98103,47.6821,-122.328,810,13740,409000
2710,5,3.5,1.0,0,0,3,8,2013,0,98133,47.7342,-122.339,2270,4190,640000
2720,5,2.25,1.0,0,0,3,8,1915,0,98112,47.6313,-122.302,2390,13620,1113000
3050,5,3.5,1.0,0,0,4,9,2001,0,98117,47.6917,-122.399,2810,7720,976000
2230,4,2.75,1.5,0,0,4,6,1946,0,98117,47.6864,-122.385,1750,6730,546000
1610,4,2.25,2.0,0,0,5,7,1903,1987,98004,47.5993,-122.19,1350,12250,883000
3160,5,3.5,1.0,0,0,3,7,1939,0,98118,47.5414,-122.262,2720,10240,665000
1460,5,1.25,1.0,0,0,4,8,1936,0,98118,47.5508,-122.282,1460,11160,426000
1480,3,2.25,1.0,0,0,3,7,1990,0,98199,47.6436,-122.375,1230,15720,425000
3700,7,3.75,1.0,0,0,3,11,1907,0,98004,47.5992,-122.2,3600,6820,2074000
2400,5,2.75,1.0,0,0,4,8,1995,0,98059,47.4761,-122.134,2390,8190,615000
1240,2,2.0,2.0,0,0,4,6,1974,0,98023,47.2946,-122.365,1250,5450,240000
1430,4,1.25,1.0,0,0,4,5,1930,0,98031,47.3919,-122.176,920,8420,193000
2660,5,3.25,1.0,0,0,3,6,1977,0,98023,47.3172,-122.352,3190,3110,330000
2040,3,2.75,1.0,0,0,3,8,1977,0,98103,47.6619,-122.353,1670,9980,636000
2070,4,2.5,2.0,0,0,2,6,1971,0,98042,47.3814,-122.114,1920,6250,283000
2490,4,2.75,1.5,0,0,4,9,1962,0,98031,47.4359,-122.212,1890,9270,563000
1080,2,1.75,1.0,0,0,4,5,1981,0,98133,47.7453,-122.349,680,8030,202000
2180,5,3.5,1.0,0,0,3,8,1919,0,98023,47.3065,-122.337,2010,3630,436000
3400,6,3.75,2.0,0,0,3,8,1989,0,98023,47.2971,-122.357,2920,5870,621000
2920,4,4.0,1.0,0,0,4,8,1933,0,98059,47.4931,-122.119,2840,6530,613000
1020,2,1.5,1.0,0,2,1,6,1919,0,98117,47.6973,-122.386,740,5380,312000
960,2,1.25,1.0,0,0,3,4,1993,0,98052,47.6797,-122.113,710,10820,303000
2810,4,3.75,1.5,0,0,3,10,2011,0,98133,47.7636,-122.358,2950,6550,842000
1320,3,1.75,1.0,0,0,3,7,1976,0,98133,47.7361,-122.348,1100,8810,323000
1610,2,1.5,1.0,0,0,3,8,1906,0,98052,47.6894,-122.112,1100,2230,741000
1470,3,1.75,2.0,0,4,4,7,1962,2015,98052,47.673,-122.112,1760,5290,556000
1220,3,0.75,1.0,0,0,3,6,1902,0,98052,47.6814,-122.11,1210,10040,352000
1610,4,2.25,1.0,0,0,3,7,1922,0,98178,47.4767,-122.233,1640,13330,276000
2850,5,3.0,3.0,0,0,3,8,1904,0,98033,47.6813,-122.182,2720,11250,1027000
2480,4,3.0,2.0,0,1,4,8,1915,0,98178,47.4836,-122.237,2760,5800,534000
1470,3,1.75,1.0,0,0,3,7,2000,0,98004,47.6242,-122.212,1260,4430,797000
2540,5,2.5,2.0,0,0,3,9,1925,0,98106,47.545,-122.354,2060,9040,387000
950,2,1.75,1.5,0,0,3,6,1916,0,98178,47.5086,-122.238,870,8910,157000
1950,4,2.25,1.0,0,3,3,9,1991,0,98052,47.6603,-122.141,1760,14990,921000
2790,3,3.75,2.0,0,0,4,9,1958,0,98133,47.7432,-122.346,2680,8030,722000
2230,5,2.75,1.0,0,0,3,8,1944,0,98033,47.6914,-122.186,2330,5180,723000
720,3,2.25,1.0,0,0,4,6,1978,0,98103,47.6624,-122.361,600,8760,289000
1520,4,1.5,1.0,0,0,3,8,1955,0,98023,47.2918,-122.369,830,6900,344000
890,3,1.5,2.0,0,0,5,6,1916,0,98133,47.731,-122.343,690,2570,199000
2930,5,3.25,2.0,0,0,4,8,1972,0,98199,47.6673,-122.404,2400,4470,1025000
1680,5,1.25,1.0,0,0,3,6,1933,0,98042,47.374,-122.097,1790,7370,225000
2750,6,3.25,1.0,0,0,3,10,1956,0,98178,47.4922,-122.239,3030,7010,574000
1820,3,2.5,1.0,0,0,3,7,2014,0,98117,47.6829,-122.368,1530,6440,514000
3150,6,4.0,3.0,0,0,4,9,1988,0,98004,47.5902,-122.22,2670,5400,1605000
1090,2,1.0,1.0,0,0,3,7,1906,0,98004,47.6025,-122.2,600,8540,684000
2930,5,3.25,2.0,0,0,4,9,1943,0,98199,47.6462,-122.393,2860,2810,1103000
2270,3,2.25,1.0,0,2,3,8,2000,0,98178,47.4913,-122.242,1860,4250,601000
2290,4,3.25,1.0,0,0,5,7,2011,0,98115,47.6679,-122.295,2100,3990,758000
1940,4,2.25,1.5,0,0,3,7,1984,0,98103,47.6776,-122.323,2010,7570,591000
1850,4,2.25,1.0,0,0,3,7,1936,1992,98004,47.6124,-122.201,2090,8380,816000
2650,6,3.75,1.0,0,3,4,8,1914,0,98106,47.5545,-122.361,3220,7610,708000
1650,4,2.25,1.0,0,0,4,6,1979,2006,98125,47.7125,-122.285,1340,11230,393000
880,2,1.5,1.5,0,0,3,6,1970,0,98031,47.4025,-122.199,730,4490,179000
1880,5,1.75,1.0,0,0,3,9,1928,0,98033,47.6684,-122.194,1730,10150,756000
1400,3,1.25,1.0,0,0,5,8,1990,0,98106,47.5199,-122.362,950,7210,312000
2930,5,3.75,2.0,0,0,4,8,1925,0,98103,47.6737,-122.336,3670,4820,831000
2880,5,4.0,1.0,0,2,4,7,1941,2014,98031,47.411,-122.187,2320,4170,679000
1530,4,2.75,2.0,0,0,3,7,1928,0,98178,47.508,-122.268,1350,7710,361000
2070,5,3.0,1.0,0,0,4,8,1925,0,98117,47.6783,-122.373,1930,7920,596000
3220,7,3.5,1.0,0,0,3,9,1981,0,98059,47.4967,-122.123,3040,18480,841000
1760,2,2.75,2.0,0,0,4,7,1926,0,98103,47.6689,-122.337,980,9880,566000
1540,2,1.75,1.0,0,0,3,7,1926,0,98118,47.5385,-122.261,1900,6970,365000
1020,2,1.75,2.0,0,0,3,5,1937,0,98178,47.506,-122.222,920,7100,190000
4210,7,5.25,2.0,0,0,3,11,1967,1997,98144,47.5809,-122.293,5200,5290,1224000
1870,4,2.75,2.0,0,0,3,8,1973,0,98178,47.491,-122.261,1340,7170,388000
1950,4,2.75,2.0,0,0,4,8,1929,0,98023,47.3019,-122.369,1630,6670,350000
1600,3,1.75,1.0,0,0,3,7,1901,0,98042,47.3769,-122.123,1510,3590,210000
3930,6,4.5,1.0,0,0,3,11,1955,0,98059,47.4751,-122.132,2870,6990,1023000
2220,3,3.0,1.5,0,0,3,8,1947,0,98144,47.5754,-122.279,2460,9400,534000
2670,5,3.5,2.0,0,0,4,8,1992,0,98125,47.7117,-122.306,2580,12730,731000
1600,4,2.0,2.0,0,0,4,9,2005,0,98144,47.5713,-122.293,1270,8990,470000
1600,2,1.75,2.0,0,0,5,7,1940,2001,98052,47.6672,-122.138,1210,4440,662000
1110,3,1.5,1.5,0,0,3,7,2007,0,98042,47.3787,-122.133,1040,4760,206000
2260,6,3.0,2.0,0,0,3,7,1981,0,98144,47.565,-122.314,2230,4710,576000
1850,4,1.75,2.0,0,0,4,7,1981,0,98023,47.2967,-122.366,1540,3800,329000
1110,1,1.0,2.0,0,0,4,4,1993,0,98133,47.7467,-122.363,950,7190,178000
1810,4,2.5,2.0,0,0,3,8,2014,0,98117,47.6796,-122.396,2300,6230,495000
1170,3,1.25,2.0,0,0,3,7,1940,0,98199,47.6409,-122.397,1010,10910,374000
1910,3,3.0,2.0,0,0,5,7,1963,0,98118,47.5399,-122.266,1500,8510,431000
1630,3,2.5,1.0,0,0,3,6,1940,0,98117,47.6775,-122.388,1240,10930,470000
3230,6,3.5,1.0,0,0,3,8,1994,0,98059,47.4842,-122.115,2160,5480,814000
1880,5,2.75,2.0,0,0,3,6,1920,0,98118,47.5423,-122.31,2490,4880,342000
1890,4,1.75,1.0,0,0,4,6,1949,0,98133,47.7279,-122.328,1690,3760,416000
2380,5,3.0,1.5,0,3,3,8,1987,0,98144,47.5907,-122.288,1890,7040,771000
1150,3,1.25,1.0,0,0,4,6,1911,2011,98117,47.6795,-122.373,1230,9280,361000
1320,3,2.25,1.0,0,0,4,7,2003,0,98042,47.3506,-122.125,1050,23330,224000
780,2,1.25,1.0,0,0,4,6,1922,0,98023,47.3128,-122.357,730,6840,165000
3160,5,3.75,1.0,0,0,3,9,1989,0,98199,47.6285,-122.392,2930,10930,1030000
1110,2,1.25,1.0,0,0,3,7,1936,0,98033,47.6529,-122.206,1330,15760,416000
2400,4,4.0,1.0,0,0,5,7,1962,0,98042,47.3693,-122.133,2470,3410,386000
1980,3,2.5,2.0,0,0,4,7,1918,0,98199,47.6413,-122.381,1580,6900,691000
1160,3,2.0,1.0,0,0,4,6,1911,0,98103,47.6718,-122.339,860,7420,288000
2080,4,2.75,2.0,0,0,4,8,1972,0,98144,47.58,-122.292,2140,14050,550000
1570,4,2.0,2.0,0,0,3,7,1937,0,98031,47.4147,-122.206,1350,5770,342000
1320,2,2.5,1.5,0,2,3,7,1999,0,98059,47.4836,-122.13,1240,5450,296000
2000,3,2.75,1.5,0,0,3,8,1981,0,98042,47.3851,-122.121,2160,11100,370000
1640,4,2.0,2.0,0,0,4,7,1927,0,98117,47.6836,-122.368,960,3380,557000
1290,3,1.75,3.0,0,0,3,6,1936,0,98144,47.5852,-122.308,1390,13150,315000
2010,4,2.75,1.0,0,0,3,7,1984,0,98033,47.6851,-122.185,1790,4590,668000
1950,4,2.25,2.0,0,0,3,10,1921,0,98125,47.7132,-122.296,2050,5340,553000
2960,4,2.25,2.0,0,0,3,9,1973,0,98118,47.5473,-122.266,1900,3350,679000
2630,5,3.75,1.0,0,0,3,9,2001,0,98178,47.4738,-122.233,2490,13160,516000
2350,3,3.5,1.0,0,3,4,7,1909,0,98059,47.477,-122.124,1630,9200,668000
3640,7,4.25,1.0,0,0,3,10,1961,0,98031,47.4022,-122.198,2930,12460,662000
2940,5,3.5,2.0,0,0,3,8,1951,0,98199,47.6669,-122.431,2270,6400,1126000
2500,6,2.75,1.0,0,0,3,10,1909,0,98118,47.5208,-122.256,2740,10760,497000
1320,3,1.75,1.0,0,0,3,7,1990,0,98133,47.7324,-122.355,960,7800,278000
3320,5,4.0,1.0,0,0,3,9,1978,0,98117,47.6829,-122.407,4590,7890,1082000
1130,1,2.0,1.0,0,0,4,4,1989,0,98118,47.5429,-122.259,1470,3070,238000
1580,3,1.5,2.0,0,0,3,8,1923,0,98106,47.5338,-122.354,1400,7100,385000
6500,7,5.5,1.0,0,0,5,12,1955,0,98052,47.6886,-122.117,5320,23700,2987000
2890,5,3.75,2.0,0,0,3,9,1967,0,98118,47.5251,-122.267,3080,9750,602000
2640,5,3.0,1.0,0,0,5,8,1997,0,98103,47.6733,-122.332,3760,9240,869000
1980,4,3.0,1.0,0,0,5,7,2010,0,98117,47.6903,-122.403,2310,8150,498000
2690,5,3.5,1.5,0,0,3,9,1992,0,98178,47.4822,-122.248,2750,3680,456000
1150,3,2.0,1.0,0,0,3,6,1999,0,98117,47.6885,-122.386,1080,4580,347000
1370,4,2.25,2.0,0,0,3,6,1946,0,98106,47.5359,-122.342,1340,14090,274000
2270,5,2.75,2.0,0,0,3,8,1999,0,98106,47.5399,-122.347,1780,11300,551000
2140,4,3.0,1.0,0,0,3,7,1928,0,98144,47.5858,-122.272,2490,12480,469000
2330,4,3.0,2.0,0,0,2,8,1924,1990,98199,47.6504,-122.408,2070,6660,998000
3060,5,3.5,1.0,1,4,3,9,1939,0,98103,47.6633,-122.338,2950,6140,1967000
2720,5,3.5,1.5,0,0,3,9,1977,0,98125,47.7094,-122.297,3530,10950,719000
1940,5,2.75,1.5,0,1,3,6,1968,2011,98004,47.6062,-122.192,1590,2390,944000
2090,4,3.0,2.0,0,0,3,8,1965,0,98115,47.703,-122.28,1850,9280,505000
2870,5,4.0,1.0,0,0,4,10,1923,0,98178,47.5059,-122.255,3400,11460,662000
2240,4,2.5,1.0,0,0,3,8,1987,0,98199,47.6612,-122.375,1830,15900,1131000
2460,5,2.5,2.0,0,0,4,9,1978,0,98031,47.4151,-122.209,2570,4110,744000
2540,5,3.5,2.0,0,0,4,8,1910,0,98004,47.592,-122.207,2640,6030,1593000
1620,3,2.25,2.0,0,2,4,4,1912,0,98052,47.6734,-122.122,1480,17750,487000
850,2,1.0,3.0,0,2,3,5,1914,2010,98106,47.5134,-122.337,760,6620,162000
2240,5,3.5,1.0,0,0,3,7,1959,0,98059,47.4765,-122.126,2440,7090,529000
2600,5,2.5,1.0,0,0,3,8,1936,0,98033,47.6841,-122.206,1400,9800,1008000
1780,4,2.5,1.5,0,0,3,7,1913,0,98004,47.6312,-122.194,2010,10010,714000
1080,3,1.25,2.0,1,4,3,5,1976,0,98106,47.518,-122.353,920,5530,333000
2020,5,2.0,2.0,0,0,3,7,2000,0,98031,47.4008,-122.188,950,9080,470000
2240,3,3.0,1.0,0,0,3,8,1944,0,98133,47.7352,-122.337,1520,8670,689000
1620,4,2.75,1.0,0,0,3,7,1915,0,98144,47.5768,-122.295,1830,13760,418000
1420,3,2.5,2.0,0,0,3,7,1902,1991,98125,47.7316,-122.323,1260,5190,416000
3410,6,4.0,2.0,0,0,4,8,1937,0,98106,47.5454,-122.335,2690,6750,645000
1200,4,1.75,3.0,0,0,3,6,1945,0,98112,47.6201,-122.306,940,11020,419000
2010,4,3.0,1.5,0,1,2,6,1937,0,98103,47.6336,-122.332,2250,13720,577000
3340,4,4.5,2.0,0,0,3,8,1914,0,98103,47.6715,-122.353,2650,14800,1000000
1210,3,1.75,1.0,0,3,3,6,1924,0,98117,47.6786,-122.382,780,24490,458000
2240,4,3.25,1.0,0,0,3,7,1928,0,98199,47.6449,-122.401,1870,4120,685000
1130,3,1.75,1.0,0,0,3,8,1953,0,98115,47.6794,-122.302,1290,12800,498000
2200,4,2.5,1.0,0,0,3,8,1997,0,98023,47.2944,-122.371,1820,7650,299000
2560,5,3.0,1.0,0,0,3,8,1954,2009,98125,47.7267,-122.302,2530,4610,696000
1570,4,2.0,3.0,0,0,3,6,1903,0,98059,47.481,-122.117,1420,14370,322000
1140,4,1.75,2.0,0,0,3,6,1944,0,98178,47.5214,-122.239,760,7870,185000
1240,4,1.0,1.0,0,0,4,7,2011,0,98118,47.5321,-122.277,1390,11060,354000
2710,6,3.25,2.0,0,0,3,9,1917,0,98023,47.3003,-122.379,2460,8210,442000
2520,4,3.25,2.0,0,0,3,8,1990,0,98059,47.4721,-122.153,1960,8680,827000
2380,4,2.75,1.0,0,0,3,8,1961,0,98052,47.6797,-122.126,2540,5410,1130000
850,3,1.5,1.0,0,0,1,6,2005,0,98178,47.4961,-122.254,670,11860,164000
2960,5,4.25,1.0,0,0,4,8,1920,0,98117,47.6924,-122.373,1760,4820,632000
3300,6,3.5,3.0,0,0,3,8,1966,0,98144,47.5971,-122.303,2870,7650,907000
1160,3,1.5,1.0,0,2,3,5,1984,0,98106,47.5325,-122.334,860,9340,215000
2040,5,2.75,1.0,0,0,3,7,1959,0,98004,47.6318,-122.236,2200,5190,1182000
1250,3,1.5,1.0,0,0,3,5,1944,0,98042,47.3773,-122.117,1510,9540,221000
2080,4,2.75,2.0,0,2,3,8,1969,0,98199,47.6293,-122.407,1620,9160,931000
1080,3,1.5,2.0,0,0,4,6,1980,0,98052,47.6974,-122.108,910,13560,436000
2050,5,3.25,3.0,0,0,3,8,1950,0,98023,47.3038,-122.358,1980,5810,339000
1810,3,2.5,1.0,0,0,3,7,1932,0,98106,47.527,-122.357,1910,11970,417000
1430,3,1.75,1.0,0,0,3,6,1970,0,98106,47.5313,-122.35,1360,7150,319000
1470,4,1.75,1.0,0,0,3,6,1999,0,98052,47.6798,-122.116,1520,6900,466000
3790,7,5.0,1.0,0,0,4,11,1902,0,98023,47.3181,-122.334,2540,3580,872000
2040,5,2.25,3.0,0,0,3,8,1970,0,98118,47.5503,-122.273,1440,8670,411000
2290,5,2.75,2.0,0,0,3,8,1992,0,98033,47.6802,-122.199,2040,10820,1000000
1620,4,2.25,2.0,0,2,3,5,1940,0,98125,47.7141,-122.313,1370,5200,394000
1860,5,2.25,1.0,0,0,4,6,1989,0,98023,47.3076,-122.354,1150,6440,267000
2280,4,3.0,1.0,1,3,4,7,1955,0,98033,47.7006,-122.202,2100,14560,1448000
2800,5,3.75,1.5,0,0,4,8,1972,0,98133,47.745,-122.355,2160,14470,691000
1690,3,2.75,2.0,0,0,3,7,1939,0,98178,47.5407,-122.271,1100,10350,248000
2970,6,4.0,1.5,0,0,4,8,1929,0,98033,47.7099,-122.205,3280,6980,952000
1180,2,1.75,1.0,0,0,3,7,1996,0,98112,47.6098,-122.285,1140,6760,494000
1890,3,2.0,1.0,0,0,4,7,1982,0,98103,47.6619,-122.358,1380,5040,662000
3440,6,3.5,1.0,0,0,4,10,2011,0,98052,47.6982,-122.114,2140,5660,1830000
1950,4,2.75,2.0,0,0,4,7,1910,0,98118,47.5286,-122.274,920,2450,390000
2660,4,3.25,1.0,0,4,3,9,1922,0,98042,47.3652,-122.117,1960,5010,538000
1540,3,2.5,1.5,0,0,3,6,1965,0,98178,47.4847,-122.24,1310,5700,227000
2190,4,2.25,2.0,0,0,3,7,1905,0,98023,47.3112,-122.343,2280,9100,290000
2670,5,2.75,1.5,0,0,3,9,1930,0,98052,47.6727,-122.112,2160,13260,1009000
2080,3,1.75,2.0,0,0,3,5,1985,0,98199,47.651,-122.411,2100,6660,619000
1960,4,2.75,2.0,0,0,3,7,1967,0,98052,47.6865,-122.11,2230,12940,620000
2060,5,2.25,1.5,0,0,3,8,1984,0,98004,47.6284,-122.204,1630,14780,834000
2530,5,3.5,1.0,0,0,3,7,1990,0,98031,47.4118,-122.178,2400,4020,512000
3530,6,4.5,2.0,0,0,4,10,1925,0,98033,47.6888,-122.198,3680,6340,1805000
1680,3,2.25,1.0,0,2,3,7,1981,0,98133,47.752,-122.334,1390,13930,368000
2790,5,3.25,1.0,0,3,5,8,1940,0,98004,47.6218,-122.196,2220,7190,1735000
4170,7,5.5,1.0,0,0,4,11,2007,0,98031,47.4136,-122.214,3190,6830,963000
1630,3,2.5,2.0,0,0,4,6,1918,0,98023,47.3265,-122.355,1430,1940,180000
2470,5,2.5,1.0,0,0,3,8,2003,0,98199,47.6371,-122.38,2290,9600,947000
1270,3,1.5,1.0,0,0,4,5,1927,0,98112,47.6263,-122.314,1160,15080,490000
1390,3,2.25,2.0,0,0,4,6,1925,0,98144,47.593,-122.288,1080,4970,324000
1770,4,2.0,1.0,0,0,3,8,1993,0,98103,47.6721,-122.35,890,6630,623000
1850,3,1.5,1.0,0,0,3,6,1985,0,98112,47.6351,-122.297,1670,5240,652000
2260,3,3.0,1.0,0,0,3,8,1915,0,98004,47.5843,-122.206,2780,5740,1336000
3090,6,3.75,2.0,0,0,2,10,1942,0,98052,47.6797,-122.112,2840,17930,1116000
1330,4,1.75,1.0,0,0,4,6,1992,0,98031,47.3989,-122.205,1480,8270,301000
2810,5,2.5,1.0,0,0,3,9,1966,0,98042,47.3745,-122.099,3020,7880,635000
2090,5,2.5,2.0,0,0,3,7,1945,0,98178,47.4916,-122.259,1640,3870,327000
2200,5,3.25,2.0,0,2,3,7,1923,0,98117,47.6982,-122.379,1630,3470,736000
3200,7,4.5,1.0,0,0,5,10,1979,0,98023,47.3169,-122.369,2030,2490,729000
4740,7,5.0,1.0,0,0,4,11,1998,0,98133,47.7481,-122.346,3800,9750,1521000
1810,4,2.5,2.0,0,3,3,7,2001,0,98133,47.7413,-122.35,1670,4620,495000
1690,5,2.5,1.0,0,2,3,7,1983,0,98125,47.7157,-122.294,770,7870,614000
1410,3,2.0,1.0,0,0,3,7,1978,0,98117,47.6935,-122.384,1540,3500,368000
3180,6,3.75,1.0,0,0,3,9,1972,0,98042,47.345,-122.099,2770,10850,720000
1840,4,3.75,3.0,0,0,4,8,1964,0,98004,47.6377,-122.194,1690,13670,1104000
1860,2,2.5,1.0,0,0,3,8,1951,0,98199,47.6559,-122.42,2490,10240,795000
1800,3,2.5,1.0,0,0,3,6,1949,0,98004,47.6388,-122.208,2210,8600,580000
1640,3,2.5,2.0,0,0,4,7,1922,0,98144,47.5955,-122.304,1330,2300,497000
2500,5,2.75,1.0,0,0,3,9,1922,0,98052,47.6745,-122.13,1430,14400,787000
2270,4,2.75,2.0,0,0,4,6,1951,0,98042,47.3613,-122.118,2320,13780,511000
1670,2,2.75,2.0,0,2,4,7,1975,0,98144,47.5699,-122.312,2120,8070,621000
2150,4,3.25,2.0,0,0,3,9,1962,0,98103,47.6749,-122.335,1040,4700,721000
1970,3,2.25,2.0,0,0,4,9,1908,2005,98117,47.6987,-122.381,1840,7720,849000
2350,5,3.25,1.0,0,0,4,8,1985,0,98031,47.3936,-122.21,2390,4320,614000
2070,4,3.0,1.0,0,0,3,9,2015,0,98023,47.2998,-122.362,1650,5110,395000
2420,4,3.0,1.5,0,0,3,7,1905,1995,98178,47.5096,-122.255,2340,14500,425000
2910,6,3.0,2.0,0,0,5,8,2008,0,98004,47.6068,-122.2,2270,5600,1933000
1910,4,2.25,1.0,0,0,3,9,1930,0,98033,47.6666,-122.182,1850,5400,943000
2650,5,3.75,1.0,0,0,3,8,1953,0,98033,47.679,-122.202,2720,8940,893000
1820,2,3.25,1.0,0,0,3,7,1908,0,98125,47.705,-122.289,2090,8480,403000
1150,1,1.5,2.0,0,0,4,6,1962,2012,98117,47.6737,-122.382,990,9290,294000
4970,7,5.5,2.0,0,0,5,12,2015,0,98052,47.6698,-122.137,5500,4960,2626000
2430,5,3.25,1.0,0,2,4,9,2008,0,98144,47.5854,-122.307,1070,10840,735000
1320,1,2.0,1.0,0,0,3,6,1982,0,98023,47.3085,-122.345,1060,6420,203000
2880,5,3.5,1.0,0,0,3,10,1902,2014,98125,47.7,-122.279,2560,6950,1046000
1680,2,2.0,1.0,0,4,3,6,1943,0,98144,47.583,-122.289,1390,10230,456000
2870,4,3.0,1.0,1,4,3,9,1975,0,98115,47.6642,-122.317,2850,5380,1374000
1370,4,1.75,1.0,0,0,3,6,1959,0,98042,47.3638,-122.139,1350,8750,315000
2020,4,2.5,1.0,0,0,4,7,1966,0,98033,47.6782,-122.201,1920,4910,791000
1520,2,2.0,2.0,0,0,3,7,1971,0,98059,47.4728,-122.127,1320,8320,445000
960,2,1.0,2.0,0,3,5,8,1954,1988,98178,47.4979,-122.244,920,6440,337000
2480,3,3.25,1.0,1,4,3,8,1987,0,98103,47.6756,-122.328,3130,5460,1626000
2380,3,2.5,1.0,0,0,4,8,1988,0,98052,47.6806,-122.135,1740,6060,1036000
2510,4,2.5,1.0,0,0,3,8,1908,0,98059,47.4771,-122.133,1830,6830,489000
2140,4,2.75,2.0,0,0,4,8,1923,0,98115,47.7151,-122.307,2450,14110,576000
630,1,1.5,2.0,0,1,4,6,1940,0,98199,47.6607,-122.395,620,18790,287000
1220,3,2.25,1.0,0,0,3,7,1922,0,98144,47.5751,-122.299,830,5080,339000
3450,5,4.25,1.0,0,0,3,9,1936,0,98052,47.6684,-122.132,2590,8080,1097000
4040,6,5.25,2.0,0,0,3,11,1975,0,98106,47.5206,-122.355,3640,3750,1108000
2320,5,2.75,1.0,0,0,4,8,1926,0,98125,47.7128,-122.339,1910,6230,600000
2430,6,2.5,2.0,1,3,3,8,1949,0,98106,47.5274,-122.326,1630,8090,741000
1470,3,2.5,1.5,0,0,3,7,1971,0,98115,47.676,-122.304,1660,7660,484000
1600,2,2.0,2.0,0,0,3,7,1935,0,98031,47.408,-122.185,1520,5200,241000
2750,6,4.0,2.0,0,4,3,7,1995,0,98031,47.4169,-122.2,2260,17600,608000
1330,3,1.5,2.0,0,0,3,5,1941,0,98115,47.6713,-122.298,1710,5990,353000
2240,5,2.0,2.0,0,2,3,8,1963,0,98059,47.4745,-122.144,2010,7700,571000
2230,2,2.5,1.0,0,0,4,7,1968,0,98112,47.6374,-122.295,2340,6100,1101000
2100,4,2.5,2.0,0,2,4,8,1937,0,98106,47.551,-122.361,950,6890,500000
1470,3,2.5,1.0,0,0,4,7,1968,2001,98117,47.6869,-122.408,1140,3970,633000
2550,4,2.75,2.0,0,0,3,8,1997,0,98118,47.5509,-122.285,1850,4430,772000
2070,4,2.5,2.0,0,2,1,6,1964,0,98125,47.7173,-122.297,2390,1990,405000
1220,3,1.0,2.0,0,0,5,5,1948,2002,98052,47.6745,-122.126,1380,7280,334000
2890,6,3.25,1.0,0,0,3,10,2000,0,98112,47.6239,-122.296,2670,9620,1328000
1830,3,2.75,1.0,0,0,3,8,1900,2000,98199,47.6467,-122.418,1670,2770,624000
1220,4,1.25,2.0,0,0,3,6,1947,0,98112,47.6289,-122.308,1050,12790,484000
2800,4,3.25,1.0,0,0,3,9,2012,0,98033,47.672,-122.202,2370,10860,1054000
1800,1,2.25,1.5,0,0,4,6,1929,0,98133,47.7359,-122.357,1440,6910,426000
1830,3,2.0,2.0,0,0,3,6,1996,0,98133,47.7294,-122.331,2190,12850,352000
2270,4,2.75,1.0,0,0,3,8,1968,0,98133,47.7416,-122.332,940,7010,619000
1080,3,2.0,1.0,0,0,3,6,1978,0,98199,47.642,-122.393,1210,7210,303000
2480,4,3.25,2.0,0,0,4,7,1987,0,98103,47.675,-122.343,1810,9650,800000
2830,6,3.0,1.0,0,0,4,9,1964,1989,98106,47.5397,-122.333,2150,7500,730000
2560,5,3.0,1.0,0,0,3,9,1910,0,98144,47.5655,-122.299,2800,16280,889000
2270,4,2.25,1.0,0,2,3,7,1900,0,98004,47.6203,-122.191,2480,5090,1021000
1410,4,1.75,2.0,0,0,3,7,1929,0,98125,47.6978,-122.302,1550,8200,322000
1710,2,2.5,1.0,0,0,3,8,1974,2007,98133,47.7312,-122.352,1640,3680,430000
2290,4,3.0,1.5,0,0,5,9,1910,0,98023,47.2916,-122.351,1940,14600,449000
1170,3,2.0,1.0,0,0,4,6,1903,0,98115,47.703,-122.314,1210,9170,360000
2520,6,3.5,1.0,0,0,3,8,1982,0,98004,47.622,-122.212,2150,5620,1172000
1840,4,3.0,2.0,0,0,3,8,1996,0,98178,47.4871,-122.226,1490,6870,373000
3500,7,4.75,2.0,0,0,4,9,1948,0,98004,47.5779,-122.198,1970,9450,1633000
1990,3,2.0,1.5,0,0,3,7,1941,1987,98133,47.7391,-122.344,2100,8940,408000
1130,3,1.5,1.5,0,0,4,6,1940,2006,98052,47.7037,-122.13,740,7600,454000
520,1,1.5,2.0,0,0,3,6,1959,0,98112,47.6417,-122.311,600,5780,232000
1660,4,2.5,3.0,0,0,4,8,1900,0,98178,47.4959,-122.25,1650,5410,372000
3960,7,5.25,1.0,0,0,3,11,1935,0,98033,47.6772,-122.176,3350,10890,1642000
1200,2,1.25,1.0,0,0,3,6,1987,0,98033,47.6836,-122.212,1220,11510,451000
2530,5,3.5,2.0,0,4,4,8,2013,0,98059,47.4634,-122.15,1790,7390,985000
2490,5,3.5,1.0,0,0,3,9,1976,0,98115,47.6886,-122.305,2150,4460,936000
3490,7,4.75,2.0,0,0,3,11,1947,1986,98118,47.5304,-122.266,3330,7090,1134000
1050,3,1.5,1.0,0,1,4,6,1919,0,98178,47.5001,-122.246,850,11840,213000
1750,4,2.25,2.0,0,0,3,5,1906,0,98125,47.7305,-122.299,1120,2890,322000
2580,4,2.75,2.0,0,0,3,7,2013,0,98059,47.4847,-122.106,1800,9280,665000
2390,4,2.5,1.0,0,0,4,8,1914,0,98117,47.7058,-122.379,2530,8310,933000
1900,3,3.0,2.0,0,0,3,8,1931,0,98106,47.5368,-122.345,1260,6410,430000
960,2,0.75,2.0,0,0,3,5,1991,0,98117,47.6684,-122.403,660,5360,239000
3490,5,3.75,1.0,0,0,3,10,1996,0,98117,47.6789,-122.386,3430,15150,1297000
2130,4,2.5,1.0,0,3,4,8,1970,0,98031,47.3943,-122.193,2040,3770,548000
1770,3,2.5,1.5,0,0,2,7,2004,0,98125,47.7111,-122.28,1720,6580,402000
2230,5,2.5,2.0,0,0,3,7,1963,0,98033,47.6788,-122.204,2240,8150,677000
1170,3,1.75,1.5,0,0,3,7,2005,0,98059,47.4904,-122.131,730,9170,256000
2610,5,3.25,2.0,0,0,4,9,1913,0,98117,47.6701,-122.37,2140,9960,1023000
1610,2,2.0,1.0,0,0,3,7,1974,0,98125,47.7093,-122.292,1420,2630,464000
2610,4,2.5,2.0,0,0,3,7,1920,0,98112,47.6279,-122.283,1370,8620,946000
1820,2,2.75,2.0,0,0,4,7,2004,0,98125,47.7067,-122.341,1750,8520,414000
1290,1,1.5,2.0,0,0,3,6,1979,1994,98144,47.5837,-122.288,1520,6300,260000
2160,4,2.5,2.0,0,0,3,7,1916,1985,98103,47.693,-122.346,1800,6950,789000
1710,3,2.5,2.0,0,0,4,6,1924,0,98031,47.4008,-122.229,1070,6060,353000
2230,4,2.25,1.0,0,0,3,7,1958,0,98033,47.6723,-122.213,1880,9660,759000
1270,3,1.75,1.5,0,0,5,6,1935,0,98106,47.5329,-122.345,1260,5800,211000
1710,3,1.75,2.0,0,0,3,6,1945,0,98118,47.5313,-122.278,1310,6990,324000
1260,4,1.0,1.0,0,0,3,6,1930,0,98023,47.3186,-122.346,1030,3470,208000
2070,5,2.25,1.0,0,0,4,7,1919,0,98112,47.6178,-122.301,1740,8290,715000
1510,3,2.5,2.0,0,0,3,6,2003,0,98106,47.5367,-122.353,1590,7640,300000
1640,4,1.5,2.0,0,2,3,7,1987,0,98106,47.5276,-122.34,710,7810,397000
1610,3,2.75,2.0,0,0,3,8,1949,0,98118,47.5462,-122.273,1380,8460,353000
2100,4,2.75,2.0,0,0,3,6,1992,0,98106,47.5413,-122.339,1800,8550,362000
1380,3,2.0,2.0,0,0,3,7,1938,0,98059,47.4743,-122.119,960,7680,475000
1020,3,1.75,1.0,0,0,4,5,1972,0,98042,47.3656,-122.115,660,6370,168000
2740,5,3.25,2.0,0,0,3,9,1975,0,98042,47.382,-122.116,2580,9610,521000
2080,3,3.25,1.0,0,0,3,9,2007,0,98023,47.2863,-122.368,1740,3670,410000
2480,5,2.5,1.0,0,0,5,7,1908,2000,98199,47.6691,-122.382,2680,6350,1036000
2240,4,4.0,1.0,0,0,3,7,1912,0,98125,47.6907,-122.302,1500,17790,454000
2500,4,2.5,2.0,0,0,4,6,1939,0,98117,47.6967,-122.375,1920,4260,554000
1640,3,1.75,1.0,0,0,3,8,1923,0,98199,47.6563,-122.376,1530,5010,563000
1500,2,2.0,1.0,0,0,3,4,1926,0,98115,47.6911,-122.288,1090,5090,403000
2690,5,3.25,2.0,0,0,5,9,1998,0,98118,47.5462,-122.266,2540,3160,566000
2380,5,2.5,1.5,1,3,3,7,1915,0,98199,47.659,-122.41,2890,5190,1601000
2050,5,2.75,2.0,0,2,4,7,1964,0,98059,47.4926,-122.158,2290,6930,531000
2000,4,2.75,2.0,0,1,4,8,1931,0,98118,47.5433,-122.292,1720,18870,515000
1030,2,1.25,1.0,0,0,4,6,1971,1992,98031,47.413,-122.198,920,6450,223000
1070,2,2.0,2.0,0,0,5,5,1920,0,98178,47.474,-122.259,1220,3030,180000
3680,7,4.75,1.0,0,0,4,10,1995,0,98144,47.5902,-122.295,2720,5900,1006000
2670,5,3.0,1.5,0,3,2,9,1958,0,98178,47.4891,-122.245,2610,2740,577000
1860,3,3.0,2.0,0,0,3,7,2000,0,98103,47.6616,-122.337,2010,5250,460000
1340,3,1.25,2.0,0,0,5,5,1934,0,98117,47.6835,-122.389,1210,12350,387000
1600,3,2.25,1.5,0,0,3,5,1985,0,98052,47.6998,-122.126,1240,8130,572000
1140,2,2.0,2.0,0,0,4,7,1946,0,98125,47.7076,-122.305,910,3180,415000
1670,4,1.75,1.5,0,0,3,7,1958,0,98059,47.4706,-122.129,1710,7380,328000
2070,5,2.25,1.0,0,0,3,8,1972,0,98144,47.5851,-122.286,1870,10540,591000
3370,7,3.5,1.0,0,0,3,10,1998,0,98199,47.6693,-122.393,1670,5980,1247000
1130,2,1.5,2.0,0,0,4,5,1971,0,98052,47.7007,-122.12,1200,4650,357000
5650,7,5.5,1.0,0,0,4,12,2011,0,98023,47.3122,-122.362,4440,4950,1320000
2110,2,3.0,1.0,0,0,3,8,1991,0,98144,47.6029,-122.27,2090,5770,537000
920,4,2.0,1.0,0,0,3,6,1952,0,98031,47.4253,-122.178,1030,12510,155000
1320,3,1.75,2.0,1,4,3,7,1933,0,98125,47.7054,-122.292,1530,17400,587000
1890,3,2.5,1.5,0,0,3,6,1996,0,98117,47.6811,-122.379,1550,4670,503000
3100,5,2.75,1.0,0,0,3,8,1984,0,98106,47.542,-122.355,2190,8020,617000
1080,3,0.75,1.0,0,0,4,5,1917,0,98103,47.6703,-122.343,770,7460,284000
2290,5,3.25,1.0,0,0,3,6,1994,0,98033,47.6837,-122.204,2030,4100,885000
1840,3,3.25,1.0,0,2,4,6,1902,0,98033,47.6771,-122.196,2010,5670,796000
1960,5,2.75,1.0,0,0,4,7,1940,0,98178,47.4908,-122.241,1700,5220,321000
1310,3,2.25,1.0,0,0,3,7,1971,0,98004,47.5897,-122.224,1730,26230,699000
1670,3,2.75,2.0,0,0,3,7,1986,0,98103,47.6823,-122.355,1550,6260,438000
1370,3,2.25,2.0,0,0,3,6,1942,0,98106,47.5358,-122.343,1140,7490,242000
2570,5,3.75,2.0,0,0,4,9,1936,0,98042,47.3643,-122.104,2770,11190,596000
1480,3,2.0,1.0,0,0,3,6,1935,0,98052,47.6949,-122.119,1190,9080,396000
1710,3,2.75,2.0,0,0,3,6,1981,0,98144,47.5739,-122.278,2250,9900,353000
2760,5,3.75,1.0,0,0,3,9,1995,0,98042,47.3544,-122.102,2560,5640,540000
4560,7,5.0,1.0,0,0,3,11,1985,0,98103,47.6575,-122.361,3880,7030,1435000
1580,3,1.75,1.0,0,0,5,8,1919,0,98004,47.6142,-122.203,1550,3040,1061000
2260,5,2.75,2.0,0,0,3,8,1960,0,98178,47.505,-122.247,1120,11510,549000
2270,5,2.75,1.5,0,0,3,8,2008,0,98118,47.5395,-122.271,1840,6210,480000
1410,2,2.5,1.0,0,0,3,7,2000,0,98133,47.7604,-122.343,1600,7000,359000
4770,7,5.5,2.0,0,0,4,11,1907,0,98004,47.6275,-122.209,4910,5680,2920000
2230,3,3.0,2.0,0,0,3,7,1917,0,98031,47.4212,-122.2,1530,4330,409000
2670,5,3.5,1.0,0,0,3,10,1918,0,98059,47.4802,-122.125,2870,7480,752000
1980,4,2.5,1.0,1,3,3,7,1971,0,98125,47.7226,-122.298,1930,5500,952000
2110,4,2.5,1.0,0,0,4,7,1966,2015,98023,47.3128,-122.374,1850,10640,352000
2400,5,2.5,2.0,0,0,5,9,1910,0,98199,47.6454,-122.393,2740,15130,765000
1620,3,2.25,2.0,0,0,3,8,1907,0,98059,47.4858,-122.132,1350,2020,483000
2130,4,2.75,2.0,0,0,3,8,1934,0,98115,47.692,-122.292,1660,8350,656000
1780,4,1.75,1.0,0,0,3,8,1943,0,98023,47.3101,-122.359,2260,7500,285000
2010,4,2.0,1.0,0,0,3,7,1945,0,98115,47.6788,-122.289,1710,13760,485000
1080,2,1.25,2.0,0,0,3,6,1986,0,98004,47.6216,-122.184,830,15610,514000
2110,4,2.0,1.0,0,0,4,9,2010,0,98023,47.3027,-122.365,2310,4300,393000
1360,3,1.5,2.0,0,0,3,6,2006,0,98059,47.4879,-122.135,1200,7650,368000
2480,5,4.0,2.0,0,0,3,8,1992,0,98125,47.7418,-122.286,1670,13040,471000
1470,3,1.25,1.0,0,0,3,7,1952,0,98004,47.6235,-122.208,1050,7670,556000
2530,5,3.5,1.0,0,0,3,8,2013,0,98115,47.6617,-122.309,2910,5770,762000
1970,5,3.0,2.0,0,0,3,7,1921,0,98178,47.5278,-122.234,1730,14240,339000
2490,4,2.5,3.0,0,0,3,8,1942,0,98103,47.6433,-122.333,2210,2600,760000
1520,3,2.0,3.0,0,0,4,7,2010,0,98106,47.533,-122.373,1520,4560,314000
2760,5,3.5,2.0,0,0,5,8,1935,0,98112,47.6251,-122.288,2110,13670,1379000
1910,3,2.5,1.0,0,0,3,8,1993,0,98004,47.6043,-122.19,1580,14940,1157000
1790,4,1.75,1.0,0,0,5,6,1945,0,98033,47.6826,-122.181,1810,3270,725000
1390,3,1.5,1.0,0,0,4,8,1920,0,98103,47.6935,-122.343,980,12540,611000
1530,2,2.5,1.0,0,0,3,7,1917,2006,98118,47.531,-122.281,920,7260,329000
2520,5,2.5,2.0,0,0,3,8,1962,0,98052,47.6792,-122.119,1910,12220,742000
3120,6,3.5,2.0,0,0,3,9,1928,0,98004,47.5991,-122.198,3340,5080,1565000
1920,4,2.25,2.0,0,0,4,7,1965,0,98118,47.5455,-122.268,1980,7020,381000
1950,4,2.0,2.0,0,0,3,8,2007,0,98115,47.6845,-122.305,1770,4110,585000
1650,3,1.5,1.5,0,0,3,8,1995,0,98103,47.6961,-122.34,1190,6350,568000
2680,4,2.75,2.0,0,0,4,9,2012,0,98199,47.635,-122.393,3130,27540,1398000
2240,5,3.0,1.0,0,0,3,7,1959,0,98106,47.5351,-122.349,2450,13960,527000
1760,4,1.75,2.0,0,0,3,7,1947,0,98112,47.6349,-122.317,1450,10970,760000
1630,3,1.5,1.0,0,0,3,7,2013,0,98004,47.6119,-122.195,1820,4270,777000
4390,6,4.75,1.0,0,0,3,10,1907,2006,98103,47.6717,-122.366,4580,6440,1252000
1550,4,2.25,2.0,0,0,4,7,1946,0,98199,47.6706,-122.369,1590,5180,621000
1330,1,2.25,2.0,0,0,3,7,1940,0,98106,47.5354,-122.351,1510,5240,304000
850,3,1.5,1.5,0,0,3,5,1911,0,98023,47.2977,-122.37,830,5370,119000
2890,5,3.25,2.0,0,0,3,8,2001,0,98178,47.5031,-122.259,2780,5530,496000
2040,5,2.0,1.0,0,0,3,8,1941,0,98103,47.6817,-122.333,2130,4710,682000
1560,3,2.5,1.0,0,1,5,9,2014,0,98106,47.5445,-122.337,1010,4870,536000
2520,4,2.75,1.0,0,0,4,8,1999,0,98052,47.6969,-122.13,1980,10170,1209000
1450,3,2.0,1.5,0,0,3,7,1997,0,98004,47.6129,-122.192,1120,10330,751000
2090,5,3.0,2.0,0,0,3,7,1976,0,98033,47.6765,-122.175,2180,12460,702000
1240,3,1.0,1.0,0,0,4,7,1924,0,98115,47.6722,-122.306,1400,7950,428000
1800,4,2.25,1.0,0,0,3,7,1995,0,98125,47.7005,-122.278,1950,5970,357000
2180,4,2.75,3.0,0,0,5,7,1916,0,98125,47.707,-122.308,1950,4030,576000
1970,3,2.25,1.0,0,0,4,8,1989,0,98117,47.6638,-122.396,1580,6570,776000
1930,4,2.75,1.0,0,0,3,8,2007,0,98031,47.4129,-122.193,1900,7590,338000
1830,5,2.0,1.0,0,0,3,6,1998,0,98118,47.5319,-122.267,1680,7670,341000
1320,4,1.5,1.0,0,2,5,5,1946,0,98052,47.6635,-122.113,1150,3020,524000
1450,3,2.0,1.0,0,0,3,6,1997,0,98052,47.6711,-122.127,1120,11720,455000
1740,4,1.0,1.0,0,0,3,7,1992,0,98118,47.5626,-122.286,1670,3230,390000
1990,4,2.5,1.0,0,0,3,6,1969,0,98118,47.5123,-122.292,1770,7580,345000
1820,4,1.75,1.5,0,0,5,7,1912,0,98178,47.5051,-122.231,2090,17710,283000
1100,2,1.75,1.0,0,0,3,7,1976,0,98117,47.6885,-122.364,1310,5230,365000
3340,6,3.25,1.5,0,0,4,8,1947,0,98052,47.6845,-122.115,3000,10980,1301000
1930,5,3.0,2.0,0,3,3,8,1934,0,98031,47.3997,-122.186,1710,9850,490000
2210,4,2.0,2.0,0,0,3,7,1985,0,98125,47.7152,-122.275,1880,7540,443000
2110,5,3.25,2.0,0,0,3,8,1943,0,98133,47.72,-122.341,2040,6780,424000
3090,5,3.25,1.0,0,0,3,9,1935,0,98059,47.4698,-122.146,2190,11790,588000
2630,5,4.0,1.0,0,0,4,7,1957,0,98023,47.3125,-122.359,2230,8340,433000
3310,7,3.5,1.0,0,0,3,9,1971,0,98059,47.4774,-122.11,3280,6310,852000
1230,3,1.5,1.0,0,0,3,5,1994,0,98112,47.6009,-122.297,1450,9100,478000
2960,5,3.5,1.0,0,0,3,9,2008,0,98052,47.6873,-122.115,1660,3400,1009000
1510,4,1.5,1.0,0,0,3,8,1955,0,98199,47.6652,-122.399,1300,6560,474000
2020,4,2.25,1.0,0,0,3,8,1937,0,98052,47.6957,-122.121,2160,14510,591000
2730,4,3.0,1.0,0,0,3,8,1951,0,98033,47.677,-122.194,2710,13370,1186000
2690,4,2.5,1.0,0,0,2,8,1966,2014,98031,47.4067,-122.191,2620,7750,464000
1050,1,1.0,2.0,0,0,3,6,1971,0,98178,47.5099,-122.241,1180,8940,180000
1920,3,2.75,1.0,0,0,4,5,1969,0,98052,47.6771,-122.135,1780,9070,641000
910,2,1.5,2.0,0,4,5,6,1908,0,98042,47.3581,-122.127,670,6400,182000
2060,4,2.5,2.0,0,0,4,7,1954,0,98042,47.3694,-122.113,1530,2670,525000
6500,7,5.5,2.0,0,0,3,12,1902,1992,98199,47.6502,-122.377,5500,7780,2741000
3190,6,3.75,2.0,0,0,3,8,1941,0,98118,47.549,-122.279,3580,5980,668000
2250,4,2.75,2.0,0,0,4,7,1972,0,98125,47.7234,-122.309,1320,4140,555000
1090,2,1.0,2.0,0,0,3,5,1999,0,98023,47.2961,-122.356,950,12510,178000
3840,6,4.75,1.0,0,0,3,11,1948,0,98112,47.6065,-122.307,3000,13360,1837000
2560,4,3.25,2.0,0,0,4,8,1989,0,98144,47.5874,-122.284,1670,5780,590000
1130,3,2.0,2.0,0,0,3,6,1917,0,98178,47.5038,-122.239,680,3530,244000
1230,2,2.0,1.5,0,0,4,8,1931,0,98042,47.3797,-122.132,1140,4940,296000
1520,2,2.25,1.0,0,0,4,7,1980,0,98115,47.6865,-122.314,1300,4310,474000
2710,5,2.75,2.0,0,0,4,9,1949,0,98023,47.3192,-122.333,2040,6540,522000
1180,3,1.25,1.0,0,0,3,7,1971,0,98144,47.6085,-122.289,1050,5090,306000
1790,3,2.0,1.0,0,0,3,7,1940,0,98052,47.675,-122.125,1890,2600,619000
2860,6,3.25,2.0,0,0,3,7,1905,0,98133,47.7286,-122.316,3160,12710,475000
3340,6,4.25,1.0,0,0,3,10,1933,0,98059,47.4729,-122.118,2720,4060,873000
2020,4,3.0,1.0,0,2,4,9,1913,0,98144,47.5958,-122.265,1570,4940,601000
1910,3,2.75,2.0,0,0,5,6,1986,0,98125,47.7468,-122.312,1480,6710,550000
2410,4,3.25,2.0,0,0,3,9,2010,0,98117,47.6761,-122.378,2660,8970,838000
1950,4,2.25,2.0,0,0,4,7,1998,0,98199,47.6413,-122.391,1470,7170,695000
960,2,1.25,1.0,0,2,3,6,1932,0,98052,47.6893,-122.126,1020,7600,404000
2610,5,3.25,2.0,0,0,2,8,2011,0,98199,47.6544,-122.379,2840,9260,1077000
2070,5,2.75,2.0,0,3,3,8,1904,0,98117,47.6917,-122.376,2030,11940,586000
1720,3,2.5,2.0,0,0,3,7,1903,0,98117,47.712,-122.368,1670,5280,405000
1100,2,1.0,1.5,0,0,3,7,1974,0,98178,47.4987,-122.232,650,12240,188000
2740,7,3.5,1.5,0,0,5,7,1976,0,98106,47.5161,-122.327,2330,7140,520000
2750,5,3.25,2.0,0,0,4,10,1921,0,98112,47.6494,-122.286,2310,3630,1413000
2060,4,1.75,2.0,0,0,4,8,2004,0,98133,47.7346,-122.344,1740,8910,486000
1600,4,2.5,2.0,0,3,4,6,1925,2005,98106,47.5451,-122.361,1220,9690,446000
2150,5,3.5,2.0,0,0,4,8,1900,0,98115,47.6661,-122.302,1910,9760,601000
2270,4,3.5,2.0,0,0,3,7,1949,0,98118,47.5409,-122.257,2010,6830,600000
2770,5,3.75,2.0,0,0,4,9,1987,0,98106,47.5408,-122.339,3370,5190,519000
1720,2,1.5,1.0,0,0,3,7,1944,0,98118,47.5458,-122.261,960,9600,338000
1590,4,1.75,2.0,0,0,4,6,2003,0,98178,47.4887,-122.25,1470,5630,313000
1410,2,1.5,1.0,0,0,1,7,1925,0,98004,47.5988,-122.198,1110,6650,598000
1790,5,2.25,2.0,0,0,3,9,1985,0,98031,47.396,-122.205,1480,3990,380000
2460,3,3.0,1.0,0,3,4,8,1911,0,98103,47.6712,-122.346,2680,4840,717000
1270,3,2.0,1.0,0,0,3,7,1985,0,98133,47.7353,-122.337,1020,4740,292000
1660,5,3.0,2.0,0,0,4,6,2000,0,98133,47.7367,-122.344,1680,10570,381000
1560,3,2.0,2.0,0,0,3,6,1931,0,98106,47.5027,-122.348,1430,4580,346000
2830,4,3.75,1.0,0,0,3,8,1939,1989,98112,47.6378,-122.282,3360,8060,1170000
4060,7,5.25,1.0,0,0,3,11,1931,0,98118,47.5257,-122.286,3770,8180,1226000
1880,4,2.5,1.0,0,0,3,9,2003,0,98033,47.6902,-122.201,1320,5390,1003000
1450,4,2.0,1.0,0,0,1,7,1973,0,98133,47.7339,-122.333,1150,5840,305000
2350,5,2.25,1.0,0,0,3,8,1919,0,98031,47.4201,-122.184,1400,12730,371000
1150,4,1.75,1.0,0,0,3,7,1997,0,98115,47.6851,-122.296,1040,8640,387000
2170,4,2.75,1.0,0,0,4,8,1997,0,98042,47.3722,-122.117,1830,7190,467000
1420,5,2.0,2.0,0,0,4,7,1904,0,98125,47.7257,-122.288,1300,4230,307000
1250,3,2.0,2.0,0,0,3,5,1969,1991,98023,47.3339,-122.358,950,10250,217000
1580,3,1.5,1.0,0,3,3,7,1918,0,98178,47.5125,-122.232,980,6220,381000
890,2,1.25,1.0,0,0,3,6,2006,0,98004,47.5931,-122.194,890,6670,412000
1420,2,2.25,1.5,0,0,3,5,2015,0,98112,47.6259,-122.3,1310,5010,465000
3460,6,4.25,1.0,0,0,5,10,1963,1986,98199,47.6569,-122.405,2500,6770,1617000
2560,4,2.5,2.0,0,0,3,7,1974,0,98133,47.7489,-122.324,2420,7280,504000
1930,4,2.25,1.5,0,0,5,7,1934,0,98133,47.7453,-122.345,1690,11290,560000
2620,6,3.25,1.0,0,0,3,8,1947,0,98118,47.5443,-122.289,1790,6630,646000
1340,3,1.75,1.0,0,0,4,7,1971,0,98118,47.5447,-122.253,1460,17100,282000
2970,5,3.75,2.0,0,0,3,9,2011,0,98052,47.6838,-122.118,2580,11560,1277000
2450,4,3.0,1.0,0,0,4,8,1996,0,98042,47.3514,-122.125,2520,7510,586000
1110,2,1.25,1.0,0,0,3,8,1958,2003,98031,47.4139,-122.179,600,4520,180000
1260,2,1.5,2.0,0,0,4,7,1976,0,98118,47.5475,-122.27,1290,4640,238000
2150,3,2.75,1.5,0,0,4,7,1939,0,98112,47.619,-122.3,1480,13890,885000
4120,6,5.0,1.0,0,0,3,9,1992,0,98144,47.5752,-122.268,3510,16030,1390000
1040,2,1.25,1.0,0,0,5,6,1998,0,98004,47.6109,-122.213,690,9870,414000
1480,5,1.75,2.0,0,0,3,7,1986,0,98125,47.7351,-122.299,1210,6040,452000
3510,7,3.75,1.5,0,2,4,10,1953,0,98103,47.6658,-122.329,2840,3420,1198000
1420,3,2.75,1.0,0,0,4,5,1906,0,98118,47.5289,-122.284,1860,14760,251000
1260,2,1.5,1.0,0,0,5,5,1920,0,98052,47.6629,-122.104,1150,6550,398000
1800,4,2.75,1.0,0,0,3,8,1915,0,98052,47.676,-122.114,1910,6060,682000
3410,7,4.75,2.0,0,0,3,10,1939,0,98133,47.735,-122.326,2610,6810,904000
1480,3,2.0,1.0,0,0,4,9,1963,2006,98118,47.5424,-122.275,940,2000,450000
1760,3,2.75,1.0,0,0,3,8,1974,0,98125,47.7171,-122.31,1580,5820,465000
1760,4,2.5,1.0,0,0,3,7,2013,0,98103,47.6911,-122.337,1710,5710,456000
2920,5,3.75,1.0,0,2,3,10,1980,0,98178,47.4933,-122.258,2100,10360,869000
2740,6,3.5,2.0,0,0,3,8,1911,0,98199,47.6502,-122.385,3450,9070,966000
3940,6,4.75,1.5,0,0,4,12,1984,0,98106,47.5341,-122.333,4550,6980,1197000
1870,4,2.5,2.0,0,0,3,8,1968,0,98042,47.3638,-122.117,1850,15120,319000
1070,2,1.75,2.0,0,0,4,6,1970,0,98144,47.5663,-122.293,1220,4260,304000
1950,4,2.75,1.0,0,0,4,8,1932,1994,98199,47.6335,-122.389,1680,7030,771000
1940,4,2.75,1.5,0,0,4,5,1978,0,98199,47.6548,-122.384,1290,8090,452000
990,4,2.25,2.0,0,0,3,6,1938,0,98144,47.5958,-122.292,620,11740,275000
1000,2,1.5,1.0,0,0,3,5,1996,0,98112,47.6476,-122.308,1030,11690,442000
1760,2,2.25,1.0,0,0,3,7,1901,0,98115,47.6963,-122.306,1910,12250,479000
2700,4,3.25,2.0,0,2,4,9,1925,2005,98144,47.5812,-122.277,2730,3120,1052000
3610,7,4.25,2.0,0,0,4,10,1936,0,98144,47.5972,-122.288,3930,5530,1231000
2490,5,3.5,2.0,0,0,3,7,1978,0,98059,47.4859,-122.117,2010,11830,679000
1620,4,1.75,1.0,0,0,2,6,2010,0,98106,47.5411,-122.346,1440,5610,258000
2240,3,2.5,1.0,0,0,4,8,2009,0,98118,47.5383,-122.246,1800,7120,559000
1170,3,2.0,1.0,0,3,3,7,2004,0,98118,47.5364,-122.274,1250,11880,345000
3640,6,3.5,1.0,0,0,4,12,1903,0,98118,47.5471,-122.283,3070,6810,1039000
2830,4,4.25,3.0,0,0,4,9,1903,0,98106,47.5366,-122.358,2760,7300,645000
2260,3,2.75,2.0,0,0,3,8,1936,0,98033,47.6915,-122.189,3070,6170,954000
2050,5,2.5,1.0,0,0,3,8,1976,0,98031,47.4252,-122.19,1440,3960,383000
1210,3,1.0,1.0,0,0,3,7,1957,2006,98033,47.6927,-122.204,1040,10270,468000
2130,5,3.25,1.0,0,0,3,9,1949,0,98125,47.7244,-122.317,1540,18200,740000
3790,6,4.75,1.0,0,0,4,10,1910,0,98023,47.3077,-122.364,3160,8460,620000
1120,3,1.25,2.0,0,0,2,7,2006,0,98133,47.7618,-122.339,930,19530,205000
1230,4,1.5,2.0,0,0,5,6,1953,0,98033,47.6616,-122.205,1500,9150,484000
1750,4,2.25,1.0,0,0,3,7,1918,0,98112,47.6215,-122.278,2160,10170,522000
1420,2,2.25,2.0,0,0,4,8,1902,0,98023,47.2918,-122.357,1080,17340,277000
1610,4,1.75,1.0,0,0,3,7,1935,0,98112,47.6449,-122.306,1670,13030,663000
1050,2,2.5,2.0,0,0,3,7,1977,0,98125,47.6925,-122.299,890,12090,273000
1690,3,2.5,1.0,0,0,4,7,1964,0,98115,47.695,-122.295,1730,8210,500000
1820,5,3.0,2.0,0,0,5,7,1973,0,98144,47.5845,-122.291,1680,5390,463000
2880,6,3.25,2.0,0,0,4,8,1927,0,98004,47.608,-122.2,2600,8280,1328000
1330,3,2.0,1.0,0,0,3,7,1946,0,98199,47.6368,-122.408,1110,19020,396000
3040,7,4.0,1.0,0,2,5,8,1982,0,98117,47.6911,-122.361,3650,4810,748000
1490,3,1.75,2.0,0,0,3,5,1927,0,98052,47.6752,-122.126,1580,5540,473000
1220,2,2.0,1.0,0,0,5,6,1928,0,98144,47.5789,-122.279,950,6510,260000
4880,7,5.5,1.0,0,2,3,12,1985,0,98133,47.7615,-122.316,4090,6080,1636000
3300,7,4.25,2.0,0,0,3,9,1995,0,98178,47.4819,-122.24,3130,14140,875000
2270,3,2.0,2.0,0,2,4,7,1945,0,98059,47.5002,-122.122,1380,11960,611000
3080,5,3.5,1.5,0,0,3,9,2008,0,98106,47.561,-122.346,3560,7730,967000
1800,4,3.25,3.0,0,0,3,8,1970,0,98106,47.5408,-122.343,1820,15730,288000
1440,3,2.25,1.0,0,0,3,8,1940,0,98106,47.531,-122.349,1420,10760,269000
1890,4,1.75,1.0,0,0,3,8,1900,0,98103,47.6688,-122.328,1490,5580,468000
2600,6,3.25,1.5,0,1,4,8,1986,0,98042,47.3703,-122.124,2350,5360,433000
2120,4,2.0,1.0,0,0,4,7,1933,0,98103,47.67,-122.355,1380,2980,551000
1410,2,1.5,2.0,0,0,3,7,1955,0,98103,47.6678,-122.332,1210,4520,478000
1680,2,2.5,2.0,0,0,3,6,1902,0,98031,47.3935,-122.172,1810,35320,264000
1630,4,2.0,1.0,0,0,4,6,1906,0,98042,47.3474,-122.112,1280,9720,206000
1470,2,2.25,3.0,0,0,3,5,1906,0,98106,47.5353,-122.352,1290,2810,299000
4790,7,5.5,1.0,0,0,4,11,2000,0,98133,47.7563,-122.33,5440,4960,1081000
2630,4,3.0,1.5,0,0,4,8,1950,0,98004,47.6163,-122.182,2320,6180,1324000
3610,6,4.5,2.0,0,2,3,10,1912,0,98178,47.4831,-122.239,2970,7340,803000
3260,6,3.5,3.0,0,0,4,8,1926,0,98117,47.6925,-122.382,3880,11360,817000
1540,2,2.25,1.0,0,0,5,5,1901,0,98115,47.6875,-122.279,820,3480,444000
2080,4,3.0,2.0,0,0,4,7,1942,0,98178,47.5137,-122.227,2270,7850,304000
2250,5,2.5,1.0,0,0,4,7,1924,2006,98004,47.6274,-122.218,2240,7120,1099000
2160,5,3.5,3.0,0,0,4,8,1946,0,98117,47.6865,-122.368,2090,6350,530000
2410,4,3.25,1.0,0,0,3,8,1974,0,98133,47.7292,-122.337,2690,26540,637000
2560,4,2.75,2.0,0,0,3,9,1942,0,98118,47.5652,-122.283,2390,10590,550000
1640,4,1.25,1.0,0,0,4,7,1900,0,98118,47.5541,-122.26,1580,17600,334000
1680,4,1.5,2.0,0,0,3,7,1905,0,98004,47.6248,-122.214,1220,7170,1122000
3950,6,4.75,1.0,0,0,3,12,1911,0,98031,47.439,-122.203,2400,4490,1107000
2920,6,3.5,3.0,0,0,3,10,1904,0,98059,47.451,-122.104,3180,12780,1095000
1890,5,2.25,2.0,0,0,3,5,2003,0,98033,47.671,-122.198,1850,5720,581000
2660,6,3.75,2.0,0,0,3,7,1947,0,98023,47.3163,-122.354,1880,8380,406000
1230,3,1.25,3.0,0,0,3,7,1936,1989,98052,47.6676,-122.103,1260,14090,437000
1580,5,1.5,1.5,0,0,3,8,1995,0,98144,47.6029,-122.31,1780,8150,579000
2900,5,3.25,1.0,0,0,4,8,1908,0,98115,47.6958,-122.292,2020,10890,841000
2040,4,2.75,2.0,0,0,5,7,1966,0,98103,47.6742,-122.329,1330,7890,586000
750,3,1.0,3.0,0,0,4,5,2012,0,98023,47.2975,-122.354,600,11460,120000
2260,4,3.25,1.0,0,0,3,6,2001,0,98118,47.5285,-122.264,2080,12800,425000
3010,5,3.25,1.0,0,0,3,9,2003,0,98133,47.762,-122.342,2400,10010,831000
1640,4,3.0,1.0,0,0,3,8,1919,0,98118,47.55,-122.268,1810,16020,338000
2220,4,2.25,2.0,0,0,3,8,1918,2000,98112,47.6273,-122.297,1820,11290,766000
3190,5,3.5,1.0,0,0,2,8,1913,0,98144,47.5877,-122.311,3160,4300,743000
620,2,1.25,2.0,0,0,3,6,1902,0,98144,47.5664,-122.296,600,8380,182000
3530,7,4.25,1.0,0,0,3,11,1995,0,98004,47.6296,-122.198,3850,11710,2665000
1710,3,2.25,2.0,0,0,3,8,2015,0,98144,47.6031,-122.327,1270,5290,502000
2620,4,2.75,1.0,0,0,4,8,1938,0,98133,47.7386,-122.336,2320,8960,529000
1500,4,1.75,2.0,0,0,3,7,1979,1991,98199,47.6702,-122.4,780,5160,513000
1710,4,2.25,1.0,0,0,4,6,1935,0,98199,47.6328,-122.4,1650,8910,531000
1850,5,2.5,1.0,0,0,4,8,2010,0,98042,47.3663,-122.084,1550,5660,435000
1850,4,2.5,1.0,0,0,3,7,2009,0,98033,47.676,-122.194,2050,26580,629000
2540,6,2.25,2.0,0,0,3,8,2008,0,98106,47.523,-122.344,2010,5660,629000
1510,3,2.25,2.0,0,0,3,7,1998,0,98103,47.6804,-122.348,1590,2280,456000
2290,3,2.25,2.0,0,0,3,7,1937,0,98103,47.6587,-122.357,2020,8510,591000
1450,3,1.75,2.0,0,0,3,6,1939,0,98042,47.3615,-122.103,1380,8010,288000
1460,3,2.0,1.0,0,0,4,7,1938,0,98004,47.6057,-122.181,1200,7080,815000
2690,6,3.75,1.0,0,0,5,9,1935,0,98023,47.3207,-122.379,2040,5240,464000
2120,5,2.75,2.0,0,0,4,7,1999,0,98004,47.624,-122.2,1730,7890,1064000
1900,4,2.5,1.0,0,0,3,7,1935,0,98115,47.6895,-122.306,1920,6150,608000
1140,4,1.5,1.0,0,0,3,7,1911,0,98118,47.5373,-122.255,1060,8190,212000
1310,3,1.5,1.5,0,0,5,6,1983,0,98144,47.5997,-122.296,1000,10620,345000
1830,4,2.75,1.0,0,0,4,7,2014,0,98103,47.6927,-122.349,1420,4510,611000
2120,4,3.0,2.0,0,0,3,6,1936,0,98004,47.5949,-122.203,1790,10090,943000
2660,5,3.25,1.0,0,0,3,9,1920,0,98144,47.5804,-122.305,2340,8180,703000
5290,7,5.5,1.0,0,0,5,12,2009,0,98033,47.6661,-122.156,4680,4850,2963000
1360,4,1.5,1.0,0,0,3,7,1971,0,98199,47.6395,-122.415,1070,8840,638000
2650,5,3.5,2.0,0,0,3,9,1951,1989,98112,47.6254,-122.296,2410,9380,1190000
1330,3,1.75,1.0,0,0,3,6,1968,0,98103,47.6757,-122.333,1200,3600,314000
2460,6,3.0,3.0,0,0,4,9,1947,0,98042,47.347,-122.13,2170,5930,428000
2110,5,2.25,2.0,0,0,4,9,1983,0,98144,47.6111,-122.284,2070,5910,555000
1450,4,2.0,2.0,0,0,3,8,1992,0,98042,47.365,-122.127,1470,5560,255000
2900,4,4.25,1.0,0,0,3,10,1957,0,98059,47.4719,-122.129,2540,7550,928000
1370,2,2.25,3.0,0,0,3,6,2008,0,98118,47.5358,-122.276,1350,5800,297000
1900,3,2.75,1.0,0,1,4,6,1972,2014,98031,47.4349,-122.182,2080,14470,320000
2770,6,3.0,1.0,0,0,5,8,1916,0,98117,47.6594,-122.376,1810,31610,1086000
1500,4,1.25,2.0,0,0,3,7,1921,0,98031,47.4239,-122.192,1940,8450,358000
2270,4,2.25,2.0,0,0,4,9,1973,0,98125,47.7241,-122.283,2100,6320,570000
1990,4,2.25,2.0,0,0,4,8,1977,0,98133,47.7349,-122.349,1070,12700,494000
1350,3,1.75,1.0,0,0,4,8,2000,0,98117,47.6767,-122.366,690,4880,484000
1800,3,2.25,1.0,0,0,3,8,1994,0,98133,47.7424,-122.332,1450,7500,465000
1640,3,1.5,1.0,0,0,5,7,2012,0,98125,47.7082,-122.271,1640,4500,710000
1430,3,1.75,2.0,0,2,4,4,1985,0,98178,47.5034,-122.254,1150,5280,291000
1490,3,1.75,1.0,0,0,5,6,1922,0,98112,47.6133,-122.294,1200,14080,637000
2080,5,2.75,1.0,0,0,3,9,1966,2015,98059,47.4679,-122.128,1620,4970,549000
1630,5,2.5,2.0,0,0,3,7,1918,0,98023,47.3108,-122.357,1320,5380,340000
1400,3,1.0,1.5,0,0,3,6,1989,0,98103,47.6877,-122.344,900,6860,356000
1840,2,2.25,1.0,0,0,3,7,1931,0,98178,47.4982,-122.248,1720,8860,326000
1640,4,2.75,1.0,0,0,3,8,1927,1985,98178,47.5227,-122.236,1720,2930,350000
3400,6,4.5,1.5,0,0,3,10,1914,0,98117,47.6993,-122.377,3800,5520,1094000
1410,4,2.0,1.0,0,0,3,7,1940,0,98178,47.4712,-122.25,1710,4400,219000
1290,3,1.0,1.5,0,0,4,6,1942,0,98103,47.685,-122.339,1370,9800,280000
3520,7,3.75,1.0,0,0,3,9,1949,0,98004,47.6015,-122.187,4180,11340,1609000
2110,3,2.75,1.0,0,0,4,7,2002,0,98033,47.6625,-122.174,1640,4310,685000
2030,3,2.25,1.0,0,0,4,7,1958,0,98118,47.5312,-122.282,2160,16560,441000
1770,3,2.25,1.5,0,0,4,8,2013,0,98042,47.3796,-122.116,2740,5850,337000
1330,4,1.0,1.0,0,0,4,6,2003,0,98103,47.6783,-122.359,1440,6720,384000
1880,3,2.75,2.0,0,0,3,9,1949,0,98031,47.4095,-122.198,1500,7790,415000
3050,5,4.25,2.0,0,0,3,8,2009,0,98133,47.7225,-122.327,2150,6250,710000
2480,5,3.25,1.0,0,0,4,8,1940,0,98112,47.6261,-122.283,1860,3630,958000
3980,6,4.25,1.0,0,0,5,10,1930,0,98125,47.6971,-122.293,3140,11260,1246000
4480,7,5.0,1.0,0,0,4,12,1974,0,98023,47.2786,-122.358,5500,12830,978000
1890,4,2.75,1.0,0,0,3,8,1959,0,98125,47.716,-122.3,1790,7100,514000
1550,3,2.25,1.5,0,4,4,8,1923,0,98031,47.4245,-122.187,1490,11410,476000
1320,4,1.25,2.0,0,0,2,7,1903,0,98144,47.5805,-122.296,1100,8590,331000
990,3,2.0,1.0,0,0,3,7,1972,0,98199,47.6436,-122.376,1150,10730,333000
2520,5,3.0,2.0,0,0,3,8,1979,0,98004,47.6238,-122.213,1850,7920,1195000
1790,3,1.75,2.0,0,0,1,6,1920,0,98115,47.6798,-122.295,2200,4970,398000
1410,3,2.75,2.0,0,0,3,6,1909,0,98042,47.3738,-122.123,1130,2430,222000
1190,2,2.0,1.0,0,0,3,6,1936,0,98115,47.6681,-122.296,1420,8090,363000
2110,4,2.75,1.0,0,0,3,6,1908,0,98059,47.4984,-122.128,1960,4610,364000
1790,4,2.0,2.0,0,0,4,7,1912,0,98052,47.6876,-122.118,1860,5850,541000
1460,4,2.0,1.0,0,0,4,6,1968,0,98117,47.7035,-122.378,1510,5040,325000
1470,3,2.0,1.0,0,0,4,7,2002,0,98042,47.3691,-122.117,1520,6490,248000
720,3,1.5,1.0,0,0,3,6,1953,0,98103,47.6693,-122.349,600,4340,195000
1920,3,2.5,2.0,0,0,4,8,2011,0,98115,47.6991,-122.292,1490,4390,669000
2680,4,3.75,1.0,0,0,3,9,1922,0,98118,47.5397,-122.249,2430,6580,610000
1740,4,1.75,2.0,0,0,4,6,2009,0,98033,47.6831,-122.173,1810,9080,643000
3390,6,4.25,2.0,0,0,3,10,1944,0,98144,47.568,-122.305,3530,5250,1130000
2540,4,3.25,3.0,0,0,3,8,1904,0,98106,47.5339,-122.347,1570,4000,576000
1430,3,2.0,2.0,0,0,4,6,1958,0,98118,47.5309,-122.279,1380,9940,210000
1840,3,2.75,2.0,0,0,4,8,1984,0,98042,47.3592,-122.099,1380,3540,404000
1370,3,1.5,1.0,0,0,3,5,1929,2006,98106,47.5309,-122.348,1240,6970,245000
2440,4,4.25,2.0,1,4,3,7,2011,0,98199,47.6596,-122.394,1760,8780,1178000
1370,3,1.75,2.0,0,2,4,8,1977,0,98103,47.6527,-122.347,1210,6640,393000
1570,3,2.25,1.0,0,0,3,5,1972,0,98118,47.5436,-122.277,1460,2820,332000
1320,3,1.5,2.0,0,0,4,7,1957,2012,98059,47.4922,-122.137,1150,3490,368000
2040,3,2.25,1.0,0,0,3,8,1900,0,98115,47.6795,-122.29,2260,13400,774000
1150,2,1.5,2.0,0,0,3,5,1944,0,98118,47.5485,-122.29,910,12490,181000
1370,4,1.75,1.0,0,0,3,6,1971,0,98144,47.5758,-122.274,770,8330,342000
1610,4,2.25,1.0,0,0,5,7,2000,0,98115,47.6769,-122.289,1560,3570,647000
2160,5,2.75,2.0,0,0,3,8,1998,0,98033,47.6739,-122.204,1970,5540,983000
3350,6,4.0,2.0,0,0,4,11,1908,0,98023,47.2974,-122.342,2990,3570,708000
2470,4,2.75,2.0,0,0,4,8,1921,0,98106,47.5389,-122.346,2430,4250,430000
1770,4,2.5,2.0,0,0,4,7,1928,0,98052,47.6747,-122.124,2270,5160,594000
1090,2,1.25,1.0,0,0,3,6,1985,0,98004,47.6119,-122.209,910,9610,422000
1330,3,1.75,2.0,0,0,4,6,1943,0,98033,47.6999,-122.194,1340,14090,482000
2840,5,3.5,1.5,0,0,3,7,1913,1990,98103,47.6595,-122.338,2580,8160,706000
1170,2,1.5,1.0,0,0,4,6,1964,0,98106,47.5343,-122.372,1070,15700,229000
1660,4,2.5,1.0,0,0,4,5,2014,0,98059,47.4854,-122.123,1620,5150,389000
1730,4,2.0,1.0,0,0,3,8,1939,1986,98178,47.4962,-122.233,1580,2580,338000
2510,4,3.25,1.0,0,0,3,9,1916,0,98103,47.6713,-122.333,2670,15610,859000
1000,3,1.5,1.0,0,0,3,7,1937,0,98103,47.6764,-122.325,840,4470,278000
3220,5,3.75,2.0,0,4,3,11,1910,0,98199,47.6435,-122.382,3550,10450,1366000
1150,2,1.5,1.0,0,0,3,7,2012,0,98118,47.5468,-122.271,1270,6610,280000
2590,4,3.5,1.0,0,2,3,8,1957,0,98052,47.7005,-122.142,1800,12670,1048000
2580,5,2.75,3.0,0,0,4,9,1982,0,98023,47.3012,-122.361,2650,8320,586000
3370,6,3.75,2.0,0,3,3,8,1987,0,98023,47.3043,-122.371,3940,7470,759000
1150,3,1.5,1.0,0,0,4,6,2005,0,98103,47.6464,-122.339,1110,6180,336000
1220,4,2.0,2.0,0,0,3,5,1978,0,98042,47.3709,-122.123,1150,4970,225000
1520,3,1.5,1.0,0,0,3,7,1950,2008,98125,47.7186,-122.288,1610,8280,381000
1940,4,2.0,1.0,0,0,5,8,1954,0,98115,47.6742,-122.291,1920,8510,813000
1450,3,2.5,2.0,0,0,4,6,1959,2013,98199,47.6416,-122.397,1520,6560,574000
1260,2,2.0,2.0,0,0,5,7,1930,0,98042,47.3965,-122.112,940,5790,251000
1620,4,1.75,2.0,0,0,3,6,1953,0,98059,47.4807,-122.124,1770,5330,406000
2140,4,2.5,2.0,0,0,4,9,1970,0,98133,47.7336,-122.329,2220,6650,604000
1580,3,2.0,1.5,0,0,3,7,1906,0,98125,47.703,-122.282,980,11020,365000
4040,5,4.5,1.0,0,0,3,10,1924,0,98103,47.6694,-122.341,3000,1980,1146000
1920,5,3.0,1.0,0,0,3,7,2004,0,98133,47.7496,-122.345,1670,10230,367000
1750,3,2.5,1.0,0,0,3,6,1999,0,98178,47.5005,-122.257,1870,9160,276000
2030,2,2.75,2.0,0,0,4,7,1914,0,98106,47.5473,-122.366,2780,8470,429000
1510,3,2.0,1.0,0,0,3,6,1978,0,98199,47.6336,-122.408,1470,5270,572000
1490,3,2.25,1.0,0,0,5,7,1962,0,98178,47.4716,-122.257,1650,7080,304000
910,2,1.5,1.0,0,0,3,7,1984,0,98178,47.4803,-122.251,980,14310,206000
1810,4,2.0,1.5,0,0,4,7,1903,1993,98118,47.5242,-122.262,2100,4210,341000
2930,6,3.75,1.5,0,0,3,9,1924,1985,98112,47.6141,-122.321,2440,6750,1047000
2650,5,2.75,1.0,0,0,1,7,1963,0,98033,47.7046,-122.202,3300,29750,800000
560,2,1.0,2.0,0,0,4,6,1960,0,98144,47.5807,-122.289,600,8500,191000
2030,3,2.75,2.0,0,0,3,9,1921,0,98031,47.434,-122.192,1860,12050,423000
5140,7,5.5,1.0,0,0,4,12,1904,0,98117,47.6903,-122.367,4480,5400,2174000
3000,5,3.0,2.0,0,0,3,8,1923,0,98178,47.5146,-122.238,1850,10350,587000
890,2,1.0,1.0,0,0,3,6,1975,0,98118,47.5413,-122.275,700,22650,149000
2740,6,2.75,1.0,0,0,4,9,2009,0,98059,47.4879,-122.133,2530,7050,657000
1300,3,2.25,1.0,0,0,3,7,1988,0,98031,47.4374,-122.199,1360,5210,270000
1930,5,2.5,1.0,0,0,4,8,1948,2006,98033,47.689,-122.202,1730,2730,872000
1830,3,2.5,2.0,0,0,3,5,2007,0,98023,47.3026,-122.363,1410,12520,212000
3110,5,4.5,2.0,0,0,3,9,1977,0,98112,47.622,-122.311,2010,12010,1628000
1570,4,1.5,1.0,0,3,3,7,1991,0,98133,47.737,-122.33,1540,10870,361000
1240,3,2.0,1.0,0,0,4,7,1901,0,98144,47.587,-122.289,1120,22960,394000
1870,4,2.0,1.0,0,0,3,6,2008,0,98052,47.7083,-122.124,1370,2480,578000
2500,6,2.75,2.0,0,0,4,7,1951,0,98115,47.6744,-122.297,2440,9770,749000
4270,7,5.5,1.5,0,0,2,11,1913,0,98118,47.5409,-122.26,3870,9720,1075000
1430,3,1.5,1.5,0,0,3,8,1941,0,98112,47.653,-122.296,940,9640,711000
1640,3,1.75,2.0,0,0,4,7,1975,0,98115,47.6833,-122.316,1800,15030,653000
2400,4,3.0,2.0,1,4,3,9,1979,0,98106,47.5306,-122.358,2260,7840,1074000
1260,3,2.0,2.0,0,0,5,8,1934,0,98112,47.6559,-122.312,640,12640,670000
1830,4,2.25,2.0,0,0,4,5,1909,0,98052,47.7012,-122.123,1820,12660,498000
2180,3,2.5,2.0,0,0,3,8,1906,2006,98133,47.7389,-122.333,1550,1960,659000
1410,2,1.5,1.0,0,0,3,7,1980,0,98133,47.7397,-122.339,1430,5910,289000
1120,2,1.5,1.0,0,0,4,5,1983,0,98115,47.6837,-122.304,1290,18440,274000
1670,3,1.5,2.0,0,0,3,7,1916,0,98023,47.3097,-122.349,1280,6310,317000
1450,4,1.75,2.0,0,0,4,7,1918,0,98031,47.4244,-122.182,1260,8460,314000
1860,5,2.25,1.0,0,0,5,7,1951,0,98144,47.5976,-122.294,1290,22650,526000
1350,3,2.0,3.0,0,0,3,7,2013,0,98133,47.731,-122.339,1380,7520,271000
1810,3,3.0,1.0,0,0,4,8,1921,0,98115,47.7024,-122.324,1600,7070,667000
1920,3,2.0,1.0,0,0,3,10,1944,0,98059,47.4794,-122.14,1720,10570,669000
3380,7,3.5,2.0,0,0,3,9,2009,0,98059,47.4711,-122.12,3010,5480,739000
2280,4,3.5,2.0,0,0,3,7,1972,0,98112,47.6407,-122.305,2510,8440,943000
850,2,1.0,3.0,0,3,4,7,1973,0,98199,47.655,-122.414,910,6320,343000
1460,4,1.75,2.0,0,1,4,7,2008,0,98103,47.6716,-122.327,1050,11200,493000
2660,5,3.25,2.0,0,0,3,9,1909,0,98052,47.6764,-122.122,2330,9330,1079000
4390,6,4.75,1.0,0,0,1,10,2011,0,98199,47.6711,-122.42,3980,4160,1396000
2430,5,2.75,2.0,0,0,3,8,1921,0,98033,47.6884,-122.189,2240,7620,1153000
2520,5,3.25,2.0,0,0,4,9,1995,0,98117,47.6958,-122.38,2260,7640,783000
1890,4,2.0,2.0,0,0,3,6,1942,0,98125,47.7211,-122.311,1290,10150,329000
1290,3,2.0,2.0,0,0,4,7,1973,1985,98178,47.5085,-122.245,1590,12780,267000
1810,5,1.75,1.0,0,0,3,8,1949,0,98125,47.7225,-122.305,1740,17340,508000
1510,2,2.0,1.0,0,0,4,7,1976,0,98052,47.6821,-122.114,1820,8350,598000
1810,4,2.25,2.0,0,0,4,7,1907,0,98144,47.5762,-122.295,1630,10090,403000
2060,4,3.0,2.0,0,0,3,8,1962,0,98199,47.6312,-122.378,2150,7370,740000
1470,3,2.75,1.0,0,0,4,6,1917,0,98042,47.3636,-122.112,1330,4420,366000
3550,5,4.5,1.0,0,0,3,10,1926,0,98144,47.5892,-122.296,3340,21980,1017000
2360,4,3.25,1.5,0,0,3,7,1950,0,98023,47.2834,-122.356,2250,5650,366000
1760,4,2.75,1.0,0,1,3,7,1953,0,98125,47.7213,-122.3,1710,2500,393000
1300,4,2.75,1.0,0,0,3,6,1925,0,98106,47.5476,-122.368,1350,13800,204000
3180,5,4.0,2.0,0,2,3,9,1905,0,98178,47.4953,-122.254,3600,17750,725000
2290,5,2.75,1.5,0,0,3,8,1925,0,98112,47.6324,-122.313,1550,6700,949000
2330,4,3.0,2.0,0,0,3,8,1945,0,98031,47.4181,-122.219,1780,4790,483000
2220,5,2.25,2.0,0,0,3,8,2012,0,98103,47.6862,-122.346,1580,8070,780000
1260,4,1.25,1.0,0,0,3,6,1976,0,98199,47.6617,-122.427,1400,4790,516000
1300,2,1.75,1.0,0,0,3,8,1926,0,98112,47.6312,-122.304,1060,6300,621000
2190,4,3.0,2.0,0,0,3,8,1940,0,98106,47.5254,-122.341,1310,11580,425000
1110,3,1.75,2.0,0,0,4,6,1954,0,98103,47.6622,-122.365,890,4500,251000
2780,5,2.75,1.5,0,0,3,9,1901,0,98125,47.7354,-122.303,3030,5060,762000
1360,3,2.0,1.0,0,0,4,7,1901,0,98103,47.6731,-122.343,1490,3800,391000
2720,5,3.5,1.0,0,0,3,8,1915,0,98023,47.3169,-122.384,2490,4620,401000
1620,3,1.25,2.0,0,0,3,7,1904,0,98059,47.4633,-122.15,1280,4590,319000
1300,3,1.5,1.0,0,0,3,5,1949,0,98103,47.6897,-122.352,1270,15620,366000
2080,3,2.5,1.0,0,0,3,7,1957,0,98033,47.6646,-122.202,2300,3980,844000
1890,4,2.5,1.0,0,0,5,7,2005,0,98199,47.6391,-122.401,1860,8270,611000
1230,4,1.25,1.0,0,0,3,7,1908,0,98199,47.6623,-122.411,1210,8670,457000
2440,3,2.5,1.5,1,4,3,8,1919,0,98106,47.5344,-122.361,2910,4950,882000
2100,3,3.0,2.0,0,0,3,8,1959,0,98115,47.6708,-122.306,2450,5500,774000
3330,6,4.0,1.0,0,0,4,10,1925,0,98052,47.6575,-122.131,2430,8910,1280000
3550,6,4.5,1.5,0,0,4,11,1979,0,98103,47.6754,-122.339,4230,2620,1144000
2280,3,3.0,2.0,0,0,3,7,1956,0,98031,47.4274,-122.184,1530,8110,341000
1470,2,2.0,2.0,0,0,3,7,1999,0,98199,47.657,-122.386,1390,4860,441000
880,1,1.0,1.0,0,0,3,5,1912,0,98178,47.512,-122.244,750,4940,167000
1370,2,1.5,1.0,0,0,3,6,2011,0,98042,47.368,-122.112,1360,5300,223000
2870,5,3.5,3.0,0,2,3,9,1966,0,98178,47.4886,-122.228,2660,14300,722000
5520,7,5.5,2.0,0,0,3,12,2006,0,98178,47.5096,-122.233,3440,4060,1245000
2210,6,2.0,1.0,0,0,3,7,1957,1999,98004,47.6075,-122.19,1730,3520,1374000
1890,3,2.25,1.0,0,0,4,8,1917,0,98042,47.3582,-122.108,1300,5410,306000
4960,7,5.5,2.0,0,2,4,12,2009,0,98023,47.3145,-122.38,4790,3210,1631000
1530,3,1.75,2.0,0,0,3,7,1988,0,98115,47.7026,-122.31,1340,9710,403000
3050,5,4.25,1.0,0,1,4,9,1986,0,98004,47.5945,-122.199,2690,4680,1737000
2100,4,2.5,3.0,0,0,3,8,1994,0,98199,47.6511,-122.395,1990,9600,873000
2160,5,2.75,2.0,0,0,4,9,2011,0,98023,47.3064,-122.361,1700,14740,464000
2500,6,2.75,2.0,0,0,4,7,1959,0,98031,47.4131,-122.202,1690,21570,374000
770,1,0.75,1.0,0,0,2,5,2011,0,98112,47.6299,-122.311,690,2500,333000
710,2,1.25,2.0,0,0,3,5,1971,0,98125,47.7123,-122.297,840,3710,196000
1670,3,2.25,1.0,0,0,3,7,1901,0,98031,47.3995,-122.192,2160,7590,335000
1500,2,2.25,1.5,0,0,4,6,1978,1998,98117,47.6878,-122.371,1650,6800,388000
2050,4,2.25,1.5,0,0,3,8,2002,0,98125,47.7014,-122.287,1970,20960,574000
1670,3,2.25,3.0,0,0,3,7,1986,0,98106,47.511,-122.342,1510,8050,395000
2160,4,3.0,2.0,0,0,3,7,1970,0,98178,47.51,-122.217,1980,8450,354000
1120,3,1.5,1.0,0,0,3,5,1971,0,98033,47.6777,-122.209,740,13270,314000
2060,3,2.25,1.0,0,2,3,7,1930,0,98103,47.6771,-122.336,1590,2900,766000
2240,5,2.5,2.0,0,0,3,7,1952,0,98178,47.511,-122.253,1630,2490,500000
1380,4,1.5,1.0,0,0,4,6,1977,0,98125,47.7064,-122.313,1170,10890,338000
1780,3,1.75,1.5,0,0,3,6,1962,0,98059,47.4817,-122.12,1160,7940,363000
1870,5,2.75,1.0,0,0,3,7,1909,0,98144,47.5895,-122.288,1360,4940,467000
2620,5,2.75,2.0,0,0,3,10,1948,0,98023,47.3139,-122.391,2360,5780,516000
2110,4,2.5,1.0,0,0,4,7,2008,0,98106,47.5427,-122.328,2090,12440,479000
2130,4,3.25,1.5,0,0,3,8,1921,0,98199,47.6478,-122.391,2230,4920,764000
2400,4,2.75,1.5,0,0,4,8,1904,0,98115,47.6883,-122.309,2570,7250,1076000
1070,3,2.0,1.0,0,0,3,7,1965,1985,98115,47.658,-122.294,780,15010,507000
940,3,1.5,1.0,0,0,4,5,1946,0,98106,47.5389,-122.353,610,7320,162000
1240,2,1.25,2.0,0,0,3,7,1934,0,98125,47.7048,-122.288,1060,11590,312000
3290,6,3.75,2.0,0,0,3,9,1942,0,98199,47.6641,-122.405,2920,5450,1083000
1260,2,1.5,2.0,0,0,3,8,1933,0,98059,47.4909,-122.143,1170,17090,327000
2210,4,2.25,1.0,0,0,3,8,2012,0,98059,47.4813,-122.126,2230,15050,612000
1660,3,1.25,2.0,0,0,3,8,1924,0,98031,47.4273,-122.184,1300,4920,372000
2600,4,3.0,2.0,0,3,4,8,1934,0,98144,47.5952,-122.291,2500,11650,688000
2060,3,1.75,1.0,0,0,3,7,2011,0,98133,47.7312,-122.35,2660,3300,363000
2460,3,3.0,1.5,0,0,4,8,1952,0,98125,47.7043,-122.285,2380,8850,586000
2130,5,3.5,1.0,0,0,3,6,1920,0,98199,47.6529,-122.399,1380,6370,607000
1210,3,2.0,1.0,0,0,4,5,1972,0,98031,47.4203,-122.203,1280,6600,224000
1720,4,2.0,2.0,0,0,2,6,1991,0,98133,47.7272,-122.354,1150,7930,454000
1790,4,2.75,2.0,0,0,4,6,1982,0,98052,47.6748,-122.118,1890,9120,604000
3860,6,4.25,1.0,0,0,4,10,1943,0,98031,47.4044,-122.185,3050,11670,924000
3540,5,4.75,1.0,0,0,3,10,1947,0,98023,47.3088,-122.344,3800,5320,864000
2150,4,3.0,2.0,0,2,3,8,1990,0,98004,47.6238,-122.216,2160,10890,1104000
2950,6,3.5,1.0,0,0,4,8,1927,0,98106,47.5225,-122.366,2560,9880,630000
2920,5,3.5,2.0,0,2,3,9,1936,0,98118,47.516,-122.296,2770,11640,684000
2810,5,4.0,2.0,0,0,3,8,1921,0,98042,47.352,-122.111,2490,3750,457000
1330,3,1.25,2.0,0,0,5,7,1971,0,98059,47.4892,-122.146,900,3620,461000
1080,3,1.5,1.0,1,4,3,6,1930,0,98031,47.4325,-122.196,730,4350,447000
1590,3,2.0,3.0,0,0,3,7,1952,0,98042,47.3898,-122.098,1550,2950,306000
1580,2,2.25,3.0,0,0,3,8,1948,0,98106,47.5376,-122.346,1740,11180,398000
1620,3,1.75,2.0,0,0,3,7,1963,0,98042,47.3465,-122.123,1560,12400,267000
1820,4,2.25,2.0,0,0,4,7,1995,0,98004,47.6071,-122.234,1100,8810,938000
2170,4,2.5,2.0,0,0,4,8,2013,0,98144,47.5886,-122.294,2000,7190,850000
3360,5,4.25,2.0,0,0,4,9,2009,0,98178,47.4825,-122.232,2460,5460,604000
1690,3,2.25,3.0,0,0,4,7,2010,0,98199,47.6837,-122.389,1670,5860,554000
2210,4,3.25,1.0,0,0,4,7,1938,0,98117,47.6896,-122.359,770,18160,699000
2410,5,3.25,1.0,0,0,4,8,1965,0,98059,47.4763,-122.146,2590,3150,549000
2330,4,3.25,1.0,0,0,3,8,2001,0,98042,47.3634,-122.095,2250,10040,405000
1710,4,2.25,1.0,0,0,3,6,2013,0,98112,47.6077,-122.31,1480,11950,668000
2640,5,3.25,2.0,0,0,3,9,1907,0,98031,47.3911,-122.171,2720,5080,515000
2870,7,3.25,1.0,0,0,3,8,2013,0,98118,47.5305,-122.27,3410,8230,774000
3250,5,4.25,3.0,0,0,3,9,1912,0,98023,47.306,-122.348,2840,4980,574000
2090,4,2.5,1.0,0,0,3,6,1902,0,98115,47.6665,-122.297,2000,11180,553000
1580,1,2.25,1.0,0,0,3,7,2009,0,98199,47.6425,-122.38,1150,5130,555000
2350,6,3.5,2.0,0,0,3,8,1952,0,98023,47.3022,-122.362,2520,4270,451000
1610,4,2.0,1.0,0,0,3,8,1980,0,98031,47.4229,-122.211,1410,5760,271000
3710,7,4.75,1.0,0,0,4,10,1958,0,98199,47.6474,-122.398,2780,5460,1698000
2780,4,3.5,1.5,0,0,3,8,1973,2002,98103,47.6823,-122.334,1190,13010,923000
2050,4,2.0,2.0,0,0,4,9,1929,0,98033,47.688,-122.205,1610,6750,1137000
2930,5,3.25,1.0,0,0,3,8,1939,0,98133,47.7306,-122.356,2220,3540,594000
2000,3,2.25,1.5,0,1,3,7,1945,0,98115,47.6719,-122.29,2130,9810,669000
1040,2,1.0,1.0,0,0,3,7,2007,0,98144,47.598,-122.283,1070,4400,357000
1630,4,1.75,1.0,0,0,4,6,1920,0,98115,47.6776,-122.31,1340,10410,476000
1380,2,1.5,2.0,0,0,4,7,2013,0,98042,47.36,-122.104,1440,5970,271000
2450,5,3.0,1.0,0,0,3,7,1920,0,98118,47.5287,-122.279,2580,8200,396000
2260,4,2.0,1.0,0,0,3,8,1938,0,98004,47.5971,-122.21,2070,6500,923000
1890,4,2.0,1.0,0,0,3,9,1935,0,98178,47.4891,-122.236,1260,5890,467000
1510,3,1.75,1.0,0,0,4,7,1974,0,98004,47.6103,-122.209,1270,6220,658000
1500,4,1.75,1.5,0,0,3,6,2011,0,98042,47.3813,-122.152,1500,11590,220000
1240,3,1.5,1.5,0,3,3,7,1926,0,98117,47.6973,-122.375,1450,8010,455000
2130,3,2.5,2.0,0,0,4,7,1962,0,98133,47.7335,-122.352,1470,18230,465000
2310,4,3.0,1.0,0,0,2,9,1950,0,98112,47.6229,-122.318,2330,10110,1268000
1860,3,2.25,1.0,0,0,4,8,2015,0,98117,47.6888,-122.394,2020,8050,822000
2080,5,2.5,2.0,0,0,3,7,1910,2013,98023,47.2921,-122.361,2480,11370,336000
2050,4,2.75,1.0,0,0,4,8,1930,0,98144,47.5903,-122.295,2580,5190,497000
1920,4,2.5,1.0,0,0,3,6,1927,0,98178,47.4974,-122.245,1530,8440,324000
1370,2,2.25,1.5,0,0,5,6,1950,0,98059,47.4828,-122.141,1450,9010,327000
1380,4,1.25,1.0,0,0,3,6,1923,0,98042,47.3768,-122.107,1250,3630,262000
1180,3,1.25,1.0,0,0,3,7,1954,0,98031,47.3919,-122.169,1020,12390,236000
6220,7,5.5,1.0,0,0,3,12,1965,0,98199,47.6609,-122.414,5500,2900,2790000
2120,3,2.25,2.0,0,0,4,8,1983,0,98106,47.5378,-122.323,2140,9330,588000
1600,2,2.25,2.0,0,0,3,8,1939,0,98042,47.3669,-122.1,1570,6330,304000
1570,3,1.5,1.5,0,0,3,6,1910,0,98117,47.6819,-122.405,1390,8590,404000
1980,3,2.25,1.0,0,0,4,7,1932,0,98059,47.4834,-122.138,1770,7360,447000
2220,5,3.0,1.0,0,0,2,6,1937,0,98004,47.6003,-122.192,2640,5610,812000
1760,3,1.75,2.0,0,0,5,7,1938,1986,98004,47.6153,-122.201,790,10020,970000
1170,2,1.5,2.0,0,0,4,6,1951,0,98042,47.3658,-122.12,1050,10540,248000
2210,3,3.0,2.0,0,0,3,8,1956,0,98118,47.5477,-122.278,2050,10490,516000
2510,4,3.0,1.0,0,0,3,8,1986,0,98106,47.5419,-122.339,3050,5610,659000
2430,4,2.5,1.0,0,0,4,7,1996,0,98031,47.3954,-122.197,1270,4760,463000
1510,3,1.5,1.0,0,0,3,6,1944,0,98144,47.5948,-122.293,1030,3700,392000
2160,4,3.5,1.0,0,0,3,7,1931,0,98144,47.5705,-122.286,1660,7730,481000
1310,3,2.25,2.0,0,0,4,6,1917,0,98117,47.6759,-122.372,1420,9840,331000
2040,3,2.25,1.0,0,0,1,7,1900,0,98199,47.6562,-122.386,1960,5220,700000
2640,5,3.5,1.0,0,0,4,9,1983,0,98004,47.6267,-122.214,2700,5510,1577000
2180,5,3.25,2.0,0,0,3,7,1911,0,98118,47.5523,-122.266,2050,9250,382000
2420,4,3.0,1.0,0,0,3,8,1937,0,98112,47.6348,-122.295,2480,8450,849000
1620,3,2.0,1.0,0,0,3,8,1964,0,98199,47.6606,-122.411,1410,3980,536000
3440,7,4.5,2.0,0,0,4,10,1948,0,98125,47.7164,-122.28,2890,13890,1036000
4280,7,5.5,1.0,0,0,3,11,1969,0,98144,47.5875,-122.302,4050,13970,1646000
3390,6,3.0,1.0,0,0,3,9,1938,0,98199,47.6447,-122.396,2810,13130,1129000
2420,5,2.75,1.5,0,2,3,9,1957,0,98133,47.7314,-122.352,1650,16440,721000
2530,3,2.75,1.0,0,0,3,7,1945,0,98133,47.7325,-122.362,2540,4310,503000
2550,3,2.0,2.0,0,0,3,8,1965,0,98125,47.6891,-122.317,2170,3660,692000
2060,4,3.0,1.0,0,0,3,6,1920,0,98125,47.7036,-122.315,2540,4380,409000
1900,4,2.25,2.0,0,0,3,7,1965,0,98125,47.7199,-122.291,1260,14280,486000
1660,4,2.25,2.0,0,0,4,7,1946,0,98059,47.5015,-122.115,1470,3450,422000
1570,5,2.5,2.0,0,0,3,7,1953,0,98125,47.6903,-122.286,1920,6310,394000
2900,6,3.75,1.0,0,0,3,8,1922,0,98178,47.5078,-122.257,1710,10200,439000
1360,3,1.5,1.0,0,0,3,6,1962,0,98125,47.7026,-122.292,1020,9750,340000
1930,3,2.75,1.0,0,0,3,7,1952,0,98059,47.455,-122.113,2010,6290,494000
1170,2,1.5,2.0,0,0,4,8,1932,0,98042,47.3787,-122.115,980,7720,272000
1490,4,2.25,2.0,0,0,4,8,1996,0,98023,47.3401,-122.36,1310,3580,280000
830,3,1.5,1.0,0,0,3,5,1949,0,98031,47.4109,-122.175,910,12140,131000
1280,2,2.25,1.5,0,0,4,5,1958,0,98144,47.6011,-122.315,1280,4020,319000
1380,4,1.25,2.0,0,0,3,7,2011,0,98178,47.5049,-122.253,1120,3850,220000
890,1,1.25,2.0,0,0,3,6,1906,0,98117,47.7039,-122.384,690,6720,255000
3270,6,4.5,2.0,0,0,5,11,1981,0,98052,47.685,-122.108,3840,12950,1478000
1320,4,2.0,1.0,0,0,4,6,1910,0,98125,47.736,-122.287,880,6380,324000
2290,5,2.75,2.0,0,0,4,8,1923,0,98023,47.2923,-122.379,1800,4000,364000
1590,4,2.0,1.0,0,0,3,7,2015,0,98004,47.5993,-122.22,1520,11900,835000
2060,3,3.0,1.0,0,0,4,7,1973,0,98042,47.361,-122.123,1970,8570,383000
880,2,1.25,1.0,0,2,3,8,2000,0,98112,47.6239,-122.319,840,5090,620000
1500,4,1.75,2.0,0,0,4,7,2014,0,98178,47.4906,-122.258,1400,3880,314000
2170,5,2.0,2.0,0,0,4,8,1965,0,98052,47.65,-122.125,1640,9260,1031000
1420,3,2.0,2.0,0,3,3,8,2014,0,98144,47.582,-122.295,1420,11370,422000
3490,7,4.25,1.0,0,0,4,9,1989,0,98052,47.6911,-122.125,2800,2810,1072000
1360,3,1.5,1.0,0,0,3,5,1950,0,98117,47.6741,-122.393,1530,6260,349000
1440,3,1.5,2.0,0,0,3,7,1972,0,98023,47.2903,-122.344,1200,14740,318000
4470,7,4.5,2.0,0,0,3,12,1927,0,98103,47.6647,-122.367,3030,6100,1973000
1690,3,2.25,3.0,0,2,3,7,1961,0,98033,47.6871,-122.199,1510,4000,559000
2540,5,3.25,2.0,0,0,3,9,1975,0,98004,47.5955,-122.236,2420,2230,1392000
3050,5,3.5,2.0,0,0,3,7,1984,0,98052,47.6898,-122.125,2840,9540,853000
3560,6,4.25,1.0,0,0,4,10,2007,0,98133,47.7271,-122.334,1960,10870,1039000
2060,6,2.25,2.0,0,0,4,9,1986,0,98052,47.6771,-122.127,2290,10900,740000
2190,4,3.25,1.0,0,0,3,8,1927,0,98115,47.6717,-122.292,2000,14690,672000
2380,4,2.25,2.0,0,0,3,8,1959,0,98042,47.3761,-122.114,2120,5780,453000
2560,5,4.0,2.0,0,0,3,7,1975,0,98199,47.6432,-122.412,1940,2890,732000
2350,3,3.25,2.0,0,1,3,7,1957,0,98125,47.7187,-122.303,1730,11710,511000
3920,7,5.0,1.0,0,0,4,11,1910,0,98052,47.6738,-122.129,4530,5290,1735000
1150,1,1.75,2.0,0,0,3,7,1907,1993,98031,47.3954,-122.194,1120,8400,263000
1460,3,2.0,1.5,0,0,3,7,1989,0,98033,47.6744,-122.219,970,8320,618000
3140,6,4.25,1.0,0,2,4,8,2003,0,98033,47.6913,-122.202,3030,5790,1403000
1770,4,2.25,1.0,0,0,3,7,1955,0,98178,47.495,-122.278,1550,8930,307000
3540,7,4.25,1.0,0,0,3,9,1946,0,98042,47.385,-122.107,2260,20220,601000
1700,3,2.0,2.0,0,0,3,8,1920,0,98199,47.637,-122.385,1850,11170,734000
1440,3,2.0,1.0,0,0,4,7,1989,0,98118,47.5192,-122.284,1390,4290,319000
3390,5,4.25,2.0,0,0,3,9,1949,0,98059,47.4815,-122.145,3660,8030,768000
770,2,0.75,1.0,0,0,3,6,1953,0,98023,47.2933,-122.331,600,6620,140000
3700,7,4.5,2.0,0,0,3,10,1912,0,98133,47.7116,-122.323,4310,14880,1009000
1470,3,1.75,2.0,0,0,3,6,1931,1986,98033,47.6852,-122.211,1600,3200,559000
1150,3,2.25,2.0,0,0,3,6,1940,0,98144,47.5886,-122.289,880,5390,274000
2330,5,2.5,1.0,0,0,4,8,1910,0,98031,47.4074,-122.208,1610,8440,494000
1430,4,2.0,1.0,0,2,3,7,1990,0,98144,47.5789,-122.319,1190,19960,317000
2830,5,3.0,2.0,0,0,4,8,1973,0,98106,47.5314,-122.335,2040,11120,672000
5440,7,5.5,1.0,0,0,3,12,1992,0,98115,47.6699,-122.314,3560,7850,2314000
3750,7,4.0,2.0,0,0,3,9,1961,0,98133,47.7266,-122.336,1220,18720,963000
2420,4,3.0,2.0,0,0,3,8,1997,0,98042,47.3565,-122.112,1820,10230,423000
2170,4,2.5,2.0,0,2,4,8,1958,0,98117,47.6714,-122.362,2680,4620,846000
2500,6,2.75,2.0,0,0,3,9,1921,0,98199,47.6468,-122.377,2010,4240,792000
2660,5,3.25,3.0,0,0,5,9,1941,0,98059,47.4589,-122.134,2870,3960,798000
1340,2,0.75,1.0,0,0,3,7,1986,0,98059,47.48,-122.136,1290,3410,319000
1040,3,1.0,1.0,0,0,3,7,1983,0,98115,47.6744,-122.295,1100,4050,382000
2490,4,3.0,2.0,0,0,5,8,1955,0,98059,47.4687,-122.146,2010,9570,757000
1540,4,1.75,2.0,0,2,3,6,1942,0,98117,47.7021,-122.352,630,8080,539000
1040,2,2.0,1.5,0,0,5,6,1953,0,98125,47.7317,-122.295,600,2340,259000
1900,5,2.5,2.0,0,0,4,6,1948,0,98106,47.5528,-122.351,1720,16310,316000
2100,3,2.5,1.5,0,0,4,8,1911,0,98133,47.7196,-122.321,670,13770,529000
1230,4,1.75,1.5,0,0,4,6,1988,0,98042,47.3591,-122.124,980,4560,176000
2790,6,3.75,1.5,0,1,3,9,1919,0,98004,47.6317,-122.222,2350,15510,1732000
1980,2,3.0,1.0,0,0,3,7,1985,0,98052,47.6907,-122.114,2130,8720,649000
3150,3,3.75,1.0,0,0,4,9,1915,0,98144,47.5914,-122.291,2230,5250,829000
1290,5,1.75,1.0,0,0,4,8,1925,0,98023,47.2963,-122.337,1240,7960,221000
3050,7,3.0,2.0,0,0,3,8,1960,0,98178,47.5273,-122.252,2430,1620,584000
1750,3,2.5,3.0,0,0,3,7,1928,0,98106,47.5337,-122.344,1900,4350,228000
1030,2,1.5,1.0,0,0,3,5,1964,1997,98144,47.5755,-122.298,1280,6530,205000
2800,6,3.25,2.0,0,2,4,8,1921,0,98118,47.5334,-122.275,2140,9060,748000
1130,2,1.5,2.0,0,0,3,6,1908,0,98118,47.5562,-122.264,980,10000,164000
1740,3,2.25,2.0,0,3,4,7,1991,0,98004,47.628,-122.192,1440,7000,881000
2440,4,3.75,1.0,0,0,4,7,1985,0,98033,47.697,-122.197,2020,11500,1034000
4190,7,5.0,1.0,0,0,5,9,1936,0,98023,47.326,-122.371,5010,8240,888000
1630,4,1.75,1.0,0,0,3,8,1947,0,98103,47.6478,-122.345,1580,10720,548000
2720,6,2.75,3.0,0,0,3,8,1946,0,98115,47.6791,-122.318,2080,10340,1022000
1670,2,2.0,1.0,0,0,3,7,1992,0,98199,47.6286,-122.404,1330,7240,664000
2070,5,2.5,2.0,0,0,3,7,2010,0,98042,47.3646,-122.102,2030,15230,387000
1360,4,1.75,1.0,0,0,3,7,2011,0,98118,47.5419,-122.259,1080,9830,309000
5240,7,5.5,1.0,0,0,3,12,1945,0,98042,47.3894,-122.117,4250,8510,1373000
1550,2,1.75,1.0,0,0,4,8,1986,0,98133,47.7235,-122.331,1400,9020,316000
1650,4,2.0,2.0,0,2,4,6,1920,0,98115,47.6671,-122.298,1140,2250,541000
2350,4,2.75,1.5,0,0,3,6,1952,0,98106,47.5239,-122.353,1110,4850,335000
2150,4,2.5,2.0,0,0,3,7,1945,1991,98117,47.6765,-122.392,1520,9130,622000
1600,2,2.25,2.0,0,0,3,6,1937,0,98144,47.5972,-122.285,1050,6200,380000
2410,5,2.75,2.0,0,0,3,8,2010,0,98117,47.6846,-122.377,2670,8290,726000
2280,4,3.5,1.5,0,0,4,8,1939,0,98103,47.6779,-122.333,2300,12170,685000
1440,3,2.5,2.0,0,0,3,6,1948,0,98144,47.5811,-122.283,920,7500,435000
2100,4,2.5,2.0,0,0,3,8,2012,0,98052,47.6743,-122.117,1530,2890,669000
3160,6,3.75,2.0,0,0,4,9,1964,1986,98112,47.6424,-122.32,2310,1720,1765000
1130,2,1.25,3.0,0,1,3,6,1985,0,98103,47.6716,-122.362,970,11160,361000
1970,4,2.5,2.0,0,0,3,7,1927,0,98059,47.4692,-122.139,1930,8510,453000
4890,7,5.5,1.0,0,0,3,12,2001,0,98199,47.6293,-122.394,4350,4490,1911000
2190,4,2.5,1.0,0,0,3,7,1998,0,98117,47.6868,-122.382,1920,14760,645000
520,1,1.5,1.0,0,0,5,5,1995,0,98106,47.5459,-122.341,600,9200,102000
1940,4,2.25,1.0,0,0,3,7,1921,0,98133,47.7439,-122.358,1650,8740,312000
1730,4,1.75,2.0,0,2,3,6,1955,1986,98042,47.3614,-122.109,1660,4030,343000
1030,2,1.25,1.0,1,3,3,6,1974,0,98052,47.6848,-122.147,830,17670,803000
3800,6,5.0,2.0,0,0,3,8,1908,0,98115,47.6877,-122.286,3420,12480,1105000
1670,3,2.0,1.0,0,0,3,7,1937,1998,98112,47.637,-122.301,1110,8730,615000
950,1,2.0,1.0,0,0,3,7,1909,0,98118,47.5537,-122.287,680,5990,221000
1550,3,2.25,2.0,0,0,5,7,1972,0,98103,47.6651,-122.323,1550,6230,672000
1040,2,1.5,2.0,0,0,5,6,1945,0,98118,47.5474,-122.277,760,7100,251000
2020,4,2.5,2.0,0,0,2,7,1975,0,98144,47.5841,-122.304,1440,2850,584000
1950,3,3.0,1.0,0,0,3,7,1962,1996,98103,47.6432,-122.334,1570,6120,584000
2920,5,3.0,1.0,0,0,3,10,1991,0,98118,47.5342,-122.258,2790,19270,1063000
1250,2,1.5,2.0,0,3,4,5,1941,0,98117,47.6982,-122.364,1180,14300,408000
1540,3,1.25,1.0,0,0,4,7,1973,0,98178,47.4957,-122.251,1720,4910,318000
3730,7,4.0,1.0,0,0,3,9,1901,0,98042,47.3749,-122.125,3400,8090,599000
1720,4,2.25,1.5,0,0,3,6,1995,0,98052,47.6803,-122.137,1040,17300,590000
1770,4,1.5,2.0,0,0,3,8,1952,0,98112,47.6405,-122.296,1340,6040,693000
1880,2,2.5,2.0,0,0,3,8,1925,0,98144,47.6108,-122.317,1620,12220,587000
2240,4,2.25,1.0,0,0,4,7,1933,0,98125,47.7284,-122.28,2130,5240,586000
1950,4,2.5,1.0,0,0,3,7,1939,0,98004,47.6255,-122.217,1940,14080,1010000
1540,3,0.75,1.0,0,0,3,4,1926,0,98042,47.3553,-122.108,1160,4270,202000
1290,2,1.5,2.0,0,0,3,8,2011,0,98103,47.6514,-122.349,1230,7580,480000
1510,2,1.5,2.0,0,0,3,8,1942,0,98033,47.6881,-122.175,1240,5440,502000
2170,5,3.0,1.0,0,0,3,8,1923,0,98118,47.5555,-122.256,1550,4270,481000
970,1,1.75,1.0,0,0,3,6,1959,0,98033,47.6955,-122.184,800,5930,343000
1990,4,2.0,1.0,0,0,3,8,1967,0,98125,47.7219,-122.29,2240,10090,555000
1670,4,2.5,2.0,0,0,3,6,1919,0,98115,47.6521,-122.331,1850,14980,572000
2040,5,3.25,2.0,0,0,3,9,2000,0,98059,47.4711,-122.147,1730,7800,631000
1530,4,2.25,1.0,0,0,4,7,1920,0,98199,47.6322,-122.405,1110,7800,501000
1500,3,2.0,1.0,0,0,4,7,1955,0,98004,47.6051,-122.21,1500,7010,679000
1750,2,2.0,1.0,0,0,3,7,1919,0,98033,47.6818,-122.18,1530,6670,605000
1720,5,2.0,3.0,0,0,3,6,2011,0,98106,47.548,-122.351,1710,6320,278000
1530,3,2.25,1.0,0,0,4,6,1932,0,98106,47.5465,-122.347,1830,8720,302000
3410,6,4.5,2.0,0,0,3,9,1905,1991,98178,47.5095,-122.222,3810,28120,590000
2060,2,2.5,1.0,0,0,3,8,1959,0,98031,47.413,-122.213,1270,2800,399000
1050,2,1.75,1.5,0,0,4,6,1941,0,98004,47.6168,-122.223,890,9630,597000
1750,3,3.0,1.0,0,0,5,8,2003,0,98199,47.6569,-122.394,1550,7030,706000
1320,3,1.75,1.0,0,0,3,7,1934,0,98023,47.2945,-122.327,1170,5150,195000
2310,5,2.5,1.0,0,0,3,8,1917,0,98178,47.5149,-122.234,2380,10270,429000
1980,3,2.75,2.0,0,0,3,7,1958,0,98199,47.6526,-122.396,2430,5080,671000
2740,7,3.0,2.0,0,0,3,9,1998,0,98106,47.5376,-122.361,2440,5000,704000
1430,4,2.0,1.0,0,0,3,6,1998,0,98112,47.6326,-122.286,1400,4640,564000
2140,6,2.0,1.0,0,0,4,7,1924,0,98004,47.6174,-122.188,2590,7350,1012000
2130,5,3.0,2.0,0,0,3,6,1965,0,98004,47.6043,-122.184,1850,4800,1068000
1770,3,2.0,1.5,0,0,4,8,1915,0,98178,47.4904,-122.236,1630,20030,322000
1780,3,2.25,1.0,0,0,3,7,1926,0,98112,47.627,-122.309,2060,10380,748000
2100,5,2.5,2.0,0,0,3,8,1916,0,98133,47.7471,-122.335,1940,7050,386000
2530,5,3.0,2.0,0,0,5,9,1945,0,98144,47.5693,-122.318,2420,19990,970000
2510,4,2.75,1.0,0,0,2,9,1909,0,98112,47.6502,-122.294,2410,7030,1297000
1930,4,2.25,1.0,0,0,3,8,1995,0,98106,47.5362,-122.35,950,7870,357000
2410,3,2.75,1.0,0,0,5,10,1993,0,98004,47.6439,-122.185,2160,4580,1399000
1500,4,1.75,2.0,0,4,2,8,1970,0,98103,47.6712,-122.357,1500,6710,692000
1180,2,0.75,1.5,0,0,3,7,1924,0,98106,47.5262,-122.37,1200,4400,247000
1270,4,1.25,1.0,0,0,3,7,1960,0,98106,47.5339,-122.356,1310,3350,290000
2670,6,3.5,1.0,0,1,4,8,1935,0,98125,47.7275,-122.307,2450,6720,691000
1330,4,1.5,1.0,0,0,3,7,1922,1989,98103,47.668,-122.361,1550,11640,442000
1810,2,2.0,2.0,0,0,4,7,2000,0,98042,47.3594,-122.116,1510,8350,470000
2740,5,3.25,3.0,0,0,5,8,1960,2012,98059,47.4999,-122.121,2870,6160,751000
1330,3,1.75,1.5,0,0,3,6,1964,0,98059,47.4862,-122.134,1170,4350,308000
1920,4,2.75,1.0,0,0,3,7,1948,0,98115,47.6886,-122.319,2010,9180,521000
3030,6,4.0,1.0,0,1,3,9,1983,0,98199,47.6748,-122.372,3320,8770,1233000
1080,3,1.0,1.0,0,0,3,6,1935,0,98031,47.4233,-122.202,1060,7050,193000
1460,4,2.5,1.0,0,0,3,8,1979,0,98042,47.3523,-122.092,1490,3210,344000
2160,4,2.75,2.0,0,0,3,8,1930,0,98023,47.3137,-122.357,2800,15350,418000
1430,3,2.25,1.0,0,3,4,7,1981,0,98178,47.5052,-122.261,1520,3220,293000
1930,4,2.5,1.5,0,1,4,7,1901,0,98031,47.41,-122.201,1480,7680,464000
1830,4,2.5,1.0,0,0,3,7,1949,0,98178,47.4822,-122.246,1570,3920,324000
2740,5,3.75,2.0,0,0,3,9,1926,1988,98125,47.7214,-122.304,2520,16520,878000
3880,7,5.5,1.0,0,0,3,10,1901,1993,98117,47.6903,-122.354,2580,7010,1280000
2620,4,3.25,1.0,0,0,4,10,1914,0,98023,47.303,-122.36,2040,3540,516000
2840,6,3.0,2.0,0,0,3,9,1965,0,98103,47.6762,-122.358,1130,8640,909000
2490,5,2.5,1.0,0,0,4,8,1933,0,98004,47.62,-122.197,2420,13070,1270000
1510,3,2.0,1.0,0,0,3,6,1973,0,98199,47.6654,-122.413,1330,7070,519000
2110,4,2.5,1.0,0,1,3,8,1914,0,98144,47.5966,-122.274,1780,8040,697000
2960,5,3.75,1.0,0,0,4,9,1955,0,98178,47.4897,-122.263,1950,7250,593000
1350,1,1.25,1.5,1,3,3,6,1905,0,98115,47.6915,-122.302,830,11360,582000
1430,4,2.0,2.0,0,0,3,7,1993,0,98106,47.5297,-122.363,1000,17070,306000
1680,4,2.0,2.0,0,0,3,6,1952,0,98033,47.6871,-122.193,1750,4520,663000
1980,3,2.5,2.0,0,0,5,7,1917,0,98118,47.5637,-122.269,2090,5930,370000
2790,5,3.25,2.0,0,0,4,10,1983,0,98031,47.4119,-122.211,2600,7450,707000
1360,2,1.75,1.0,0,0,3,5,1942,0,98031,47.3931,-122.187,1230,4970,159000
1020,3,1.25,1.0,0,0,4,6,1943,1989,98144,47.5828,-122.307,970,10220,236000
1070,3,2.0,2.0,0,0,3,6,1994,0,98059,47.5085,-122.131,600,6590,186000
1960,3,2.5,1.0,0,0,4,8,2013,0,98117,47.6923,-122.365,1540,14020,665000
2730,5,3.25,1.0,0,0,3,9,1917,0,98033,47.67,-122.192,2070,8470,1193000
1840,3,2.75,1.0,0,0,3,8,2006,0,98023,47.3134,-122.354,1470,7850,314000
2420,2,3.0,2.0,0,0,4,9,1934,0,98023,47.2932,-122.354,2210,9250,531000
2430,5,3.0,2.0,0,0,3,7,1971,0,98178,47.5205,-122.248,2740,9620,368000
2920,5,3.5,2.0,0,3,2,10,1948,0,98178,47.502,-122.248,2070,12460,670000
2780,5,3.0,2.0,0,0,3,9,1945,0,98133,47.7215,-122.337,2340,5660,566000
1920,2,2.0,1.5,0,0,3,7,1966,0,98052,47.6881,-122.124,1510,16020,591000
3190,5,3.25,1.0,0,0,3,10,1932,0,98178,47.487,-122.247,3380,9700,678000
1390,2,1.5,1.0,0,0,5,7,1981,0,98052,47.6866,-122.132,1520,7040,503000
4820,7,5.5,3.0,0,0,3,12,2000,0,98133,47.7528,-122.359,3970,5710,1291000
2940,5,3.75,1.0,0,0,4,8,1938,2003,98144,47.5746,-122.286,2470,8990,879000
1510,3,2.0,1.0,0,0,3,7,1906,2002,98178,47.4875,-122.254,1370,5290,287000
880,2,0.75,2.0,0,0,4,5,1901,2003,98115,47.7026,-122.31,940,12130,222000
1750,2,2.5,1.0,0,0,3,8,1953,0,98144,47.5771,-122.304,1570,6580,572000
900,2,1.25,1.0,0,0,3,6,1998,0,98031,47.3965,-122.208,820,8430,159000
1290,3,2.0,1.0,0,1,4,7,1921,2013,98059,47.4794,-122.12,1060,5930,372000
3840,7,4.25,2.0,0,0,5,10,2015,0,98117,47.6979,-122.37,3200,8570,1770000
1360,3,1.25,2.0,0,0,3,7,1907,0,98133,47.7404,-122.342,1130,3590,301000
3370,5,3.25,1.0,0,0,3,8,1955,0,98023,47.3117,-122.366,2520,6590,504000
2570,6,4.25,2.0,0,0,1,8,1949,0,98117,47.6837,-122.391,2910,2560,531000
1510,4,2.0,1.0,0,0,4,7,1997,0,98059,47.4948,-122.136,1660,11910,434000
2670,5,3.5,2.0,0,0,3,9,1911,0,98004,47.6332,-122.222,1940,7370,1704000
3160,6,4.25,2.0,0,0,3,9,1945,0,98125,47.7126,-122.308,3310,13710,792000
1070,3,1.5,2.0,0,2,5,6,1957,0,98125,47.7247,-122.29,1230,11400,292000
1650,2,2.25,1.5,0,0,4,7,1964,0,98052,47.6742,-122.126,1790,11060,461000
2130,4,1.5,1.0,0,0,5,8,1961,0,98033,47.6668,-122.199,1940,5570,813000
1620,3,2.25,1.5,0,0,3,7,1984,0,98178,47.5074,-122.25,1350,12070,279000
1590,3,2.5,2.0,0,0,3,5,1992,0,98023,47.3147,-122.358,1790,7590,243000
2160,4,2.75,1.0,0,0,3,8,1918,0,98059,47.4835,-122.137,2650,3890,566000
2790,5,3.75,2.0,0,0,5,7,1915,0,98125,47.7114,-122.304,3110,5120,574000
1870,3,2.5,2.0,0,0,3,9,1950,0,98033,47.6758,-122.19,2020,8610,802000
1340,3,1.25,2.0,0,0,2,6,1905,0,98106,47.5602,-122.346,1550,8520,241000
1920,2,2.0,2.0,0,0,3,7,1953,0,98199,47.6369,-122.431,1610,4050,745000
1610,3,1.75,2.0,0,0,3,6,2003,0,98031,47.4022,-122.201,1600,8910,285000
3150,6,3.5,1.5,0,0,3,8,1932,1998,98133,47.7311,-122.328,1930,5150,723000
1050,3,1.5,1.0,0,0,3,6,2012,0,98059,47.4784,-122.115,900,5740,255000
1310,4,2.25,1.0,0,0,4,7,2010,0,98103,47.6691,-122.354,1460,5710,507000
1830,4,2.5,2.0,0,0,1,5,1900,0,98115,47.6578,-122.304,1880,5530,356000
2100,4,2.75,1.0,0,0,3,8,1903,0,98125,47.7071,-122.303,2190,10620,656000
2210,3,2.25,1.0,0,0,5,9,2013,0,98033,47.681,-122.176,2290,3790,842000
1370,3,1.5,1.5,0,0,4,6,1928,0,98133,47.7353,-122.338,1670,10730,293000
2030,4,2.5,2.0,0,0,3,8,1991,0,98033,47.6859,-122.194,1830,8570,679000
2930,6,3.5,1.5,0,2,4,7,1975,0,98133,47.7496,-122.365,2060,4410,617000
3030,6,4.5,2.0,0,0,4,9,1932,0,98059,47.4695,-122.119,2780,3520,856000
1850,2,2.75,2.0,0,0,4,8,1979,0,98112,47.6258,-122.293,1520,6380,929000
1220,2,1.75,1.0,0,2,3,6,1987,0,98144,47.5917,-122.289,990,5030,395000
1140,2,1.0,1.0,0,0,4,7,1993,0,98106,47.5531,-122.357,1150,8870,239000
2660,4,3.5,2.0,0,0,4,8,1994,0,98023,47.3188,-122.369,3670,13380,697000
1340,3,1.75,1.0,0,0,4,8,1939,0,98033,47.6559,-122.168,1430,8950,650000
2080,4,2.5,1.0,0,0,4,7,1907,0,98125,47.7009,-122.289,1880,6290,506000
1030,2,1.75,1.0,0,0,4,6,1980,0,98133,47.7519,-122.353,700,3540,244000
2040,4,2.75,1.0,0,0,5,7,1984,0,98106,47.5226,-122.347,1790,12310,468000
1890,4,2.75,3.0,0,0,3,6,1957,0,98115,47.6701,-122.286,1460,2310,512000
1800,3,2.25,2.0,0,0,5,8,2003,0,98117,47.681,-122.358,1620,11080,650000
1020,1,1.5,2.0,0,0,3,7,1918,0,98033,47.6592,-122.188,940,7990,440000
2610,5,4.0,2.0,0,0,3,7,1986,0,98178,47.4992,-122.228,2640,9500,533000
2830,5,3.25,1.0,0,0,3,10,1926,0,98033,47.6897,-122.183,2780,4660,1170000
1290,2,1.75,1.5,0,0,4,7,2011,0,98112,47.6183,-122.308,1380,13450,628000
2380,4,3.0,1.0,0,0,3,8,1975,0,98033,47.6658,-122.207,2470,4880,803000
3400,6,4.25,2.0,0,0,3,9,1964,0,98103,47.6738,-122.34,2550,8370,967000
1440,3,2.75,1.5,0,0,3,7,1967,0,98133,47.7283,-122.33,1590,10810,332000
1760,3,2.25,2.0,0,0,4,7,1994,0,98112,47.643,-122.288,1370,6660,836000
2690,6,2.75,3.0,0,0,3,8,1915,0,98118,47.5378,-122.281,2690,7080,815000
1530,2,1.5,1.5,0,0,4,7,1990,0,98178,47.4949,-122.244,1700,10000,340000
1540,4,2.25,1.0,0,3,3,6,1946,0,98144,47.5831,-122.289,1770,12110,435000
2530,5,3.25,2.0,0,0,5,9,1946,0,98103,47.6546,-122.332,640,6490,971000
1760,4,2.5,1.0,0,0,4,6,1949,0,98023,47.3258,-122.335,1190,14560,295000
1660,4,2.0,3.0,0,0,4,8,1976,0,98004,47.6123,-122.201,1230,8190,883000
2070,4,2.5,2.0,0,0,4,6,1914,0,98042,47.3683,-122.106,1370,4650,320000
1990,3,3.0,1.0,0,0,3,7,1965,1991,98133,47.749,-122.34,1270,6060,468000
3210,5,4.0,2.0,0,0,4,9,2014,0,98199,47.6535,-122.403,2400,4750,1515000
3250,5,3.75,2.0,0,0,3,9,2013,0,98031,47.4248,-122.197,1970,9710,639000
1560,3,1.75,2.0,0,0,3,8,1977,0,98031,47.4302,-122.226,1220,13350,356000
2410,4,2.75,2.0,0,0,3,7,2008,0,98133,47.7486,-122.335,2090,3040,415000
1880,4,2.0,1.0,0,0,4,7,1936,0,98023,47.3005,-122.366,1650,6440,359000
4180,7,5.0,1.0,0,0,3,9,1994,0,98117,47.6925,-122.353,3460,6320,1140000
1970,5,2.0,1.0,0,1,3,8,1984,0,98004,47.6124,-122.206,2000,10120,954000
1720,3,1.75,2.0,0,0,3,7,1998,0,98023,47.3153,-122.345,1570,6660,295000
1400,3,2.25,3.0,0,0,5,7,1973,0,98133,47.7653,-122.339,1720,3170,328000
2400,5,2.25,2.0,0,0,3,8,1900,0,98052,47.6877,-122.134,2110,4450,877000
2750,5,3.0,1.0,0,3,3,9,1939,0,98133,47.7498,-122.329,2360,4420,624000
2520,4,3.25,2.0,0,0,3,8,1954,2014,98059,47.4858,-122.148,1990,3550,724000
1090,3,2.25,2.0,0,0,4,6,1956,0,98052,47.667,-122.117,1020,3720,417000
1470,4,1.25,2.0,0,4,4,7,1986,0,98133,47.7325,-122.347,1280,6800,450000
3780,7,5.0,2.0,0,0,2,10,1988,0,98059,47.4776,-122.146,3580,9310,1004000
2470,5,3.5,2.0,0,0,3,8,1945,2007,98199,47.6566,-122.423,1980,8510,1126000
3970,7,4.25,2.0,0,0,3,11,1967,1992,98178,47.5223,-122.226,3350,6890,878000
1740,4,2.5,1.0,0,1,2,7,1950,0,98059,47.4894,-122.122,1600,3990,378000
1760,5,2.5,1.0,0,0,2,7,1901,0,98118,47.5464,-122.265,1670,7340,385000
1080,2,1.25,2.0,0,0,4,6,1946,0,98118,47.5418,-122.272,760,7260,297000
1970,5,3.0,1.0,0,0,3,9,1900,0,98106,47.5322,-122.339,1860,11200,441000
1930,3,1.75,1.0,0,0,3,5,1958,1987,98133,47.7399,-122.348,1850,5670,507000
1860,3,2.5,1.0,0,0,4,8,1989,0,98004,47.6125,-122.203,2080,3580,1111000
2070,5,3.5,2.0,0,0,4,7,2001,0,98052,47.6627,-122.122,1990,12080,848000
2790,5,3.5,1.0,0,1,3,11,1996,0,98052,47.6767,-122.122,2430,4440,1492000
3580,6,4.25,2.0,0,0,3,9,1936,2001,98059,47.4855,-122.122,4040,7880,833000
920,3,1.5,1.0,0,0,3,4,1967,0,98112,47.6158,-122.301,850,7510,258000
1030,3,1.75,2.0,0,0,4,5,1904,2010,98125,47.7084,-122.315,810,12280,192000
750,1,0.75,1.0,0,0,3,5,1911,0,98118,47.539,-122.269,790,8970,154000
1550,3,2.0,1.0,0,0,3,6,2012,0,98178,47.4915,-122.249,1130,5040,245000
1950,4,3.25,1.0,0,0,4,7,2004,0,98033,47.6821,-122.196,1510,7400,749000
1990,3,2.0,1.0,0,0,3,8,1958,0,98112,47.6309,-122.308,1490,9010,794000
2990,6,4.0,1.5,0,0,3,10,1902,0,98144,47.5832,-122.293,1650,6690,705000
1610,3,2.5,1.5,0,0,5,7,1910,0,98103,47.6702,-122.327,1420,8090,502000
1500,3,2.25,2.0,0,0,3,7,2012,0,98178,47.4825,-122.232,1590,4780,226000
1750,2,2.5,1.0,0,0,2,8,1909,0,98133,47.758,-122.34,1620,22140,414000
2740,6,4.5,3.0,0,0,3,8,1935,0,98059,47.4766,-122.123,2660,3140,706000
1330,3,1.25,1.0,0,0,3,8,1994,0,98004,47.6112,-122.214,630,12760,572000
2980,6,4.0,2.0,0,0,3,8,2010,0,98112,47.618,-122.305,2390,9030,1120000
2190,4,2.75,2.0,0,0,4,8,1985,0,98199,47.6476,-122.395,2170,22860,808000
1240,3,1.5,1.0,0,0,4,7,1921,0,98199,47.6672,-122.391,1030,4050,547000
1960,4,2.0,2.0,0,0,3,6,1939,0,98031,47.3969,-122.187,1890,6140,328000
2710,5,3.25,2.0,0,2,3,9,1967,0,98144,47.5784,-122.307,2700,14060,1043000
3220,5,3.0,1.0,0,0,5,10,2006,0,98052,47.7028,-122.103,2970,10020,1869000
2200,4,2.5,2.0,0,0,3,7,1999,0,98112,47.6289,-122.302,1390,2700,778000
2610,5,3.25,3.0,0,0,3,9,2004,0,98059,47.4744,-122.117,1870,19350,848000
1800,4,3.0,2.0,0,0,4,7,1962,0,98133,47.7313,-122.339,1610,7500,375000
2000,4,2.5,1.0,0,0,3,7,1929,0,98059,47.486,-122.128,1660,3880,404000
1390,3,1.5,1.0,0,2,3,6,1902,0,98178,47.5057,-122.251,770,5530,298000
1350,3,1.0,2.0,0,0,2,8,1943,0,98052,47.6733,-122.114,1350,9230,496000
4500,7,5.5,2.0,0,0,3,11,1911,0,98144,47.5881,-122.297,3380,9280,1339000
3500,6,3.25,2.0,0,0,3,9,1983,0,98112,47.6142,-122.29,2150,17410,1771000
2350,4,2.5,1.0,1,4,2,7,1948,0,98103,47.6625,-122.347,2280,8540,1393000
2150,4,2.0,2.0,0,0,4,9,2013,0,98059,47.4665,-122.14,2040,8580,512000
1910,3,3.0,1.5,0,0,3,7,2009,0,98133,47.7297,-122.344,970,8120,337000
1050,2,1.25,2.0,0,0,3,5,1999,0,98118,47.5472,-122.292,600,7050,192000
2920,5,4.0,1.0,0,0,3,9,1957,0,98115,47.6803,-122.307,2460,13230,1022000
3920,6,4.5,2.0,0,0,3,11,1973,0,98023,47.3282,-122.366,3120,15770,631000
2970,6,3.75,2.0,0,0,5,9,1948,0,98112,47.6348,-122.311,2740,6250,1745000
1550,4,1.5,2.0,1,3,3,4,1920,0,98031,47.4075,-122.191,1390,9090,358000
1190,2,1.0,1.0,0,0,3,6,1996,0,98199,47.6448,-122.407,1190,3580,408000
950,2,1.5,2.0,0,0,3,6,1955,0,98042,47.3736,-122.093,1090,8980,134000
1060,2,1.0,2.0,0,0,4,6,1959,0,98118,47.5223,-122.28,1030,8700,210000
1390,2,2.25,1.0,0,0,3,7,1902,0,98042,47.3827,-122.11,1130,6360,273000
2280,4,3.25,2.0,0,0,4,7,1914,0,98106,47.5393,-122.372,2010,9940,353000
1880,5,2.75,2.0,0,0,3,8,1977,0,98117,47.6976,-122.377,1250,4560,667000
1090,2,2.0,1.0,0,0,3,4,1935,0,98118,47.5159,-122.283,1180,4790,176000
2650,5,2.5,2.0,0,2,3,8,1937,0,98178,47.5155,-122.248,1740,5870,565000
2270,5,3.0,2.0,0,0,5,9,1923,0,98133,47.7333,-122.353,2560,5430,725000
3380,6,4.75,1.0,0,0,4,8,1909,0,98115,47.677,-122.297,3920,5710,899000
1970,5,2.5,1.0,0,0,3,7,1926,0,98115,47.6745,-122.311,1570,4110,552000
2920,5,3.5,2.0,0,0,3,9,1917,0,98004,47.605,-122.211,2420,9240,1465000
1170,2,1.5,2.0,0,0,2,6,2008,0,98125,47.7222,-122.302,1160,5260,253000
1490,3,1.5,1.0,0,0,3,6,2011,0,98144,47.5672,-122.296,870,4920,381000
1090,1,2.25,1.0,0,0,3,7,1943,0,98115,47.6999,-122.295,960,5680,301000
1140,2,1.5,1.0,0,0,3,6,1956,0,98004,47.6159,-122.221,1020,8580,652000
2530,5,3.25,2.0,0,0,3,9,1968,0,98004,47.6285,-122.215,2240,13670,1149000
2170,4,3.25,1.0,0,0,5,10,1904,0,98118,47.561,-122.286,2400,5060,711000
2430,4,3.5,2.0,0,0,4,7,1988,0,98023,47.31,-122.363,2890,5820,441000
3470,6,4.0,2.0,0,0,4,10,1995,0,98106,47.5254,-122.355,2400,10910,644000
1770,4,2.5,2.0,0,0,4,8,1958,0,98199,47.6463,-122.408,1630,3560,776000
1980,3,2.0,3.0,0,0,3,8,1905,0,98144,47.6006,-122.283,600,7480,629000
1400,2,1.75,1.0,0,0,3,6,1955,0,98052,47.6852,-122.125,1200,29230,427000
1830,4,2.25,2.0,0,2,3,8,1901,0,98031,47.3931,-122.194,1700,10420,405000
1900,4,2.5,2.0,0,0,4,7,1935,0,98178,47.5139,-122.26,1950,7260,346000
2680,5,3.0,1.0,0,0,4,7,1992,0,98033,47.696,-122.198,1460,7320,1185000
2730,5,3.0,2.0,0,0,1,9,2009,0,98004,47.6289,-122.199,2360,17320,1602000
2100,5,2.75,1.0,0,3,3,9,1984,0,98125,47.724,-122.304,1710,6310,822000
1380,3,2.25,2.0,0,0,3,8,1978,0,98144,47.5694,-122.272,1350,6130,524000
4340,7,4.75,1.0,0,0,4,11,1904,1985,98004,47.6268,-122.207,4580,7470,3202000
2350,5,2.5,1.0,0,0,3,9,1978,0,98112,47.6485,-122.301,1930,5490,1021000
2050,3,2.75,1.5,0,0,2,8,1978,0,98144,47.5948,-122.277,2190,5450,611000
2230,6,2.5,1.5,0,0,3,8,1994,0,98144,47.5719,-122.291,1730,11300,533000
2140,3,2.75,2.0,0,1,4,7,1919,0,98118,47.5471,-122.242,2260,11120,461000
2670,4,3.25,2.0,0,0,4,9,1945,0,98117,47.69,-122.389,2620,7890,790000
3740,6,4.25,1.0,0,0,3,8,1925,0,98144,47.5827,-122.305,2990,7560,997000
2370,4,3.25,2.0,0,0,3,9,2010,0,98115,47.6745,-122.29,2960,14670,727000
1580,3,2.0,1.0,0,0,5,7,2002,0,98115,47.6863,-122.284,1780,9140,562000
1210,2,2.0,1.0,0,2,3,6,1978,0,98118,47.5492,-122.246,1050,16230,259000
1810,5,1.25,3.0,0,0,3,7,2002,0,98106,47.5354,-122.36,1700,7720,359000
1920,3,2.5,2.0,0,0,4,7,1999,0,98106,47.5262,-122.343,1280,5540,458000
1490,3,2.5,2.0,0,0,3,7,1980,0,98118,47.5401,-122.265,1000,15280,342000
1330,3,2.0,3.0,1,3,4,6,1938,0,98052,47.6796,-122.126,1260,7560,871000
2610,5,3.5,2.0,0,0,4,8,1908,1992,98144,47.5809,-122.292,2320,19670,969000
1470,3,2.0,1.0,0,0,4,6,1916,0,98059,47.4916,-122.114,1520,11430,412000
2140,5,3.25,1.0,0,0,3,8,1916,0,98125,47.732,-122.295,1050,10420,499000
1520,3,2.0,1.0,0,3,4,6,1938,1995,98133,47.6993,-122.335,1380,12030,340000
2800,5,3.25,1.5,0,0,3,8,2012,0,98133,47.7437,-122.348,2290,4790,598000
1870,4,2.75,2.0,0,0,3,5,1944,0,98112,47.6275,-122.257,1440,10470,627000
2070,4,3.0,2.0,0,0,4,7,1934,0,98059,47.5051,-122.15,1880,1270,595000
1040,3,2.0,1.0,0,0,3,6,1949,0,98199,47.64,-122.401,970,8190,355000
1900,2,2.75,1.0,0,0,3,9,1924,0,98199,47.6486,-122.382,2530,7490,1012000
980,4,1.75,2.0,0,0,4,6,1908,0,98112,47.6016,-122.318,1080,2580,444000
3420,4,4.5,2.0,0,0,3,10,1902,0,98144,47.5761,-122.288,3220,7400,847000
4280,7,5.0,2.0,0,0,4,10,1996,0,98118,47.5372,-122.282,2790,7030,1027000
720,2,1.75,1.0,0,0,3,5,1945,1997,98004,47.6316,-122.219,600,8410,350000
1280,3,1.5,2.0,0,0,5,6,1930,0,98031,47.4249,-122.185,1260,17840,236000
2230,6,2.5,2.0,0,0,5,8,1970,0,98106,47.5427,-122.361,2260,2770,546000
1200,3,2.0,1.0,0,0,4,7,1902,0,98133,47.7503,-122.345,1270,6000,323000
1650,4,2.25,2.0,0,0,3,8,1902,2008,98115,47.6841,-122.302,1330,4080,431000
2990,4,3.5,2.0,0,0,4,7,1912,2006,98103,47.6514,-122.333,3420,6900,838000
1260,2,0.75,2.0,0,0,4,7,1910,2001,98133,47.748,-122.336,1240,5430,374000
1870,5,2.25,2.0,0,0,3,5,1922,0,98059,47.4992,-122.128,1280,8630,358000
2230,6,2.75,1.0,0,3,3,7,1901,0,98023,47.2981,-122.355,2600,9950,406000
1780,3,1.75,1.0,0,0,3,6,1941,0,98031,47.417,-122.197,1540,8710,281000
1980,3,2.5,1.0,0,0,3,8,1997,0,98023,47.3031,-122.362,1990,4290,357000
1680,3,2.0,1.5,0,3,4,6,1926,0,98133,47.7363,-122.363,1940,8970,488000
2470,4,3.0,2.0,0,0,3,9,2009,0,98106,47.5253,-122.328,2100,14730,524000
1470,3,1.75,1.0,0,0,5,7,2004,0,98052,47.6766,-122.12,1060,12670,490000
1040,3,1.5,1.0,0,0,3,6,2005,0,98106,47.5312,-122.348,980,4190,179000
3840,5,4.0,2.0,0,0,3,10,2011,0,98042,47.358,-122.109,4170,7670,762000
1090,2,1.75,1.0,0,0,4,5,1932,0,98059,47.4858,-122.131,1130,2610,226000
1380,4,2.25,3.0,0,0,3,7,1973,0,98112,47.6366,-122.307,1070,16930,465000
1440,2,1.75,2.0,0,0,3,7,1952,0,98042,47.3856,-122.133,1630,6380,251000
3610,6,4.0,1.0,0,0,3,11,1988,0,98059,47.4968,-122.117,3690,4920,1325000
1960,3,2.0,1.0,0,0,3,7,1955,2014,98112,47.6182,-122.309,2110,11890,718000
1930,4,2.5,1.0,0,0,3,10,1936,0,98133,47.7494,-122.343,2200,6960,521000
2500,5,2.5,1.0,0,0,4,8,2007,0,98103,47.6749,-122.346,2920,2980,888000
3160,6,3.0,1.0,0,0,3,10,1903,0,98118,47.5314,-122.261,2500,3910,843000
3660,7,4.25,1.5,0,0,3,11,1962,0,98112,47.6289,-122.306,3580,15510,2406000
2800,4,3.75,2.0,0,0,3,8,1954,0,98033,47.6759,-122.171,2600,10190,827000
1570,3,1.75,2.0,0,0,3,6,1943,0,98117,47.671,-122.378,1210,8080,339000
2540,5,3.0,2.0,0,0,3,8,2004,0,98042,47.3705,-122.119,2990,14840,439000
2460,5,3.5,1.0,0,2,3,8,1957,0,98103,47.6784,-122.342,2310,7030,864000
1540,2,1.75,2.0,0,0,3,8,1908,0,98004,47.6277,-122.227,1010,10230,869000
2390,4,3.25,1.0,0,0,5,8,1934,2001,98117,47.6787,-122.365,1650,4540,788000
1780,3,3.0,2.0,0,0,3,8,1983,0,98199,47.6365,-122.403,1660,7580,803000
1300,2,1.5,1.0,0,0,3,7,2011,0,98052,47.6898,-122.128,1210,4410,431000
1460,2,1.75,1.5,0,0,4,7,1915,0,98052,47.6788,-122.132,1020,13660,632000
3240,6,3.25,1.0,0,0,3,9,2000,0,98117,47.691,-122.391,2430,7820,987000
1160,4,1.25,2.0,0,0,5,7,1996,0,98042,47.3569,-122.122,1020,10010,274000
2670,4,3.25,1.0,0,0,3,8,1981,0,98033,47.6957,-122.168,1850,4600,1177000
1370,3,2.0,1.0,0,0,4,5,1970,0,98112,47.6211,-122.298,1370,8360,636000
1430,3,2.25,2.0,0,0,3,7,1946,0,98133,47.7457,-122.335,1230,4920,301000
1330,2,1.25,1.0,0,0,3,6,1942,0,98115,47.6806,-122.295,1280,14760,414000
1340,4,1.25,1.0,0,0,3,7,1958,0,98023,47.3141,-122.37,1040,9870,309000
2430,5,2.75,1.0,0,0,3,8,2011,0,98125,47.7238,-122.311,2520,11790,657000
2520,6,4.0,2.0,0,2,5,7,2009,0,98112,47.6242,-122.288,1850,4700,1218000
1850,4,2.5,2.0,0,0,3,6,1921,0,98033,47.6864,-122.189,2050,6010,593000
1990,4,2.5,1.5,0,0,3,8,2012,0,98004,47.6181,-122.204,2250,5070,1364000
1920,5,2.75,1.0,0,0,3,7,1946,0,98125,47.7003,-122.302,880,17110,488000
1640,3,2.25,1.5,0,0,5,7,1943,2015,98118,47.5402,-122.271,1700,10210,462000
970,2,1.0,3.0,0,2,4,5,1987,0,98004,47.591,-122.228,780,13920,580000
2330,5,2.5,2.0,0,0,3,8,1996,0,98103,47.6442,-122.337,2600,14270,950000
2100,4,2.25,2.0,0,0,3,7,1915,2009,98052,47.6777,-122.109,2120,3940,719000
3520,6,4.25,1.5,0,0,4,10,1976,0,98199,47.6372,-122.409,3680,12890,1221000
2680,5,3.5,1.0,0,0,3,8,1967,0,98117,47.676,-122.369,2270,3760,740000
3110,6,4.5,2.0,0,0,4,9,1905,0,98115,47.694,-122.319,2630,4240,803000
2720,5,2.75,2.0,0,0,3,9,1946,0,98042,47.3815,-122.128,3110,2580,684000
670,2,1.0,1.0,0,0,4,6,1977,0,98112,47.6157,-122.282,610,8900,304000
2480,5,3.25,1.0,0,0,1,9,1986,0,98144,47.6069,-122.302,1730,7040,738000
1540,4,2.25,2.0,0,0,3,7,1908,0,98059,47.4743,-122.143,1770,11810,320000
2070,3,2.25,1.0,0,0,3,8,1921,0,98118,47.549,-122.269,1590,7980,464000
2680,3,3.0,1.5,0,3,4,7,1967,0,98115,47.6911,-122.264,2550,5890,1000000
1230,2,2.25,2.0,0,0,3,8,2000,0,98178,47.4941,-122.25,1470,8490,264000
1500,3,1.0,1.5,0,0,3,8,1977,0,98023,47.3149,-122.358,1580,13850,265000
2210,4,2.75,1.0,0,0,3,6,1913,0,98042,47.3666,-122.121,2020,9400,327000
2410,4,3.0,2.0,0,0,3,6,2002,0,98023,47.2936,-122.385,1760,9730,336000
1650,4,2.25,2.0,0,0,3,6,1999,0,98031,47.4151,-122.203,1090,12350,322000
1160,3,2.0,1.0,0,0,1,6,1931,0,98117,47.6969,-122.369,1350,6360,263000
1820,4,2.75,3.0,0,0,3,8,2011,0,98125,47.7372,-122.309,1310,5790,584000
2590,4,3.0,1.0,0,0,3,9,1995,0,98178,47.5072,-122.255,1770,9390,543000
790,2,1.0,2.0,0,0,3,5,1938,0,98117,47.7015,-122.375,750,11940,268000
1280,2,2.0,2.0,0,0,5,7,2007,0,98199,47.6373,-122.407,1050,9230,567000
1390,4,1.75,1.0,0,0,4,7,1911,0,98199,47.654,-122.388,1030,12850,499000
1600,4,2.25,1.0,0,0,3,7,1984,0,98023,47.3146,-122.348,1540,13180,242000
1920,3,2.25,2.0,0,0,3,7,2003,0,98118,47.5503,-122.291,1930,11160,427000
2780,4,3.25,1.5,0,0,3,8,1955,0,98004,47.6057,-122.191,2400,6740,1494000
1630,3,2.25,1.0,0,0,3,7,1916,0,98178,47.4783,-122.245,1310,4540,306000
2470,6,3.75,2.0,0,0,3,9,1992,0,98031,47.4243,-122.203,1450,6850,643000
1190,3,1.25,2.0,0,0,3,6,1945,0,98059,47.4906,-122.126,990,9980,260000
2900,5,3.0,1.0,0,0,3,7,2010,0,98144,47.5893,-122.296,3440,6550,715000
3190,6,4.0,1.0,0,0,3,10,1950,1991,98103,47.6832,-122.328,3260,7470,932000
3380,6,3.75,2.0,0,0,4,9,1935,0,98199,47.6519,-122.402,2570,2500,1240000
1490,2,2.0,1.0,0,0,4,7,1903,0,98133,47.738,-122.368,1620,9610,321000
2130,5,3.0,1.0,0,0,4,7,1955,2012,98106,47.5303,-122.369,1640,14550,440000
1760,2,2.5,1.0,0,0,3,7,1947,0,98115,47.6881,-122.315,1640,4400,441000
2030,3,2.25,3.0,0,0,5,7,1981,0,98004,47.6057,-122.206,1340,6510,1244000
5520,7,5.5,1.0,0,0,3,12,2006,0,98125,47.7265,-122.311,5050,8050,1551000
1070,2,1.75,2.0,0,0,3,5,1969,0,98144,47.5752,-122.311,720,9460,223000
1500,3,2.0,1.0,0,0,3,7,1931,0,98052,47.6908,-122.11,2020,12000,515000
2540,4,3.25,2.0,0,0,3,9,1958,0,98052,47.6993,-122.126,2280,6050,1078000
1850,3,2.5,2.0,0,0,4,8,1961,0,98004,47.6213,-122.181,1390,4010,1137000
1510,4,2.0,1.0,0,0,4,7,1985,0,98059,47.4906,-122.116,1370,3110,303000
1010,3,1.5,1.0,0,0,2,5,1930,0,98133,47.7477,-122.352,1170,15410,209000
1110,3,2.0,1.5,0,0,5,5,1955,0,98118,47.5368,-122.285,1240,14690,275000
1470,3,1.5,2.0,0,0,3,5,1919,1990,98125,47.7145,-122.303,880,3640,319000
1560,3,1.75,2.0,0,0,3,7,1995,0,98118,47.5201,-122.3,1690,3960,450000
1900,4,2.0,2.0,0,0,4,8,1908,0,98031,47.4185,-122.188,1850,4220,431000
1360,2,2.0,1.0,0,0,3,7,2004,0,98031,47.3989,-122.196,1040,15740,228000
3130,5,4.0,1.0,0,0,3,8,1914,0,98106,47.5337,-122.359,2740,7510,649000
4110,7,4.5,2.0,0,0,3,10,1916,0,98004,47.5959,-122.205,3820,4910,2569000
1170,3,1.5,1.0,0,0,3,7,1998,0,98118,47.5285,-122.287,1230,5310,176000
790,2,1.5,2.0,0,0,3,6,1933,0,98004,47.6191,-122.191,700,6800,454000
2540,4,3.25,1.0,0,0,3,9,1932,0,98042,47.3521,-122.123,2550,5310,437000
1870,3,2.75,2.0,0,0,2,7,1983,0,98133,47.7314,-122.336,1970,6010,347000
2570,4,2.75,1.0,0,0,3,8,1902,0,98059,47.4796,-122.121,2220,5570,642000
3230,6,4.25,1.0,0,0,3,9,2012,0,98112,47.6198,-122.292,2830,5960,1628000
1380,3,2.75,1.0,0,0,5,6,1919,0,98042,47.3419,-122.113,1240,8530,287000
2240,5,3.25,2.0,0,0,5,7,1977,1995,98106,47.5355,-122.32,1910,8740,528000
1460,2,2.25,2.0,0,0,4,7,1998,0,98103,47.6423,-122.322,1430,11080,531000
2410,4,3.0,1.0,0,0,4,8,1908,0,98125,47.716,-122.297,2680,7950,620000
3850,7,4.5,2.0,0,1,3,12,1901,1985,98103,47.6894,-122.342,3560,6600,1921000
1080,3,1.75,1.0,0,0,5,6,2012,0,98115,47.6881,-122.278,1110,9680,381000
1130,1,0.75,1.0,0,0,3,5,1929,0,98052,47.7008,-122.095,1000,18220,277000
2140,4,3.0,2.0,0,0,5,8,2004,0,98125,47.7261,-122.299,2200,12050,620000
1700,1,3.0,1.0,0,0,4,8,1908,0,98118,47.551,-122.267,1970,8310,438000
1020,2,1.25,1.0,0,1,3,6,2005,0,98042,47.3626,-122.134,980,9740,201000
2880,5,3.25,2.0,0,0,4,10,1967,0,98115,47.6872,-122.297,2020,13690,1099000
880,3,1.25,1.0,0,3,4,6,1996,0,98118,47.5482,-122.277,750,9490,283000
1600,4,2.0,1.0,0,0,3,7,1908,1997,98023,47.3081,-122.343,1710,13730,306000
1330,4,2.0,1.0,0,0,3,7,1927,0,98133,47.7266,-122.362,1000,5030,297000
2300,4,2.5,3.0,0,0,3,8,1995,0,98052,47.6567,-122.141,2100,14000,994000
2230,5,2.0,1.0,0,0,5,8,1900,0,98059,47.4899,-122.132,1450,10590,559000
2910,5,4.5,1.0,0,0,4,8,1910,0,98103,47.6577,-122.337,1890,7400,1000000
2630,5,3.0,1.0,0,3,3,8,1966,0,98112,47.6228,-122.322,2590,12150,1537000
1070,3,1.25,1.0,0,0,3,6,1956,0,98125,47.7239,-122.309,940,7630,288000
1800,4,1.5,3.0,0,0,3,6,1949,0,98023,47.302,-122.342,1780,4100,302000
1910,5,3.0,2.0,0,0,3,6,1927,2005,98052,47.6804,-122.111,1620,15210,624000
1710,4,2.75,2.0,0,0,4,6,1927,0,98118,47.5457,-122.277,740,10210,346000
990,2,1.75,1.5,0,0,4,5,1912,0,98117,47.6772,-122.401,700,11690,250000
1380,3,3.0,1.0,0,0,4,6,1935,0,98118,47.5334,-122.272,1460,10010,277000
1930,3,2.25,1.0,0,0,5,7,1997,0,98133,47.7212,-122.342,1570,15650,391000
2680,5,3.5,1.0,0,0,3,8,1909,0,98059,47.4797,-122.117,3120,5030,597000
1170,3,1.25,1.5,0,0,4,5,1934,0,98118,47.5388,-122.29,1020,9150,156000
900,3,1.75,1.0,0,0,3,5,1986,0,98125,47.7338,-122.293,990,6390,238000
1490,3,1.75,1.0,0,0,3,6,1976,0,98052,47.6988,-122.13,1130,12710,578000
2040,4,2.25,2.0,0,0,3,8,1936,0,98133,47.7516,-122.326,2090,6050,547000
2030,3,2.5,1.0,0,0,3,8,1905,2012,98052,47.6834,-122.127,1480,9270,709000
1920,3,2.0,1.0,0,0,4,8,1963,0,98115,47.6765,-122.309,1450,5770,604000
1260,4,1.0,2.0,0,0,4,6,1945,0,98117,47.6849,-122.373,970,9500,361000
1290,2,2.0,1.0,0,1,1,6,1983,0,98059,47.5049,-122.141,600,3960,334000
1310,3,1.25,3.0,0,0,3,6,1978,0,98115,47.6939,-122.302,1230,7590,420000
1230,1,1.5,1.0,0,0,4,6,1970,0,98106,47.5316,-122.34,1040,4250,242000
2970,6,3.75,1.0,0,0,1,8,1963,0,98199,47.6613,-122.403,2770,17640,894000
2110,5,2.75,2.0,0,0,3,8,2008,0,98144,47.5943,-122.295,1530,5090,577000
2110,4,3.0,1.0,0,0,4,8,1961,0,98117,47.6877,-122.372,2060,3680,586000
1090,2,1.25,2.0,0,0,4,6,1978,0,98031,47.4002,-122.186,1110,10170,270000
1070,3,1.0,2.0,0,0,3,6,1988,0,98059,47.5009,-122.123,1280,4860,287000
1980,4,2.25,1.0,0,0,4,6,1978,0,98118,47.5689,-122.262,1830,3310,378000
2700,6,3.25,1.0,0,0,5,9,1945,0,98112,47.6358,-122.3,2620,5230,1643000
1800,3,1.75,1.0,0,0,3,8,1984,0,98133,47.7413,-122.348,1900,8080,563000
1580,2,2.25,1.0,0,0,5,7,2006,0,98144,47.6008,-122.29,1670,13280,550000
1910,4,2.25,1.0,0,0,4,9,1936,0,98052,47.6919,-122.084,1930,7780,875000
1570,4,1.5,1.5,0,0,4,6,1966,0,98144,47.5853,-122.29,1750,9550,449000
1710,3,2.25,2.0,1,3,4,7,1961,0,98199,47.6689,-122.386,2250,8110,1250000
3240,5,3.75,2.0,0,0,4,8,1934,0,98059,47.4696,-122.141,1650,13670,838000
2110,4,2.5,2.0,0,0,4,6,1952,0,98004,47.6161,-122.222,1350,7020,800000
1290,2,2.0,2.0,0,3,3,5,1919,1992,98133,47.7118,-122.351,800,7760,325000
2170,5,2.25,1.0,0,2,3,7,1904,2007,98133,47.7278,-122.338,2210,11800,464000
1180,3,1.0,3.0,0,0,3,6,1935,0,98106,47.5296,-122.355,890,5900,224000
730,2,1.0,1.0,0,0,3,5,1913,0,98023,47.3176,-122.352,850,14950,95000
1400,3,2.25,1.0,0,1,3,8,1978,0,98031,47.4418,-122.191,1070,4600,309000
2610,5,4.0,1.0,0,0,4,8,1927,0,98112,47.6478,-122.275,1810,4380,1178000
1600,4,2.25,1.0,0,0,3,6,1961,0,98103,47.6692,-122.355,1540,3170,426000
2670,5,3.5,1.0,0,0,3,8,1981,0,98042,47.3622,-122.104,2180,3820,433000
1790,4,2.0,1.0,0,0,3,7,1967,0,98144,47.5787,-122.306,1900,3300,388000
650,2,1.75,1.0,0,0,5,7,1994,0,98031,47.4183,-122.206,600,6170,119000
2300,6,2.75,2.0,0,0,4,8,1901,0,98052,47.6886,-122.117,1840,9480,750000
3220,6,4.5,1.0,0,0,2,7,2010,0,98118,47.5338,-122.274,3440,15220,609000
2370,4,3.25,1.0,0,0,3,7,1992,0,98112,47.619,-122.291,1610,9090,987000
1560,3,1.75,2.0,0,0,3,7,1940,0,98052,47.6941,-122.122,1370,5250,544000
1840,4,2.75,1.5,0,2,3,8,1952,0,98033,47.6965,-122.22,1970,5530,904000
4090,7,5.25,1.0,0,0,3,11,1915,0,98004,47.6252,-122.201,5500,8160,2108000
960,3,1.75,1.0,0,0,3,7,2009,0,98125,47.7186,-122.321,1300,5190,255000
2210,4,2.75,1.0,0,0,3,8,1978,0,98118,47.5561,-122.264,2390,8770,623000
1640,3,2.25,1.5,0,0,3,6,2015,0,98199,47.644,-122.412,1680,6720,606000
2440,5,3.0,2.0,0,0,4,8,1999,0,98117,47.7008,-122.375,2140,9330,677000
2960,5,3.5,1.0,0,0,4,8,1956,0,98106,47.5216,-122.341,3180,8710,684000
1320,2,1.5,2.0,0,0,3,6,2001,0,98059,47.4635,-122.111,1190,8880,354000
1320,3,2.0,1.0,0,0,3,5,1959,0,98004,47.6466,-122.194,1620,13410,590000
1450,2,1.25,1.0,0,0,3,7,1908,0,98112,47.6547,-122.302,1330,6910,727000
3340,5,4.0,1.5,0,0,3,9,1922,0,98031,47.4001,-122.18,2580,8930,604000
2690,5,3.0,2.0,0,0,3,8,1944,0,98033,47.69,-122.201,2620,13010,1124000
1930,3,2.5,2.0,0,0,3,8,1968,0,98059,47.4806,-122.132,1290,3230,400000
1670,3,2.0,1.0,0,0,5,8,2012,0,98117,47.6903,-122.387,1620,4290,646000
1550,4,1.5,1.0,0,3,4,8,1907,0,98125,47.7055,-122.291,1080,5220,486000
4450,7,5.5,2.0,0,0,3,10,2000,0,98106,47.5437,-122.329,4710,4850,1201000
1010,3,1.5,1.0,0,0,3,6,1933,0,98059,47.4743,-122.134,1110,9410,217000
1460,3,2.25,2.0,0,0,3,8,1988,0,98059,47.493,-122.127,1600,4460,383000
1110,1,1.0,2.0,0,0,4,6,1954,0,98031,47.4084,-122.205,1000,14940,193000
3590,6,4.5,2.0,0,0,3,8,1935,0,98118,47.5561,-122.271,2400,3970,647000
1200,2,2.0,1.5,0,0,3,8,1946,0,98033,47.6612,-122.188,1450,3590,580000
940,2,1.0,2.0,0,0,4,5,1996,0,98059,47.4768,-122.143,850,11230,220000
2740,5,2.5,1.0,0,0,4,8,2006,0,98112,47.6395,-122.312,2880,27850,1420000
1950,3,2.75,2.0,0,0,3,7,1988,0,98052,47.6831,-122.126,1680,3970,645000
2540,5,4.0,2.0,0,0,5,9,1964,0,98004,47.6178,-122.221,2070,16930,1667000
2180,4,4.25,2.0,0,0,4,7,1936,0,98133,47.739,-122.333,2530,3990,496000
1190,4,1.5,2.0,0,0,5,5,1900,0,98117,47.6791,-122.375,1320,6430,365000
2020,3,2.0,1.0,0,0,4,7,1910,0,98059,47.4834,-122.125,1760,18630,398000
1350,4,1.25,1.0,0,0,3,6,1956,0,98199,47.6567,-122.41,1790,10830,336000
3050,5,3.75,1.0,0,0,3,10,1931,0,98118,47.5627,-122.27,3520,5640,838000
1330,2,1.25,2.0,0,0,3,7,1900,0,98042,47.3749,-122.107,1210,9080,223000
1840,4,3.0,1.0,0,0,4,8,2000,0,98042,47.3524,-122.12,1090,8060,368000
2630,5,4.0,1.0,0,0,4,9,1968,0,98118,47.5317,-122.245,2670,5320,732000
1720,4,3.25,2.0,0,0,3,8,1932,0,98125,47.7297,-122.305,1930,7100,370000
2920,7,3.5,1.5,0,0,4,8,1978,0,98117,47.6992,-122.388,1380,8590,831000
1050,3,1.5,1.0,0,0,4,5,1941,1997,98103,47.6962,-122.345,1020,8250,351000
3040,5,4.0,3.0,0,0,5,9,1922,0,98004,47.6115,-122.191,2760,10410,1695000
1730,3,2.0,2.0,0,0,5,9,2002,0,98133,47.7376,-122.347,2070,12150,344000
3830,7,4.5,1.0,0,0,3,9,1955,0,98033,47.6815,-122.191,4380,10270,1627000
1070,2,2.0,1.0,0,0,4,7,1945,0,98059,47.5032,-122.137,1000,5290,249000
2040,4,2.5,3.0,0,0,3,7,1982,0,98118,47.5493,-122.252,1980,6700,397000
3020,5,3.25,1.0,0,3,3,9,1989,0,98178,47.4827,-122.256,2290,4530,763000
2010,3,1.5,1.0,0,1,3,7,2012,0,98023,47.3121,-122.37,1700,6510,323000
1910,4,3.0,1.5,0,0,4,7,1953,0,98033,47.6849,-122.21,1240,16900,982000
2280,4,3.0,2.0,0,0,3,8,1974,0,98059,47.4843,-122.114,2260,2940,545000
1490,4,2.0,2.0,0,0,3,8,1941,1996,98052,47.6689,-122.12,1010,10680,615000
2260,3,3.25,1.0,0,0,3,9,1905,0,98178,47.4801,-122.243,1800,3500,429000
2300,6,2.5,1.0,0,0,3,6,1988,0,98117,47.7068,-122.368,2030,2880,535000
1050,3,1.25,2.0,0,0,3,5,1936,0,98103,47.6563,-122.356,1160,40000,264000
1490,3,2.25,1.0,0,0,3,8,1902,0,98178,47.4907,-122.218,1270,9650,221000
2910,6,4.25,2.0,0,0,5,9,1989,0,98103,47.6727,-122.334,2620,4690,1143000
1670,3,2.25,2.0,0,4,5,7,2007,0,98144,47.6018,-122.3,1200,16240,502000
1640,4,2.0,2.0,0,0,3,8,2011,0,98042,47.3759,-122.126,1560,8110,311000
1630,4,1.25,2.0,0,0,3,7,1991,0,98112,47.633,-122.298,2000,15470,597000
1070,2,2.0,2.0,0,4,3,6,1952,2002,98042,47.3835,-122.121,1010,11840,321000
1490,3,2.0,1.0,0,0,4,7,1952,1987,98199,47.6537,-122.405,1370,7450,561000
2300,3,2.75,1.5,0,0,3,8,1939,0,98052,47.691,-122.134,1680,6170,677000
2360,5,3.5,1.0,0,0,3,8,1991,0,98112,47.6302,-122.285,2120,7370,1300000
1610,3,2.5,1.0,0,0,3,6,1929,0,98117,47.6736,-122.379,1620,5630,405000
1880,5,2.0,1.0,0,0,3,7,1996,0,98199,47.6765,-122.399,2040,27260,567000
3800,7,4.5,2.0,0,0,4,10,1995,0,98106,47.5233,-122.358,4290,10340,862000
3650,6,4.25,1.0,0,0,4,10,1985,0,98033,47.6571,-122.198,3780,8440,2011000
2550,7,3.25,1.0,0,0,3,8,1902,0,98042,47.3679,-122.102,2050,6820,517000
1620,2,2.0,2.0,0,0,4,9,1985,0,98178,47.4857,-122.249,1090,7580,440000
2140,4,2.5,1.0,0,0,3,7,1942,0,98042,47.3639,-122.115,2520,10860,368000
2910,5,3.5,2.0,0,0,3,9,1981,0,98178,47.4868,-122.257,3290,8030,635000
2260,4,3.0,2.0,0,0,5,8,1922,0,98115,47.6734,-122.299,2130,10390,689000
5080,7,5.5,1.0,0,2,5,12,2014,0,98031,47.4049,-122.197,4610,10260,1524000
2560,5,3.5,1.0,0,0,3,8,1960,0,98106,47.5391,-122.362,2930,9420,565000
1270,3,1.25,2.0,0,2,4,8,1917,0,98117,47.7018,-122.368,830,8330,660000
1420,2,2.25,1.5,0,0,3,5,2004,0,98178,47.4882,-122.231,1370,8450,261000
1820,3,2.5,1.5,0,0,3,7,1901,0,98004,47.6154,-122.207,2000,8870,933000
3760,6,4.0,1.0,0,0,4,10,1931,0,98118,47.5496,-122.255,1870,8270,834000
550,2,0.75,1.0,0,0,3,6,1939,0,98118,47.5272,-122.285,640,11900,126000
1410,4,2.5,1.0,0,0,3,6,1927,0,98118,47.5222,-122.286,1400,7470,170000
2290,4,1.75,1.0,0,1,4,7,1930,0,98178,47.5136,-122.269,1330,31920,383000
2050,6,2.75,1.0,0,0,4,6,1974,0,98125,47.7133,-122.298,1800,13450,582000
3650,6,4.0,2.0,0,0,3,8,1947,1991,98059,47.4679,-122.131,3420,4290,892000
1290,4,2.0,2.0,0,2,4,6,1958,0,98112,47.614,-122.301,1010,10860,546000
3430,7,4.5,2.0,0,0,3,10,1916,0,98118,47.5569,-122.269,3030,10470,665000
3610,7,3.75,1.0,0,0,3,10,1916,0,98118,47.5343,-122.288,3560,10210,691000
1840,4,2.5,1.0,0,2,3,8,1939,0,98112,47.6278,-122.291,1710,2860,1014000
2030,4,2.25,1.0,0,0,2,7,1923,0,98031,47.405,-122.199,1090,12750,350000
2170,5,2.5,2.0,0,0,3,8,1936,0,98059,47.4796,-122.153,2160,12420,632000
2580,6,3.75,2.0,0,0,3,10,1972,0,98117,47.6924,-122.398,2050,5870,989000
2350,4,3.25,2.0,0,0,4,8,1911,0,98125,47.7119,-122.304,2460,12270,625000
2120,3,3.5,1.0,0,1,3,7,1983,0,98178,47.4858,-122.244,2720,9540,478000
1840,4,2.5,1.0,0,0,3,6,1935,0,98199,47.659,-122.406,1710,5420,755000
2010,4,1.75,2.0,0,0,3,8,2006,0,98115,47.6919,-122.293,2050,6370,738000
1290,4,2.0,1.0,0,0,4,6,1948,0,98106,47.5149,-122.364,1090,15370,318000
2850,6,3.25,2.0,0,0,3,8,1940,0,98042,47.3694,-122.101,2460,5320,557000
1980,4,2.75,2.0,0,0,3,9,1944,0,98023,47.3158,-122.365,1490,5890,424000
1900,4,2.5,1.0,0,0,4,8,2015,0,98042,47.3436,-122.132,1190,2460,366000
1380,3,1.5,1.0,0,0,3,7,1918,0,98042,47.3654,-122.113,1400,13470,228000
2350,2,3.0,2.0,0,2,3,7,1969,0,98178,47.486,-122.263,1940,7390,492000
880,2,1.25,1.5,0,0,3,7,1921,2005,98023,47.314,-122.357,660,10950,198000
1830,3,3.0,2.0,0,0,3,7,1912,0,98103,47.6652,-122.339,2010,9380,699000
1710,3,1.75,2.0,0,0,3,8,1948,0,98133,47.755,-122.321,1240,3760,462000
1630,4,2.0,2.0,0,0,3,5,1904,0,98106,47.5242,-122.37,1060,8940,226000
1440,3,2.25,2.0,0,0,3,7,1960,2001,98112,47.6174,-122.27,870,8900,666000
2510,6,3.5,2.0,0,2,3,9,2002,0,98004,47.6209,-122.201,3120,4410,1255000
1530,2,2.0,1.0,0,0,2,5,1989,0,98042,47.3865,-122.097,1960,11130,193000
1980,4,2.75,1.5,0,0,3,6,1906,0,98112,47.6306,-122.308,1610,2950,833000
2460,5,3.0,1.0,0,0,5,7,1927,0,98042,47.3424,-122.113,2440,5170,488000
1590,3,2.75,1.0,0,0,5,6,2010,0,98199,47.6524,-122.412,1620,7140,705000
1330,2,2.0,2.0,0,0,3,6,1994,0,98033,47.6826,-122.19,1130,11690,586000
1810,5,2.25,2.0,0,0,3,8,1971,0,98133,47.7517,-122.331,1990,6830,454000
3240,6,4.25,2.0,0,0,3,9,1934,0,98031,47.4155,-122.167,2700,12540,687000
1700,3,2.25,1.0,0,0,4,9,1981,0,98125,47.716,-122.299,1230,12790,346000
1880,3,2.5,2.0,0,0,3,7,1911,0,98117,47.6811,-122.401,1550,7230,437000
1320,4,1.75,1.0,0,0,3,5,1904,0,98033,47.6951,-122.215,1300,13850,418000
2020,4,2.25,2.0,0,0,4,9,1940,0,98031,47.4106,-122.181,2250,5600,472000
2110,5,2.5,1.0,0,0,3,8,1974,0,98004,47.6163,-122.2,1850,10150,1093000
1470,4,2.25,1.5,0,0,4,6,2009,0,98052,47.6816,-122.119,1390,4390,436000
3300,6,3.5,3.0,0,0,3,8,1989,0,98031,47.4147,-122.197,2840,8970,605000
2710,5,3.0,2.0,0,3,2,8,1990,0,98052,47.6693,-122.137,2480,4170,1329000
1850,4,1.75,1.0,0,0,3,8,1925,1985,98031,47.4203,-122.209,1850,4070,419000
2250,5,2.75,1.0,0,0,3,8,1929,0,98118,47.5162,-122.254,2380,10880,458000
2820,5,3.25,1.0,0,0,3,9,2012,0,98144,47.5874,-122.288,2810,7300,1041000
2070,4,2.25,3.0,0,0,3,8,1978,0,98033,47.6848,-122.181,2390,8860,799000
1960,5,3.0,1.0,0,0,4,8,1920,0,98023,47.3196,-122.358,1300,3670,339000
2220,4,2.75,2.0,0,0,3,7,1988,0,98118,47.5554,-122.271,1510,11490,541000
3560,6,4.25,2.0,0,0,3,9,1948,0,98144,47.5776,-122.288,2540,10920,886000
1530,3,2.5,1.5,0,0,3,5,1904,2011,98117,47.7025,-122.387,1430,13210,430000
2860,5,3.75,1.5,0,0,5,9,1973,0,98125,47.7347,-122.303,2730,11840,1023000
1400,4,2.0,1.0,0,0,3,7,1937,0,98144,47.5918,-122.29,670,6950,270000
750,2,1.0,2.0,0,0,3,7,1939,0,98004,47.6402,-122.186,640,13390,426000
1820,3,2.0,1.0,0,0,4,6,2008,0,98199,47.663,-122.398,1370,13460,546000
1180,2,1.25,1.0,0,2,3,5,1993,0,98125,47.7234,-122.308,1240,6120,294000
1610,4,1.75,1.0,0,0,4,6,1996,0,98144,47.5775,-122.268,1430,10430,365000
2160,4,3.0,2.0,0,0,3,5,1972,0,98117,47.6963,-122.391,1800,3000,484000
3290,6,4.25,1.0,0,0,4,10,1923,0,98033,47.681,-122.195,3220,7500,1401000
2120,5,2.25,1.0,0,0,4,8,1909,0,98133,47.7583,-122.363,1990,12920,633000
3370,7,3.75,2.0,0,0,3,10,1905,0,98115,47.6854,-122.318,3630,4670,1282000
1800,3,2.25,2.0,0,0,3,7,1962,0,98106,47.5432,-122.347,1290,5760,355000
2410,5,2.5,3.0,0,0,3,9,1971,0,98115,47.6555,-122.284,2050,5060,1001000
2500,5,3.0,2.0,0,0,3,10,1934,0,98052,47.6809,-122.115,2020,12450,969000
1930,3,3.0,3.0,0,0,4,7,1901,0,98023,47.3036,-122.357,1370,7770,284000
2450,6,2.5,2.0,0,2,3,8,1920,0,98004,47.6245,-122.201,2860,10090,1820000
2210,4,2.5,1.0,0,0,3,8,1998,0,98106,47.5142,-122.339,1640,4250,421000
1720,4,2.5,1.0,0,0,3,8,1969,0,98115,47.6722,-122.317,1370,4180,579000
2490,5,3.25,1.0,0,0,3,7,1958,0,98106,47.5362,-122.343,2400,8220,478000
970,2,1.75,1.0,0,4,3,7,1966,0,98112,47.6385,-122.284,800,4870,669000
2500,4,2.5,1.5,0,2,3,9,2014,0,98042,47.3551,-122.109,1870,6450,564000
980,3,1.5,1.0,0,0,3,4,1977,0,98103,47.6813,-122.348,840,4880,235000
1020,1,1.75,1.5,0,0,3,7,2008,0,98112,47.6393,-122.299,860,8030,481000
2110,4,2.5,1.0,0,0,4,8,1970,2013,98103,47.6716,-122.331,2000,10520,728000
1320,3,1.5,1.5,0,0,4,5,1901,0,98117,47.6748,-122.383,1420,6710,263000
1520,4,2.0,1.0,0,0,3,6,1993,0,98059,47.4907,-122.132,1270,12500,349000
3370,5,4.5,1.0,0,0,3,9,1942,0,98118,47.538,-122.278,2660,12160,722000
1980,3,2.5,1.0,0,0,1,7,1933,0,98199,47.6347,-122.385,2090,19100,666000
1070,2,1.75,2.0,0,0,3,6,1903,1986,98004,47.6158,-122.215,950,4150,694000
2390,4,2.25,1.0,0,0,3,8,1984,0,98125,47.7325,-122.3,1450,11370,550000
3800,7,4.25,1.0,0,0,3,10,1924,2010,98023,47.3096,-122.371,3690,12080,735000
2480,5,3.25,1.0,0,0,4,10,1975,0,98033,47.6865,-122.203,2330,6490,1029000
1830,4,2.25,2.0,0,0,3,7,1919,0,98125,47.7103,-122.291,1690,11680,461000
1290,3,1.75,2.0,0,0,3,6,1983,0,98125,47.706,-122.299,1260,4910,293000
650,2,0.75,1.0,0,1,3,6,1907,0,98052,47.6701,-122.125,670,5140,246000
3320,7,4.25,1.0,0,0,2,8,1999,0,98117,47.7129,-122.387,2850,4830,824000
2600,5,2.5,1.0,0,0,3,8,1909,0,98106,47.5688,-122.348,1600,3730,487000
1870,4,1.75,1.5,0,0,3,7,1910,0,98103,47.6677,-122.339,1190,5940,505000
1610,3,1.75,2.0,0,0,3,7,1962,0,98144,47.5591,-122.305,1090,6270,327000
1990,4,2.25,1.0,0,0,3,7,1976,0,98106,47.557,-122.372,1590,5300,426000
1470,3,1.25,1.0,0,2,3,6,1988,0,98118,47.5501,-122.262,860,9140,377000
1260,3,2.0,1.0,0,0,3,6,1969,0,98117,47.6936,-122.368,1020,12770,400000
1870,3,3.0,1.0,0,2,3,7,1997,0,98144,47.5865,-122.277,1040,8590,553000
4210,7,5.5,1.0,0,0,3,11,1921,0,98031,47.3852,-122.191,2650,10090,761000
1680,4,2.0,2.0,0,0,4,7,2007,0,98106,47.5363,-122.331,1790,3200,311000
3680,4,4.25,2.0,0,0,3,9,1965,0,98199,47.6441,-122.393,1940,7550,1168000
1500,2,2.0,1.0,0,0,5,6,1939,0,98178,47.5017,-122.251,1540,12810,259000
1780,2,2.5,1.0,0,1,4,7,1985,0,98059,47.4701,-122.142,1890,12370,359000
4130,6,5.0,1.0,0,0,3,11,1957,0,98118,47.5404,-122.269,4030,9480,753000
680,2,1.5,1.0,0,0,5,6,1915,0,98106,47.5283,-122.342,650,6600,171000
840,3,0.75,1.0,0,0,3,4,1919,1996,98144,47.5723,-122.277,760,6170,225000
2620,4,3.25,1.0,0,0,3,8,1924,0,98199,47.6334,-122.386,1860,14560,916000
2670,5,3.25,1.0,0,0,4,9,1932,0,98144,47.5698,-122.296,2500,9570,707000
1140,3,2.25,1.0,0,0,3,6,1942,0,98042,47.3573,-122.099,900,15490,182000
1530,2,2.0,2.0,0,0,3,7,1973,0,98199,47.6508,-122.41,1400,5490,557000
1700,3,1.5,2.0,0,0,3,7,1956,2000,98117,47.6843,-122.382,1470,9010,461000
1890,3,2.5,2.0,0,0,3,6,1922,2006,98133,47.7333,-122.333,1860,13250,425000
3410,6,5.0,1.0,0,1,3,9,1973,2006,98052,47.6525,-122.094,2550,11600,1476000
2330,4,2.75,1.0,0,0,2,8,1929,0,98112,47.622,-122.297,1450,8790,826000
2200,4,2.75,2.0,0,0,3,8,1924,0,98023,47.3108,-122.365,1960,10600,315000
1000,2,1.5,2.0,0,0,3,7,1935,0,98103,47.68,-122.352,680,6370,411000
2030,4,2.5,2.0,0,0,4,8,1966,0,98106,47.5193,-122.357,2190,8990,479000
2340,4,2.5,1.0,0,0,4,9,1949,0,98103,47.7054,-122.363,2430,8340,784000
1250,3,1.25,1.0,0,1,4,7,1919,0,98052,47.6758,-122.105,1070,3910,548000
3150,5,3.25,1.0,0,0,5,9,2001,0,98059,47.507,-122.126,3370,4960,984000
2950,7,3.75,1.0,0,0,1,9,1920,2012,98117,47.6924,-122.383,2110,4770,739000
1430,3,2.0,3.0,0,0,3,6,1949,0,98117,47.6741,-122.392,1510,17800,471000
2960,5,3.5,1.0,0,0,3,10,1985,0,98112,47.6451,-122.288,3350,4620,1756000
2240,3,3.25,2.0,0,0,3,7,1937,0,98042,47.3568,-122.109,2620,17460,398000
2160,4,2.25,2.0,0,0,3,7,1927,0,98125,47.7254,-122.304,2050,5370,502000
1340,3,2.0,1.0,0,0,4,6,1951,0,98042,47.3795,-122.112,1410,11140,264000
2760,5,3.5,2.0,0,0,3,8,1976,0,98004,47.6022,-122.206,3000,6990,1441000
1710,4,1.5,1.0,0,0,4,8,1912,1988,98106,47.5366,-122.365,1620,5270,306000
1090,3,2.0,1.0,0,0,3,6,1927,0,98118,47.5524,-122.297,990,8040,171000
1070,4,1.5,1.0,0,0,4,7,1911,2014,98199,47.6388,-122.395,780,11090,403000
2250,5,2.25,1.0,0,0,4,8,1972,0,98117,47.6839,-122.372,1870,11870,706000
1640,3,2.0,1.0,0,0,3,8,2009,0,98178,47.4885,-122.256,1320,9260,305000
2010,3,2.5,1.0,0,0,3,7,1953,0,98133,47.7743,-122.337,1670,16480,425000
1850,4,1.75,3.0,0,0,4,7,1926,0,98118,47.5564,-122.262,2320,10820,409000
2520,4,3.5,1.0,0,0,5,8,1984,0,98133,47.7307,-122.345,1630,3340,568000
2580,5,2.75,1.0,0,0,4,9,1933,2013,98199,47.6511,-122.383,2030,14590,1015000
2420,4,3.0,2.0,0,0,3,9,1997,0,98033,47.6945,-122.19,1730,13770,1127000
1120,3,1.5,1.0,0,0,3,7,1939,0,98031,47.4239,-122.194,1310,5780,239000
1310,3,2.75,1.0,0,0,3,6,1971,2002,98118,47.5478,-122.266,970,12470,318000
1790,4,2.25,1.0,0,0,5,7,1931,0,98115,47.6805,-122.3,2090,4730,608000
1600,4,2.5,2.0,0,0,5,7,1937,0,98033,47.6839,-122.2,1190,6420,720000
2650,4,3.25,1.0,0,3,3,9,1937,0,98133,47.7382,-122.327,2930,13910,743000
2370,5,3.25,1.0,0,0,3,8,1977,0,98115,47.6829,-122.277,2490,8850,762000
4560,7,5.5,1.0,0,0,3,11,1981,0,98112,47.623,-122.294,4070,3620,3457000
2720,5,4.0,3.0,0,0,3,9,1984,0,98042,47.3536,-122.095,2840,7980,466000
2040,3,2.0,1.0,0,0,4,8,1967,0,98004,47.6113,-122.202,1310,5190,1323000
1660,4,2.0,1.0,0,0,3,5,1974,2001,98117,47.6881,-122.371,1170,9190,374000
2230,4,4.0,1.0,0,4,3,9,1985,0,98118,47.5513,-122.281,2310,6410,648000
1700,2,2.0,1.0,0,0,4,6,1992,0,98178,47.4951,-122.25,1500,2570,295000
3590,7,4.5,1.5,0,0,5,10,2006,0,98178,47.4822,-122.237,2050,12110,760000
1230,3,1.75,1.0,0,0,3,7,1937,0,98178,47.4946,-122.268,1520,4930,241000
1130,3,0.75,2.0,0,0,3,7,1926,0,98117,47.7171,-122.374,830,10120,297000
2930,6,3.75,2.0,0,3,3,8,1975,0,98004,47.642,-122.21,2640,4590,1248000
1750,3,2.75,1.0,0,0,3,6,1930,0,98199,47.6394,-122.384,1950,8230,505000
5300,7,5.5,1.0,0,0,3,12,1984,0,98059,47.4654,-122.121,5500,4960,1842000
2400,4,3.75,1.0,0,0,4,8,1953,0,98106,47.5438,-122.355,2450,8090,587000
840,2,1.25,1.0,0,0,3,7,1977,0,98004,47.5892,-122.22,950,13520,496000
1440,3,2.0,2.0,0,0,3,7,1986,0,98178,47.5124,-122.235,960,8630,292000
1250,2,1.0,2.0,0,0,4,7,2002,0,98059,47.4592,-122.128,1210,11500,376000
1050,2,1.5,1.0,0,3,3,6,1909,0,98112,47.6215,-122.297,910,10240,338000
1790,4,2.75,1.0,0,0,3,5,2009,0,98118,47.5413,-122.263,2020,11340,334000
1650,4,2.0,1.0,0,0,4,7,1948,0,98033,47.6706,-122.181,1440,2940,615000
2160,5,2.75,1.0,0,0,5,8,1942,1985,98033,47.6861,-122.178,1980,7850,938000
780,2,1.0,1.0,0,4,5,7,1923,0,98112,47.6515,-122.282,630,5070,488000
1620,2,1.75,1.0,0,0,4,6,1965,0,98117,47.6876,-122.358,1450,13160,414000
2320,4,3.25,1.5,0,0,3,8,1943,0,98033,47.6712,-122.215,1240,14070,1015000
1320,3,2.0,2.0,0,0,4,7,1909,0,98117,47.6828,-122.384,1250,8820,446000
1810,5,1.75,2.0,0,0,3,8,2005,0,98118,47.545,-122.261,1250,6540,418000
1360,3,2.0,1.0,0,0,3,7,1952,2009,98004,47.6323,-122.228,1340,16830,757000
1860,5,1.75,2.0,0,0,3,8,1947,0,98112,47.648,-122.299,1320,6630,996000
1320,2,2.0,1.0,0,0,3,7,1995,0,98106,47.5322,-122.349,1580,7770,245000
2260,4,2.75,1.0,0,0,3,8,1900,0,98144,47.5834,-122.271,1430,5580,508000
970,1,1.5,1.0,0,0,4,6,2008,0,98031,47.4379,-122.195,730,7610,198000
1890,5,2.5,1.0,0,0,4,6,1977,0,98033,47.6854,-122.203,2300,21410,662000
1930,4,2.25,1.0,0,0,3,6,1999,0,98106,47.5289,-122.352,2040,9900,400000
2820,6,3.0,1.0,0,0,3,9,1907,0,98133,47.7477,-122.334,3180,6780,721000
1390,3,1.75,1.0,0,0,4,5,2009,0,98031,47.4095,-122.2,1300,5370,242000
1100,3,2.0,2.0,0,0,3,7,1991,0,98106,47.5498,-122.353,880,18320,251000
2100,4,1.75,3.0,0,0,3,8,2010,0,98023,47.3044,-122.354,2010,9300,387000
3400,7,3.75,2.0,0,0,3,9,2014,0,98144,47.5713,-122.29,3140,4870,882000
1950,4,1.75,2.0,0,0,3,6,1980,0,98125,47.7288,-122.298,1720,7410,394000
2190,4,2.0,1.0,0,0,3,6,1924,0,98103,47.6779,-122.34,2190,9960,489000
1620,3,1.5,1.0,0,0,3,6,1905,0,98117,47.6827,-122.378,1340,10580,441000
2170,4,2.5,2.0,0,0,4,6,2011,0,98033,47.6772,-122.199,1400,7130,746000
3350,7,3.75,1.0,1,4,4,9,2009,0,98118,47.5362,-122.281,1700,7510,1877000
1590,4,1.5,1.0,0,0,4,8,1941,0,98178,47.496,-122.241,1740,2420,428000
3080,6,3.75,1.0,0,0,3,9,2000,0,98178,47.4856,-122.235,1790,6850,682000
2710,4,3.5,1.0,0,0,4,8,1974,0,98115,47.6842,-122.294,2240,15920,877000
1740,3,2.25,1.0,0,0,4,7,1937,0,98023,47.2879,-122.362,1410,7970,204000
1840,4,2.75,2.0,0,4,3,7,1988,0,98031,47.434,-122.184,1210,3540,501000
1460,4,2.0,3.0,0,0,3,6,1997,0,98199,47.6552,-122.392,1040,5030,514000
2480,5,3.25,1.0,0,0,2,9,1937,0,98052,47.6711,-122.11,1840,25500,880000
1160,1,1.75,2.0,0,0,4,6,1953,0,98133,47.7494,-122.334,1300,11300,303000
2270,3,2.25,1.0,0,0,4,7,2008,0,98178,47.4735,-122.23,1510,4700,442000
2250,4,2.25,1.0,0,0,4,6,1992,0,98115,47.6912,-122.317,2120,2800,670000
4970,7,5.5,2.0,0,3,3,10,1928,0,98112,47.6434,-122.3,4590,9590,2743000
2220,5,3.25,1.0,0,0,3,7,1992,0,98033,47.6723,-122.208,1890,13110,1146000
2960,3,4.0,1.0,0,0,3,8,1925,0,98106,47.5415,-122.368,2910,10220,522000
1370,3,2.0,2.0,0,0,4,6,1982,0,98115,47.683,-122.294,1080,4540,452000
3020,5,4.0,2.0,0,0,3,9,1969,0,98004,47.6106,-122.205,3070,3410,1685000
2040,5,2.5,1.5,0,0,3,7,1947,0,98031,47.42,-122.207,2350,9280,305000
3240,6,3.75,2.0,0,0,3,10,2001,0,98133,47.7294,-122.352,2920,2570,648000
1950,4,2.25,1.0,0,3,3,8,1968,0,98103,47.6806,-122.336,1340,11230,683000
760,1,0.75,1.0,0,0,3,7,1976,0,98004,47.6139,-122.214,810,9010,417000
2590,4,3.75,2.0,0,0,3,9,2007,0,98133,47.7321,-122.343,2660,6130,626000
1310,3,2.0,1.5,0,0,3,6,1977,0,98199,47.6263,-122.409,1260,7270,421000
2500,5,3.0,2.0,0,0,4,8,1922,0,98133,47.7517,-122.352,2140,11570,656000
2530,5,3.0,1.5,0,0,4,7,1916,0,98059,47.4763,-122.121,1950,18520,592000
2540,5,4.0,1.0,0,0,3,7,1920,0,98117,47.7032,-122.353,2280,6890,655000
1400,2,2.25,1.0,0,0,5,7,2010,0,98042,47.3565,-122.137,1070,15690,349000
2050,4,1.75,1.0,0,0,4,7,1932,0,98199,47.6482,-122.391,2010,15000,763000
1860,3,2.25,2.0,0,0,3,8,1969,0,98178,47.51,-122.253,1430,4850,514000
1270,3,1.25,2.0,0,0,3,7,1965,0,98052,47.689,-122.142,1150,7050,392000
1840,3,1.75,1.0,0,0,3,6,2013,0,98115,47.6867,-122.298,1710,5220,504000
1440,3,1.0,1.0,0,0,3,6,2008,0,98031,47.4074,-122.171,1390,7810,274000
1070,3,1.75,2.0,0,0,4,5,1960,0,98052,47.6745,-122.125,750,5440,308000
3500,6,4.25,1.0,0,0,4,11,2002,0,98023,47.3005,-122.36,2510,5070,781000
2510,5,3.75,2.0,0,1,3,7,1960,0,98199,47.6511,-122.381,2760,6550,825000
2090,4,3.25,2.0,0,4,4,8,1935,0,98031,47.4052,-122.186,2070,19470,511000
1540,5,2.75,1.0,0,0,3,5,2012,0,98112,47.6428,-122.291,1430,10220,632000
1220,2,2.0,2.0,0,0,3,6,1923,0,98004,47.6101,-122.196,1290,8740,653000
1480,2,2.25,1.0,0,2,4,6,1931,0,98031,47.407,-122.165,1200,4040,382000
2220,5,2.5,1.0,0,0,3,9,1923,0,98117,47.6866,-122.377,1940,7090,634000
3460,6,4.0,2.0,0,0,4,10,2011,0,98106,47.5134,-122.335,3010,11030,943000
1350,3,1.25,2.0,0,0,5,6,1943,0,98103,47.6562,-122.354,1370,6060,473000
1550,4,2.5,1.0,0,0,3,6,1931,0,98178,47.5055,-122.268,1350,6450,206000
1260,3,2.0,2.0,0,0,3,7,1938,0,98033,47.6755,-122.178,1160,10320,470000
1640,2,2.75,2.0,0,0,3,7,1979,0,98199,47.6474,-122.398,1410,5210,522000
2680,4,3.0,1.0,0,0,3,9,1956,0,98118,47.5702,-122.27,3250,10080,548000
1570,3,1.75,1.0,0,0,3,7,1977,0,98115,47.6841,-122.286,1500,7260,426000
3220,5,4.0,2.0,0,0,3,10,1985,0,98115,47.6833,-122.316,1990,3760,1156000
1500,2,2.25,1.0,0,0,3,7,1963,0,98033,47.6713,-122.204,1690,7100,514000
3730,7,4.75,2.0,0,0,3,10,1906,0,98059,47.4771,-122.121,3240,9170,1027000
1200,2,1.5,2.0,0,0,3,6,1934,0,98125,47.7058,-122.299,1390,15270,304000
1370,3,1.75,1.0,0,0,3,7,1925,0,98059,47.4745,-122.111,1500,2670,294000
3610,6,5.0,2.0,1,4,3,11,2000,0,98112,47.6227,-122.31,3500,6470,4278000
2250,3,3.0,2.0,0,0,3,8,1935,0,98031,47.4131,-122.201,1280,17850,486000
1240,4,1.5,1.0,0,0,3,7,1989,0,98133,47.7388,-122.342,900,6590,352000
3980,6,4.5,2.0,0,0,3,9,1948,0,98117,47.693,-122.39,3370,20700,1058000
1180,3,1.25,1.0,0,2,5,5,1905,0,98023,47.3101,-122.36,1040,20210,179000
1330,2,1.75,2.0,0,0,3,6,2002,0,98118,47.5319,-122.304,1180,5430,372000
2170,5,3.0,1.0,0,0,4,9,1984,0,98103,47.6617,-122.347,2060,2600,861000
1650,3,2.0,2.0,0,0,3,8,1919,0,98031,47.4002,-122.201,1260,9070,309000
2130,4,2.5,2.0,0,0,3,8,2004,0,98042,47.3628,-122.12,1540,6630,362000
1240,2,1.25,2.0,0,0,4,7,1923,0,98118,47.5414,-122.269,1110,13040,281000
2700,5,3.5,1.0,0,0,3,8,2000,0,98115,47.71,-122.311,2670,11310,753000
1780,3,2.25,1.0,0,0,3,6,1902,0,98052,47.6682,-122.118,1620,6980,541000
1800,4,2.75,1.0,0,0,3,7,1995,0,98059,47.4926,-122.131,1060,7000,392000
1060,3,1.75,1.0,0,0,3,7,1962,0,98118,47.5541,-122.271,900,21840,204000
2160,5,2.5,3.0,0,0,4,8,1917,0,98106,47.5305,-122.334,1600,16910,491000
3360,5,4.75,1.0,0,0,5,9,1934,0,98118,47.5413,-122.265,3610,6690,824000
1740,4,2.75,2.0,0,0,3,7,1934,0,98106,47.539,-122.356,1720,4080,285000
1940,3,1.5,3.0,0,1,4,8,1921,0,98033,47.6845,-122.18,1660,7870,802000
1730,4,2.25,1.0,0,0,3,8,1974,0,98115,47.6917,-122.284,1640,4450,549000
1120,3,1.5,1.0,0,0,4,5,1974,0,98031,47.4219,-122.197,850,5870,182000
1610,3,2.75,2.0,0,0,4,7,1906,0,98144,47.5865,-122.28,1530,6590,458000
1650,4,2.5,1.0,0,0,4,5,1919,0,98133,47.724,-122.356,1280,5390,234000
2550,5,3.75,1.5,0,0,5,8,1908,1985,98023,47.3221,-122.354,2630,3480,531000
1230,2,1.75,1.0,0,0,3,6,1972,0,98033,47.6691,-122.193,770,8190,398000
1630,4,1.25,1.0,0,1,3,7,1927,0,98042,47.3656,-122.124,1490,11950,315000
920,3,1.25,1.0,0,0,3,5,1938,0,98103,47.6983,-122.344,630,7070,249000
1200,3,2.25,1.0,0,0,3,6,1929,0,98042,47.3752,-122.111,820,9860,187000
2240,4,2.75,1.0,0,0,5,7,1980,0,98115,47.7003,-122.283,1690,5220,826000
1140,1,2.25,1.0,0,0,3,7,1978,0,98052,47.6663,-122.133,1010,5450,448000
1270,2,1.75,3.0,0,0,3,6,1946,2012,98052,47.6651,-122.131,600,5330,413000
1450,3,2.0,1.0,0,0,3,6,2009,0,98112,47.6268,-122.293,1550,9630,691000
1450,3,2.25,2.0,0,0,4,6,1905,0,98059,47.4768,-122.129,1670,14640,309000
3100,7,3.75,2.0,0,0,3,8,2000,0,98023,47.3096,-122.364,3450,5220,525000
1460,3,2.25,1.0,0,2,3,6,1923,1997,98033,47.7034,-122.209,1480,5030,471000
2380,4,2.75,1.0,0,0,3,7,1904,0,98199,47.6267,-122.389,2370,6930,808000
1360,4,1.75,1.5,0,0,1,6,1927,0,98117,47.7003,-122.359,1000,10210,389000
1560,3,2.75,1.0,0,0,3,9,2009,0,98052,47.6952,-122.131,1530,9130,671000
1710,4,2.0,1.0,0,0,4,8,1932,0,98023,47.2985,-122.349,1730,7670,322000
2120,4,2.75,1.0,0,1,3,7,1943,0,98125,47.7097,-122.305,2100,11680,466000
1530,3,1.75,2.0,0,0,3,8,1931,0,98059,47.4938,-122.151,1330,5230,359000
1670,3,2.25,1.0,0,0,4,8,1904,0,98144,47.5746,-122.296,1820,3000,631000
1990,4,2.5,2.0,0,0,3,8,1923,0,98112,47.6246,-122.303,1850,21090,857000
1750,5,2.25,3.0,0,2,5,6,1983,0,98033,47.6626,-122.18,1970,5830,646000
940,3,2.5,1.0,0,1,3,6,1922,0,98178,47.5121,-122.252,600,3980,158000
1840,4,2.5,1.0,0,0,3,7,1924,0,98133,47.7646,-122.343,1120,10240,382000
1760,3,2.0,2.0,0,3,3,7,1924,0,98118,47.5341,-122.265,1150,2860,527000
2840,6,3.75,1.5,0,2,5,10,1921,0,98004,47.6064,-122.195,2150,5730,1928000
3620,6,5.0,2.0,0,0,3,10,1918,0,98115,47.6849,-122.301,4370,13270,1231000
3130,6,3.5,2.0,0,0,3,9,1976,0,98031,47.4278,-122.203,3700,5350,691000
2200,4,3.5,2.0,0,0,3,8,1920,0,98178,47.5022,-122.243,2710,4440,481000
1940,3,2.25,2.0,0,0,4,7,1956,0,98125,47.7203,-122.288,1440,10270,436000
2010,4,2.5,1.0,0,0,4,7,1928,0,98115,47.6799,-122.296,1180,5300,718000
1940,4,3.25,1.0,0,0,4,6,1900,1989,98125,47.7328,-122.298,2040,8450,415000
1530,4,2.0,1.0,0,0,3,5,1921,0,98031,47.4265,-122.193,1000,2590,267000
3170,6,3.25,2.0,0,0,4,8,1987,0,98042,47.363,-122.113,3110,5030,572000
800,2,1.25,3.0,0,0,3,6,1921,0,98033,47.6594,-122.204,670,12350,404000
1900,4,2.5,1.0,0,0,3,7,1974,0,98118,47.551,-122.26,1590,5270,401000
2170,5,2.75,1.0,0,2,3,7,1941,0,98052,47.6685,-122.13,2210,6660,776000
1180,2,1.75,1.0,0,0,3,6,1988,0,98178,47.4866,-122.244,800,7950,198000
2450,5,3.25,1.5,0,0,3,7,1923,0,98059,47.4928,-122.108,1850,6860,489000
1750,3,1.5,1.0,0,0,3,7,1963,0,98178,47.4987,-122.255,1560,15710,328000
1860,5,1.75,2.0,0,0,3,8,1951,0,98112,47.6491,-122.27,2050,17410,627000
1920,3,2.25,2.0,0,1,3,7,1999,0,98133,47.7374,-122.33,1600,5700,564000
1940,4,2.5,1.0,0,3,4,6,1905,0,98178,47.5027,-122.213,2060,3380,358000
2370,5,3.25,1.0,0,0,3,8,1949,0,98199,47.6146,-122.384,2310,6940,728000
1470,3,2.0,1.0,0,0,3,8,1910,2000,98133,47.7344,-122.352,960,19730,613000
2060,4,3.0,1.0,0,0,4,7,1978,0,98133,47.7441,-122.349,2260,4850,594000
1060,2,2.0,1.0,0,0,4,4,1956,0,98178,47.5021,-122.251,800,6410,170000
1120,3,1.75,1.0,0,0,3,5,1984,0,98133,47.7228,-122.32,1320,9130,208000
1790,2,2.75,1.0,0,0,4,6,1944,0,98199,47.66,-122.422,1780,12030,576000
1420,4,2.25,1.0,0,0,3,7,1972,0,98052,47.6847,-122.104,1200,7660,585000
1370,3,1.75,2.0,0,0,4,7,1971,0,98117,47.6892,-122.401,1440,5410,596000
2220,5,2.25,1.0,0,0,3,8,1934,0,98144,47.5776,-122.301,1220,4440,637000
2160,5,2.5,2.0,0,0,4,8,1958,0,98178,47.5132,-122.25,2430,6350,462000
3920,7,4.75,1.5,0,0,4,10,1950,0,98031,47.3783,-122.202,5390,4240,1178000
1520,3,1.75,1.0,0,0,4,7,1914,0,98106,47.5465,-122.332,1640,10360,368000
2430,3,2.5,1.0,0,3,3,8,2014,0,98133,47.7282,-122.348,2050,7560,661000
3320,6,3.75,3.0,0,0,4,9,1953,2012,98042,47.3805,-122.121,1830,4070,744000
2900,5,4.0,1.5,0,0,2,9,1911,0,98115,47.6953,-122.31,2290,4870,946000
2050,3,3.5,1.5,0,0,3,10,1951,0,98118,47.5555,-122.257,1850,7980,518000
2490,5,3.25,2.0,0,0,4,9,1964,0,98031,47.4104,-122.207,2380,19440,569000
2330,3,2.75,1.5,0,0,3,8,1991,0,98004,47.6101,-122.213,1980,7240,1070000
1640,4,1.75,1.0,0,0,3,7,1970,2004,98178,47.5012,-122.264,1260,4670,288000
2360,6,2.5,1.0,0,0,3,8,1940,0,98125,47.7117,-122.313,2080,14500,518000
1400,2,2.0,1.0,0,0,4,7,1953,0,98112,47.6343,-122.305,1230,7950,670000
1720,3,2.5,2.0,0,0,3,7,1998,0,98103,47.6787,-122.331,1450,5740,454000
