age,income,education,marital_status,kids_at_home,campaign_channel,previous_purchases,customer_segment,days_since_last_purchase,total_spent,recency_score,frequency_score,monetary_score,campaign_id,offer_type,discount_percent,responded
18,46300,High School,Married,0,direct_mail,2,Basic,168,329.1,3,1,2,C102,free_shipping,0,0
77,98100,PhD,Single,0,direct_mail,14,Premium,110,2972.67,4,5,4,C104,free_shipping,0,1
44,64500,Master,Married,2,email,3,Basic,43,818.44,5,2,2,C101,loyalty_points,0,1
28,110100,PhD,Single,1,email,9,Standard,294,2373.92,1,4,4,C102,loyalty_points,0,1
41,71400,High School,Widowed,1,social,9,Standard,234,1632.42,2,4,3,C103,discount,20,0
50,64600,High School,Divorced,2,email,4,Basic,142,643.92,4,2,2,C104,free_shipping,0,0
49,80900,Graduate,Married,1,email,6,Standard,101,933.66,4,3,3,C104,discount,15,1
32,56500,Graduate,Married,0,social,4,Standard,233,1353.66,2,2,3,C102,free_shipping,0,0
34,79700,Graduate,Married,0,social,7,Basic,52,894.95,5,3,2,C101,bundle,0,1
37,68700,Master,Divorced,1,email,3,Basic,205,627.01,3,2,2,C103,discount,25,0
47,67600,Graduate,Single,1,email,9,Standard,331,1226.08,1,4,3,C104,free_shipping,0,1
49,107400,Master,Single,0,email,17,Premium,256,7215.02,2,5,5,C102,free_shipping,0,1
36,112500,Master,Married,0,phone,14,Premium,353,4370.57,1,5,5,C104,discount,10,0
20,37100,Graduate,Divorced,2,phone,2,Basic,135,375.95,4,1,2,C104,bundle,0,0
65,91200,High School,Married,0,email,8,Basic,227,854.69,2,3,2,C103,discount,20,1
43,107600,High School,Single,0,phone,7,Standard,38,1172.75,5,3,3,C104,loyalty_points,0,1
62,92700,PhD,Married,0,social,3,Basic,336,315.59,1,2,2,C101,bundle,0,0
18,40000,Graduate,Married,0,email,4,Basic,83,854.45,4,2,2,C101,free_shipping,0,0
53,66900,Graduate,Married,0,social,10,Standard,269,1040.82,2,4,3,C104,bundle,0,0
25,45300,High School,Married,1,social,1,Basic,50,134.65,5,1,1,C103,bundle,0,1
38,51300,Graduate,Divorced,1,email,5,Basic,256,753.7,2,2,2,C101,bundle,0,0
43,79500,Graduate,Married,0,email,9,Standard,200,1331.98,3,4,3,C101,discount,25,1
35,52300,Graduate,Married,0,social,7,Standard,13,1133.8,5,3,3,C101,free_shipping,0,1
28,42800,Graduate,Single,2,direct_mail,5,Basic,149,703.87,3,2,2,C101,loyalty_points,0,0
28,43000,High School,Divorced,3,email,1,Basic,294,126.23,1,1,1,C102,discount,15,0
27,89500,Master,Married,1,email,7,Standard,34,1345.53,5,3,3,C101,loyalty_points,0,1
34,105800,High School,Single,0,direct_mail,6,Standard,134,1103.29,4,3,3,C104,bundle,0,1
53,69000,Graduate,Single,0,phone,6,Basic,236,875.22,2,3,2,C102,bundle,0,0
53,88800,Graduate,Single,0,email,12,Premium,157,2725.98,3,5,4,C104,discount,25,1
38,65500,Graduate,Single,2,social,5,Basic,190,402.71,3,2,2,C101,free_shipping,0,0
26,52000,Graduate,Married,2,social,5,Standard,138,1530.82,4,2,3,C102,loyalty_points,0,0
30,75700,High School,Single,0,email,7,Premium,296,3039.12,1,3,5,C101,free_shipping,0,1
44,93100,Graduate,Divorced,0,email,7,Standard,165,1315.64,3,3,3,C101,bundle,0,1
45,61400,High School,Divorced,0,phone,7,Standard,335,1118.8,1,3,3,C102,bundle,0,0
54,87800,High School,Divorced,1,email,7,Standard,345,1440.18,1,3,3,C104,bundle,0,0
63,119100,Master,Married,1,phone,13,Premium,110,2903.72,4,5,4,C104,loyalty_points,0,1
22,72400,Graduate,Married,1,social,1,Basic,359,72.76,1,1,1,C104,loyalty_points,0,0
59,55500,High School,Single,1,phone,3,Basic,343,742.58,1,2,2,C101,loyalty_points,0,0
34,67300,Master,Married,1,email,3,Basic,356,404.66,1,2,2,C103,bundle,0,0
48,90200,Graduate,Married,2,phone,4,Basic,208,893.38,3,2,2,C104,loyalty_points,0,0
29,87300,Graduate,Married,0,social,9,Standard,119,1913.83,4,4,4,C102,bundle,0,1
51,54500,High School,Married,0,phone,9,Standard,310,2351.33,1,4,4,C103,free_shipping,0,0
42,84300,Graduate,Single,1,phone,11,Premium,171,5035.99,3,4,5,C103,free_shipping,0,1
32,56200,Graduate,Single,2,phone,4,Basic,318,760.41,1,2,2,C101,free_shipping,0,0
56,76300,Master,Divorced,0,email,4,Standard,344,931.64,1,2,3,C104,bundle,0,0
26,49200,Graduate,Single,1,direct_mail,5,Basic,344,764.48,1,2,2,C102,discount,25,0
40,58600,High School,Divorced,0,email,6,Standard,361,1595.43,1,3,3,C103,free_shipping,0,1
31,79900,Graduate,Married,0,social,5,Standard,131,1049.76,4,2,3,C101,discount,25,1
33,69000,Graduate,Married,1,email,3,Basic,314,681.57,1,2,2,C102,bundle,0,0
46,85500,Graduate,Married,0,social,10,Standard,225,1777.97,2,4,3,C101,loyalty_points,0,1
70,85100,Graduate,Married,2,direct_mail,7,Standard,147,1011.84,3,3,3,C101,free_shipping,0,1
37,81200,Master,Married,0,email,10,Standard,264,1745.74,2,4,3,C102,bundle,0,0
18,35200,Graduate,Married,0,email,3,Basic,72,604.05,5,2,2,C104,free_shipping,0,1
46,76500,Master,Divorced,0,phone,8,Basic,27,611.57,5,3,2,C101,discount,20,1
59,67700,High School,Single,2,email,9,Standard,298,1194.98,1,4,3,C103,discount,25,1
29,58900,Graduate,Married,1,email,5,Basic,73,326.62,4,2,2,C103,bundle,0,0
58,78000,Graduate,Married,1,phone,7,Standard,217,972.44,3,3,3,C101,loyalty_points,0,0
67,116300,Master,Divorced,0,social,8,Standard,181,1080.01,3,3,3,C102,free_shipping,0,0
23,79000,Graduate,Married,2,email,9,Standard,260,996.07,2,4,3,C104,free_shipping,0,1
42,72500,PhD,Single,0,phone,8,Standard,237,1224.6,2,3,3,C101,loyalty_points,0,0
57,66400,Master,Single,0,email,7,Basic,42,676.69,5,3,2,C102,free_shipping,0,1
47,91100,High School,Divorced,0,email,13,Basic,211,405.26,3,5,2,C104,loyalty_points,0,0
37,63500,Master,Single,1,social,7,Standard,79,1113.5,4,3,3,C103,discount,20,1
41,68200,High School,Married,2,email,6,Standard,103,1556.17,4,3,3,C104,bundle,0,1
61,85700,Master,Married,1,email,8,Standard,216,2298.59,3,3,4,C104,discount,20,1
56,114000,PhD,Married,0,phone,15,Premium,337,2530.51,1,5,4,C101,free_shipping,0,0
58,64000,High School,Divorced,0,social,5,Standard,272,905.17,2,2,3,C103,loyalty_points,0,0
56,33100,High School,Single,1,phone,5,Standard,338,1107.29,1,2,3,C101,discount,10,0
47,33900,Graduate,Married,0,email,5,Basic,93,666.78,4,2,2,C104,free_shipping,0,1
27,44700,Graduate,Married,1,social,2,Basic,214,333.26,3,1,2,C101,free_shipping,0,0
64,82200,Master,Widowed,1,direct_mail,8,Standard,112,1840.22,4,3,4,C104,loyalty_points,0,0
35,92500,Master,Single,0,email,5,Standard,261,1156.53,2,2,3,C102,discount,15,0
57,64700,Master,Divorced,0,phone,1,Basic,242,195.04,2,1,1,C104,free_shipping,0,0
18,100300,Master,Divorced,0,social,16,Premium,101,4087.51,4,5,5,C101,free_shipping,0,1
41,41200,High School,Married,2,direct_mail,4,Basic,211,851.35,3,2,2,C101,bundle,0,0
29,74200,Graduate,Married,2,direct_mail,5,Standard,55,1327.87,5,2,3,C102,free_shipping,0,0
52,69800,High School,Married,0,direct_mail,8,Standard,296,2198.32,1,3,4,C102,loyalty_points,0,0
44,46600,High School,Widowed,1,direct_mail,5,Standard,150,1029.3,3,2,3,C103,discount,20,0
54,98500,Master,Married,0,phone,7,Standard,137,2277.05,4,3,4,C102,discount,10,1
50,82600,High School,Divorced,1,email,5,Standard,213,1095.77,3,2,3,C104,discount,25,1
41,52400,Graduate,Married,1,email,6,Standard,310,2154.07,1,3,4,C104,loyalty_points,0,1
32,98400,PhD,Married,3,phone,5,Standard,24,1081.16,5,2,3,C101,loyalty_points,0,0
27,50800,Master,Married,2,social,9,Standard,166,2460.14,3,4,4,C102,free_shipping,0,1
41,70400,Graduate,Married,0,email,7,Standard,8,2185.78,5,3,4,C104,loyalty_points,0,1
53,67100,High School,Widowed,1,direct_mail,3,Basic,193,675.12,3,2,2,C103,discount,10,0
43,92000,Master,Divorced,0,email,6,Basic,356,613.85,1,3,2,C102,free_shipping,0,0
18,30800,Graduate,Single,2,social,4,Basic,278,460.01,2,2,2,C101,discount,10,0
52,81400,Graduate,Married,0,phone,6,Basic,83,683.62,4,3,2,C103,loyalty_points,0,1
65,96400,Master,Married,0,phone,7,Basic,84,519.21,4,3,2,C104,discount,25,1
49,67000,High School,Married,0,email,6,Basic,86,469.41,4,3,2,C103,discount,10,1
21,24200,High School,Married,0,social,2,Basic,98,216.14,4,1,1,C104,discount,10,0
24,82200,High School,Married,0,email,6,Standard,358,2172.12,1,3,4,C104,bundle,0,0
46,46800,Graduate,Single,1,phone,3,Basic,355,554.2,1,2,2,C103,bundle,0,0
24,54300,Graduate,Single,2,email,3,Basic,256,383.83,2,2,2,C101,free_shipping,0,0
35,63900,High School,Married,1,email,6,Basic,1,776.07,5,3,2,C103,discount,20,1
31,57200,Graduate,Married,1,email,4,Standard,361,1167.76,1,2,3,C103,loyalty_points,0,0
44,52700,Graduate,Married,2,email,2,Basic,25,569.46,5,1,2,C103,bundle,0,1
40,46400,High School,Married,1,phone,2,Basic,235,403.39,2,1,2,C104,bundle,0,0
34,69300,Master,Married,2,email,6,Basic,50,512.56,5,3,2,C102,loyalty_points,0,1
27,106700,PhD,Single,1,social,11,Standard,94,1441.2,4,4,3,C104,free_shipping,0,1
49,93000,Graduate,Single,1,social,8,Standard,258,1873.74,2,3,4,C102,loyalty_points,0,0
46,81500,PhD,Divorced,2,phone,9,Standard,50,1868.32,5,4,4,C101,free_shipping,0,1
45,55600,High School,Single,2,email,5,Standard,228,1419.72,2,2,3,C102,loyalty_points,0,1
39,82700,PhD,Married,1,phone,5,Basic,362,504.51,1,2,2,C103,discount,10,0
39,61700,Master,Single,1,social,5,Standard,360,1187.3,1,2,3,C101,bundle,0,0
40,69800,Graduate,Divorced,1,phone,8,Standard,102,2003.27,4,3,4,C103,loyalty_points,0,1
44,76700,Graduate,Married,1,phone,15,Premium,65,5634.11,5,5,5,C101,discount,25,1
59,84900,Graduate,Married,1,social,5,Basic,327,602.14,1,2,2,C103,loyalty_points,0,0
50,65000,Graduate,Single,1,direct_mail,2,Basic,306,531.18,1,1,2,C101,bundle,0,0
45,97800,Graduate,Single,2,social,8,Basic,25,811.46,5,3,2,C102,free_shipping,0,1
65,109500,Master,Divorced,1,email,11,Standard,110,1359.45,4,4,3,C101,loyalty_points,0,0
59,103800,Master,Married,0,social,6,Standard,157,2040.24,3,3,4,C102,loyalty_points,0,1
34,62700,High School,Divorced,0,email,10,Standard,344,1070.93,1,4,3,C101,free_shipping,0,0
52,64100,High School,Divorced,1,direct_mail,6,Standard,79,1195.33,4,3,3,C101,discount,10,1
44,46500,Graduate,Single,0,email,5,Basic,126,781.6,4,2,2,C104,discount,10,1
35,91000,Graduate,Single,0,direct_mail,10,Premium,130,4274.54,4,4,5,C101,discount,15,1
30,102500,PhD,Married,2,social,6,Basic,81,699.5,4,3,2,C102,bundle,0,0
44,82100,Graduate,Married,1,email,5,Standard,223,1305.17,2,2,3,C104,free_shipping,0,0
57,93200,Graduate,Married,0,direct_mail,5,Basic,160,729.17,3,2,2,C103,discount,25,0
48,64900,High School,Divorced,0,email,7,Basic,142,536.42,4,3,2,C102,loyalty_points,0,0
38,63300,Graduate,Married,0,email,5,Basic,18,554.93,5,2,2,C104,loyalty_points,0,1
27,56800,Graduate,Single,2,direct_mail,4,Basic,254,582.54,2,2,2,C104,loyalty_points,0,0
44,105700,Graduate,Married,2,email,7,Standard,172,2260.43,3,3,4,C104,discount,15,1
40,55400,Graduate,Single,1,email,6,Standard,104,945.67,4,3,3,C102,bundle,0,1
27,70300,High School,Divorced,3,social,8,Standard,316,908.14,1,3,3,C102,free_shipping,0,0
75,74600,Master,Single,0,phone,11,Standard,308,1326.45,1,4,3,C104,free_shipping,0,0
35,73000,Graduate,Married,1,social,6,Standard,302,1597.37,1,3,3,C104,loyalty_points,0,0
31,65400,Graduate,Married,0,phone,3,Basic,37,139.69,5,2,1,C104,loyalty_points,0,1
40,65500,High School,Divorced,0,direct_mail,4,Basic,174,356.57,3,2,2,C103,free_shipping,0,0
49,71700,Graduate,Married,1,direct_mail,8,Standard,283,2348.05,2,3,4,C104,loyalty_points,0,0
42,69900,Graduate,Married,2,email,7,Basic,212,683.32,3,3,2,C101,free_shipping,0,0
32,82100,High School,Married,1,email,8,Standard,9,1277.73,5,3,3,C104,discount,20,1
24,34900,High School,Single,1,email,5,Standard,288,963.98,2,2,3,C104,loyalty_points,0,1
43,67900,Master,Single,2,direct_mail,3,Basic,293,516.45,1,2,2,C101,discount,10,0
30,58200,Graduate,Married,2,email,4,Basic,307,689.46,1,2,2,C104,loyalty_points,0,0
54,60700,Master,Married,0,email,8,Basic,106,791.61,4,3,2,C104,bundle,0,1
34,80900,High School,Married,2,direct_mail,1,Basic,60,83.07,5,1,1,C103,discount,20,0
40,88300,Master,Married,3,phone,9,Standard,174,1940.8,3,4,4,C104,loyalty_points,0,0
18,68300,Graduate,Married,0,email,1,Basic,326,156.64,1,1,1,C103,free_shipping,0,0
35,97600,Master,Single,3,email,7,Standard,11,2035.9,5,3,4,C102,free_shipping,0,1
43,58100,High School,Married,0,direct_mail,2,Standard,241,900.83,2,1,3,C101,bundle,0,0
18,52500,High School,Divorced,1,social,5,Basic,355,360.69,1,2,2,C101,free_shipping,0,1
35,48600,Graduate,Married,1,social,6,Basic,346,557.07,1,3,2,C102,free_shipping,0,1
75,115100,PhD,Married,1,social,11,Standard,234,2255.07,2,4,4,C102,bundle,0,1
39,70500,Graduate,Single,2,social,7,Basic,88,740.09,4,3,2,C103,bundle,0,1
54,75700,PhD,Married,0,social,9,Standard,247,1307.0,2,4,3,C103,free_shipping,0,0
18,38400,High School,Divorced,2,email,2,Basic,53,303.23,5,1,2,C102,loyalty_points,0,0
38,91100,Graduate,Married,1,social,12,Premium,40,2979.04,5,5,4,C102,free_shipping,0,0
54,108700,High School,Single,1,social,6,Standard,266,1827.71,2,3,4,C102,bundle,0,0
69,97600,PhD,Married,0,social,10,Basic,81,541.92,4,4,2,C101,bundle,0,1
29,74800,High School,Married,0,email,5,Basic,180,763.74,3,2,2,C101,free_shipping,0,0
47,58100,High School,Married,3,direct_mail,3,Basic,255,190.85,2,2,1,C104,loyalty_points,0,0
61,62300,Graduate,Divorced,0,email,6,Basic,325,438.44,1,3,2,C103,discount,25,1
59,68700,Graduate,Single,0,direct_mail,6,Basic,349,650.0,1,3,2,C104,bundle,0,0
25,69700,High School,Married,0,email,6,Basic,117,662.62,4,3,2,C103,bundle,0,1
36,82900,Graduate,Married,1,phone,5,Basic,11,767.76,5,2,2,C101,discount,20,1
33,62400,High School,Divorced,2,phone,5,Standard,48,1382.48,5,2,3,C103,free_shipping,0,1
31,67800,Graduate,Single,0,phone,5,Basic,274,335.55,2,2,2,C103,bundle,0,0
73,53100,Graduate,Widowed,1,email,3,Basic,326,681.35,1,2,2,C102,loyalty_points,0,0
28,47300,Graduate,Married,2,direct_mail,3,Basic,286,384.74,2,2,2,C102,free_shipping,0,0
63,83900,High School,Single,0,social,6,Basic,227,879.43,2,3,2,C103,bundle,0,0
30,72200,Master,Married,2,phone,3,Basic,197,201.55,3,2,1,C101,bundle,0,0
60,61800,Graduate,Single,0,phone,3,Basic,122,394.93,4,2,2,C103,loyalty_points,0,1
35,48900,Graduate,Married,2,email,4,Basic,166,818.55,3,2,2,C104,discount,10,1
53,86300,Graduate,Single,0,email,13,Standard,257,1494.25,2,5,3,C101,discount,20,1
60,79700,Master,Divorced,0,email,10,Standard,290,1894.26,2,4,4,C104,loyalty_points,0,1
41,89700,Graduate,Married,1,direct_mail,11,Premium,66,4045.99,5,4,5,C101,loyalty_points,0,1
48,57700,High School,Married,3,phone,8,Standard,10,2266.08,5,3,4,C101,free_shipping,0,1
48,92000,Graduate,Married,0,email,8,Standard,239,925.65,2,3,3,C102,bundle,0,1
35,63600,High School,Married,0,direct_mail,5,Basic,109,812.45,4,2,2,C103,loyalty_points,0,0
72,94300,High School,Single,0,social,2,Basic,45,229.78,5,1,1,C102,bundle,0,0
57,67200,High School,Married,1,direct_mail,5,Standard,280,1006.22,2,2,3,C104,free_shipping,0,0
50,99900,Master,Married,1,phone,3,Basic,22,800.83,5,2,2,C103,discount,15,0
47,66400,Graduate,Divorced,2,social,5,Basic,294,356.51,1,2,2,C101,discount,15,1
24,72200,Master,Single,0,social,5,Premium,216,2630.52,3,2,4,C103,bundle,0,0
35,25500,High School,Single,2,email,3,Basic,294,382.18,1,2,2,C104,bundle,0,0
28,31600,Graduate,Married,1,email,6,Basic,111,618.22,4,3,2,C104,loyalty_points,0,1
20,57900,High School,Divorced,0,email,4,Standard,337,919.89,1,2,3,C103,free_shipping,0,0
34,90200,Master,Married,1,phone,6,Standard,86,1427.02,4,3,3,C104,discount,15,0
42,61800,Graduate,Married,1,social,6,Standard,269,1130.56,2,3,3,C104,loyalty_points,0,0
47,58400,High School,Divorced,0,email,7,Standard,145,1833.75,4,3,4,C102,loyalty_points,0,1
48,99100,Master,Married,0,phone,11,Standard,285,2006.17,2,4,4,C102,bundle,0,0
35,47400,High School,Married,1,social,3,Basic,263,561.66,2,2,2,C101,loyalty_points,0,0
43,94600,Graduate,Married,0,email,7,Standard,128,1190.04,4,3,3,C104,loyalty_points,0,1
57,101400,Graduate,Married,2,phone,12,Standard,218,1206.08,3,5,3,C104,loyalty_points,0,1
45,48900,Graduate,Married,0,social,3,Standard,322,1157.83,1,2,3,C104,discount,10,0
23,39200,Master,Single,2,direct_mail,6,Standard,291,1109.06,2,3,3,C104,loyalty_points,0,0
62,62900,High School,Divorced,0,direct_mail,7,Standard,38,1661.8,5,3,3,C104,discount,25,0
37,63100,Master,Single,1,phone,2,Basic,148,279.67,3,1,1,C101,bundle,0,0
42,85400,High School,Single,1,phone,7,Standard,358,1076.5,1,3,3,C102,free_shipping,0,0
44,68100,PhD,Married,1,email,6,Basic,162,845.81,3,3,2,C101,bundle,0,1
38,76500,High School,Married,0,email,4,Basic,50,343.62,5,2,2,C101,free_shipping,0,1
40,71800,High School,Married,0,social,6,Standard,324,1224.0,1,3,3,C103,discount,15,0
45,61000,High School,Married,2,email,5,Basic,27,554.36,5,2,2,C102,bundle,0,0
57,59300,High School,Married,0,direct_mail,3,Standard,256,979.82,2,2,3,C104,loyalty_points,0,1
38,71500,High School,Single,3,phone,8,Basic,298,845.55,1,3,2,C103,free_shipping,0,0
46,76700,Graduate,Widowed,0,social,4,Standard,126,1117.42,4,2,3,C102,bundle,0,0
45,73300,High School,Single,0,social,6,Basic,38,827.13,5,3,2,C102,bundle,0,1
26,103700,Graduate,Single,1,email,6,Standard,299,924.76,1,3,3,C103,free_shipping,0,0
41,42200,Master,Married,0,email,2,Basic,37,691.8,5,1,2,C102,bundle,0,0
51,120500,Graduate,Widowed,1,social,9,Basic,160,655.34,3,4,2,C102,free_shipping,0,1
51,85400,Master,Married,1,social,3,Basic,56,395.63,5,2,2,C104,loyalty_points,0,1
42,47900,Graduate,Married,1,email,3,Basic,300,402.66,1,2,2,C101,free_shipping,0,0
42,75600,High School,Married,1,email,3,Basic,73,477.16,4,2,2,C101,free_shipping,0,1
47,85600,Graduate,Divorced,2,direct_mail,3,Basic,32,589.75,5,2,2,C101,bundle,0,0
85,81700,Graduate,Married,1,phone,8,Standard,242,1823.63,2,3,4,C101,loyalty_points,0,0
65,90000,Master,Single,0,email,11,Standard,127,1187.27,4,4,3,C102,free_shipping,0,1
41,78700,Master,Married,0,social,5,Basic,90,588.42,4,2,2,C102,free_shipping,0,0
56,87400,Master,Married,0,email,6,Standard,141,1553.48,4,3,3,C104,discount,25,1
49,67800,High School,Married,0,direct_mail,4,Standard,332,1032.27,1,2,3,C101,free_shipping,0,0
43,96000,Graduate,Single,1,social,6,Basic,82,524.27,4,3,2,C101,discount,20,1
39,46600,Graduate,Divorced,0,phone,6,Standard,54,903.8,5,3,3,C103,bundle,0,0
41,81100,Graduate,Single,0,direct_mail,5,Basic,210,686.1,3,2,2,C102,loyalty_points,0,0
58,65800,Graduate,Single,0,social,5,Basic,80,496.19,4,2,2,C103,bundle,0,0
37,90600,Graduate,Divorced,0,email,7,Standard,118,1812.69,4,3,4,C101,loyalty_points,0,0
37,62200,High School,Divorced,0,phone,5,Basic,192,482.2,3,2,2,C101,free_shipping,0,0
47,92300,High School,Single,3,email,14,Premium,96,3269.38,4,5,5,C101,discount,25,0
41,69100,High School,Married,0,social,2,Basic,41,514.74,5,1,2,C103,free_shipping,0,0
39,92100,Graduate,Divorced,2,email,12,Standard,336,1607.46,1,5,3,C101,bundle,0,0
32,75900,Graduate,Single,1,email,5,Standard,146,1225.25,3,2,3,C101,discount,15,1
40,44700,High School,Single,0,phone,4,Basic,112,386.45,4,2,2,C103,loyalty_points,0,1
44,72900,High School,Married,2,phone,6,Standard,157,1245.65,3,3,3,C104,bundle,0,0
29,45900,Graduate,Married,1,direct_mail,4,Basic,244,209.65,2,2,1,C102,discount,10,0
85,111400,Graduate,Married,2,direct_mail,5,Standard,33,1256.64,5,2,3,C101,discount,25,1
22,71700,PhD,Married,0,email,6,Standard,89,1046.73,4,3,3,C102,bundle,0,1
44,90800,Master,Single,0,phone,9,Basic,116,761.85,4,4,2,C103,free_shipping,0,0
31,58600,Graduate,Married,0,direct_mail,6,Basic,97,313.2,4,3,2,C101,discount,25,1
37,50700,Graduate,Single,0,phone,3,Basic,187,247.75,3,2,1,C102,discount,20,0
25,40600,High School,Married,0,email,2,Basic,299,656.22,1,1,2,C101,discount,10,0
70,68000,High School,Married,0,email,2,Basic,233,333.84,2,1,2,C101,bundle,0,0
64,92000,Master,Single,0,email,3,Basic,48,530.74,5,2,2,C101,discount,15,1
47,52600,High School,Married,0,email,4,Standard,59,1286.31,5,2,3,C101,free_shipping,0,1
47,82100,Graduate,Single,3,email,5,Standard,326,1858.66,1,2,4,C101,discount,20,0
36,79400,High School,Single,2,email,7,Standard,288,1108.71,2,3,3,C102,discount,10,1
54,101900,Master,Married,0,social,4,Basic,343,832.6,1,2,2,C103,loyalty_points,0,0
44,114200,PhD,Single,1,phone,11,Premium,55,3138.62,5,4,5,C104,loyalty_points,0,1
59,74700,PhD,Divorced,1,social,7,Basic,337,804.48,1,3,2,C104,free_shipping,0,0
51,100200,Master,Married,1,email,11,Premium,239,2844.29,2,4,4,C102,discount,15,1
32,70600,Master,Married,1,email,7,Standard,138,1377.89,4,3,3,C102,loyalty_points,0,0
52,83500,Master,Single,0,social,7,Standard,176,1190.5,3,3,3,C101,loyalty_points,0,0
35,99400,PhD,Divorced,0,email,9,Standard,336,2192.14,1,4,4,C102,loyalty_points,0,1
19,62600,High School,Single,1,phone,8,Basic,275,691.42,2,3,2,C104,loyalty_points,0,1
36,54600,Graduate,Single,1,email,5,Basic,3,457.42,5,2,2,C104,free_shipping,0,1
55,49800,Graduate,Single,2,email,5,Basic,54,813.89,5,2,2,C102,discount,25,1
33,56000,Master,Single,0,email,5,Standard,315,1153.72,1,2,3,C101,free_shipping,0,0
53,76900,High School,Married,1,email,6,Basic,110,450.37,4,3,2,C101,discount,15,1
32,72100,PhD,Married,1,phone,4,Standard,14,912.54,5,2,3,C104,discount,15,1
47,58100,High School,Married,0,social,7,Standard,283,1082.64,2,3,3,C103,free_shipping,0,0
30,75800,Master,Married,0,phone,3,Basic,208,510.92,3,2,2,C104,bundle,0,0
46,70500,Graduate,Single,3,social,7,Standard,62,2271.45,5,3,4,C102,free_shipping,0,0
25,66700,Master,Single,2,phone,5,Premium,196,2690.61,3,2,4,C104,free_shipping,0,0
47,73800,Graduate,Single,0,email,8,Premium,241,3177.35,2,3,5,C102,free_shipping,0,0
45,71000,Graduate,Single,0,direct_mail,5,Standard,110,1214.33,4,2,3,C101,discount,25,1
44,66400,Graduate,Single,0,social,6,Premium,163,2948.97,3,3,4,C101,bundle,0,0
61,90900,Graduate,Married,0,email,8,Premium,103,2715.02,4,3,4,C101,loyalty_points,0,0
46,79900,Graduate,Married,0,social,9,Premium,222,3026.91,2,4,5,C104,bundle,0,0
30,88300,Graduate,Married,0,email,9,Standard,10,1691.81,5,4,3,C103,discount,10,1
36,45800,Master,Widowed,3,direct_mail,1,Basic,52,157.11,5,1,1,C102,loyalty_points,0,0
22,81600,Master,Married,1,email,9,Premium,54,3507.81,5,4,5,C102,discount,25,1
51,89600,Master,Divorced,3,email,6,Basic,351,273.87,1,3,1,C103,discount,15,0
53,75300,High School,Married,1,social,5,Standard,135,1783.89,4,2,3,C102,loyalty_points,0,0
47,79900,Graduate,Widowed,0,direct_mail,5,Basic,336,559.02,1,2,2,C102,free_shipping,0,0
32,34600,High School,Single,1,email,4,Standard,265,975.21,2,2,3,C103,discount,15,0
51,48000,High School,Single,0,email,5,Standard,225,903.74,2,2,3,C104,free_shipping,0,0
37,64100,Graduate,Married,2,email,8,Standard,285,970.96,2,3,3,C103,free_shipping,0,1
60,84600,Graduate,Single,0,email,7,Premium,48,2595.67,5,3,4,C102,discount,15,1
35,67200,PhD,Divorced,1,email,2,Basic,250,99.44,2,1,1,C103,loyalty_points,0,0
26,42900,High School,Married,2,social,6,Basic,321,369.39,1,3,2,C102,bundle,0,1
45,78400,Graduate,Married,2,email,7,Standard,5,1334.79,5,3,3,C104,discount,15,1
38,76100,Graduate,Married,0,email,5,Basic,289,836.12,2,2,2,C102,bundle,0,0
29,51200,High School,Married,0,phone,4,Basic,297,220.1,1,2,1,C103,loyalty_points,0,0
32,72500,Master,Divorced,1,email,4,Basic,211,840.2,3,2,2,C102,free_shipping,0,0
26,27000,Graduate,Married,0,social,2,Basic,10,567.88,5,1,2,C101,bundle,0,0
23,61400,Graduate,Single,1,email,11,Standard,51,2088.2,5,4,4,C103,bundle,0,1
60,67400,Master,Married,1,phone,4,Basic,215,665.05,3,2,2,C103,loyalty_points,0,1
54,109400,PhD,Married,1,phone,9,Standard,86,2034.16,4,4,4,C102,discount,25,1
64,125700,PhD,Married,3,social,14,Premium,300,3114.55,1,5,5,C103,discount,10,0
36,70200,Graduate,Married,2,phone,6,Standard,156,1406.6,3,3,3,C102,bundle,0,0
32,52500,High School,Married,1,phone,1,Basic,238,195.72,2,1,1,C102,discount,15,0
31,32800,Graduate,Single,0,email,3,Basic,365,121.15,1,2,1,C104,bundle,0,0
57,78700,High School,Single,0,phone,10,Standard,228,1199.94,2,4,3,C102,bundle,0,0
69,97900,Graduate,Married,1,email,12,Standard,44,2150.85,5,5,4,C102,free_shipping,0,1
64,68800,Graduate,Single,2,social,12,Standard,169,1279.33,3,5,3,C103,loyalty_points,0,1
47,46600,High School,Single,1,phone,3,Basic,312,310.39,1,2,2,C104,discount,25,0
48,86700,Master,Single,0,direct_mail,6,Basic,308,523.63,1,3,2,C104,loyalty_points,0,0
49,47900,High School,Single,1,email,6,Standard,159,1623.6,3,3,3,C102,bundle,0,1
32,62000,Graduate,Single,0,email,7,Basic,20,419.37,5,3,2,C101,free_shipping,0,1
48,106900,Graduate,Single,0,social,7,Premium,276,2890.42,2,3,4,C103,discount,15,0
42,58900,Graduate,Married,0,social,4,Basic,154,807.68,3,2,2,C103,free_shipping,0,1
55,59300,High School,Single,3,email,1,Basic,13,291.2,5,1,1,C104,loyalty_points,0,0
38,57600,High School,Single,3,email,5,Basic,286,244.33,2,2,1,C101,loyalty_points,0,0
43,84400,Master,Single,0,social,13,Standard,256,2034.48,2,5,4,C104,discount,10,1
53,44000,High School,Married,2,email,0,Basic,91,0.0,4,1,1,C103,discount,20,1
35,69200,Graduate,Widowed,2,email,4,Standard,49,1098.59,5,2,3,C102,free_shipping,0,1
65,90200,Graduate,Widowed,0,email,7,Standard,312,1365.37,1,3,3,C103,bundle,0,1
52,54600,Graduate,Single,2,social,4,Basic,80,511.29,4,2,2,C101,free_shipping,0,0
49,54900,Graduate,Married,2,direct_mail,4,Standard,336,1514.93,1,2,3,C103,free_shipping,0,0
39,80800,Master,Married,2,social,11,Standard,254,1423.09,2,4,3,C101,loyalty_points,0,0
56,41700,Graduate,Married,0,email,3,Basic,24,347.09,5,2,2,C102,free_shipping,0,1
49,78000,Graduate,Married,0,email,8,Standard,75,1795.86,4,3,3,C101,free_shipping,0,1
39,75600,High School,Married,1,direct_mail,5,Standard,62,1778.97,5,2,3,C103,bundle,0,0
36,64200,High School,Married,2,email,4,Standard,103,1319.32,4,2,3,C101,bundle,0,1
47,65200,Graduate,Single,3,email,7,Standard,55,1130.27,5,3,3,C101,bundle,0,1
47,71200,Graduate,Married,1,phone,8,Basic,228,501.21,2,3,2,C101,loyalty_points,0,0
61,60100,High School,Married,0,phone,3,Basic,74,631.64,4,2,2,C101,loyalty_points,0,0
44,93900,Master,Married,1,social,9,Basic,353,566.59,1,4,2,C104,loyalty_points,0,0
36,64700,Graduate,Married,1,email,5,Standard,51,922.17,5,2,3,C103,bundle,0,1
35,72000,Graduate,Single,2,social,4,Basic,151,546.97,3,2,2,C104,discount,10,0
42,57900,High School,Divorced,2,email,3,Basic,203,575.12,3,2,2,C103,bundle,0,0
35,72200,Master,Single,1,social,7,Standard,78,1068.58,4,3,3,C103,loyalty_points,0,1
68,42300,High School,Married,0,email,3,Basic,148,147.58,3,2,1,C104,discount,10,1
37,54500,High School,Married,0,phone,8,Standard,232,1033.41,2,3,3,C102,discount,10,0
43,71700,High School,Married,2,phone,6,Standard,140,1250.35,4,3,3,C103,free_shipping,0,1
40,74900,Graduate,Single,1,phone,11,Standard,268,2394.51,2,4,4,C104,loyalty_points,0,1
39,78600,Graduate,Single,0,direct_mail,8,Premium,155,3606.08,3,3,5,C102,bundle,0,0
64,80200,Graduate,Married,0,social,9,Standard,173,1374.48,3,4,3,C102,free_shipping,0,0
51,79200,Graduate,Single,1,phone,5,Basic,192,356.42,3,2,2,C103,bundle,0,0
63,55800,Graduate,Divorced,1,email,3,Basic,154,397.59,3,2,2,C102,free_shipping,0,1
27,79400,Master,Married,1,social,10,Premium,106,3582.43,4,4,5,C104,discount,25,1
37,95100,Master,Single,0,email,3,Basic,183,204.38,3,2,1,C103,discount,20,1
33,61200,Graduate,Single,0,social,5,Standard,200,1146.91,3,2,3,C101,bundle,0,1
55,64700,Graduate,Married,2,social,2,Basic,75,466.17,4,1,2,C102,loyalty_points,0,0
69,89800,Graduate,Widowed,2,email,8,Standard,53,1791.51,5,3,3,C103,discount,20,1
47,75800,Graduate,Married,1,email,8,Standard,110,1275.2,4,3,3,C101,loyalty_points,0,0
50,41300,Master,Married,1,phone,3,Basic,63,571.11,5,2,2,C102,bundle,0,1
47,97600,PhD,Single,2,email,17,Premium,289,2556.79,2,5,4,C102,discount,15,1
32,56200,Graduate,Married,2,direct_mail,8,Standard,282,1505.22,2,3,3,C103,free_shipping,0,0
44,76000,Graduate,Single,3,email,4,Standard,132,943.96,4,2,3,C104,discount,10,0
42,53100,Graduate,Single,1,direct_mail,3,Basic,102,441.91,4,2,2,C101,discount,10,0
30,87000,Master,Married,1,phone,5,Standard,41,1143.32,5,2,3,C102,discount,10,1
56,60300,High School,Single,2,phone,6,Standard,287,1233.16,2,3,3,C101,discount,25,0
45,113100,PhD,Married,2,email,11,Basic,40,501.07,5,4,2,C104,loyalty_points,0,1
69,57300,High School,Married,2,email,5,Standard,169,1948.19,3,2,4,C104,bundle,0,0
59,100000,PhD,Married,0,phone,8,Standard,287,1563.91,2,3,3,C104,free_shipping,0,0
48,82400,Graduate,Single,1,social,4,Basic,182,303.11,3,2,2,C102,bundle,0,0
28,43600,Graduate,Married,1,direct_mail,4,Basic,137,814.45,4,2,2,C101,free_shipping,0,0
42,68900,Graduate,Married,2,direct_mail,8,Basic,341,700.59,1,3,2,C104,discount,20,0
79,75300,High School,Divorced,0,social,4,Standard,331,955.52,1,2,3,C103,bundle,0,0
18,56900,Graduate,Single,3,phone,7,Basic,353,337.45,1,3,2,C103,free_shipping,0,0
26,49800,Graduate,Divorced,2,social,3,Standard,267,1525.64,2,2,3,C102,bundle,0,0
48,89700,Master,Single,3,email,10,Premium,113,5487.58,4,4,5,C103,bundle,0,0
49,76900,Graduate,Married,2,social,5,Basic,220,791.16,2,2,2,C104,free_shipping,0,0
51,84900,Master,Single,1,email,5,Basic,185,367.31,3,2,2,C102,loyalty_points,0,1
49,84400,Graduate,Widowed,0,social,9,Standard,223,2099.7,2,4,4,C104,discount,20,1
56,64200,Master,Married,0,email,9,Standard,136,1428.38,4,4,3,C103,loyalty_points,0,1
54,110400,Graduate,Single,1,email,7,Standard,63,1116.8,5,3,3,C101,free_shipping,0,1
37,21200,High School,Married,2,email,2,Basic,202,252.11,3,1,1,C104,discount,15,1
54,88000,Graduate,Married,0,phone,2,Basic,81,575.61,4,1,2,C104,free_shipping,0,0
45,102200,Master,Divorced,1,phone,9,Standard,67,1348.58,5,4,3,C104,discount,20,1
58,110300,High School,Divorced,0,email,8,Standard,182,2272.57,3,3,4,C102,loyalty_points,0,1
23,45300,Graduate,Married,1,direct_mail,1,Basic,296,339.33,1,1,2,C102,loyalty_points,0,0
55,64000,High School,Divorced,0,email,10,Standard,287,921.94,2,4,3,C103,loyalty_points,0,1
29,76800,Graduate,Single,1,email,2,Basic,231,468.87,2,1,2,C104,loyalty_points,0,0
32,96600,Master,Divorced,1,phone,9,Basic,274,516.09,2,4,2,C101,loyalty_points,0,0
54,73200,High School,Married,0,social,3,Basic,337,523.2,1,2,2,C103,bundle,0,0
42,91800,High School,Single,0,email,7,Basic,171,424.89,3,3,2,C103,bundle,0,1
42,103000,PhD,Single,1,email,8,Standard,99,925.51,4,3,3,C104,discount,15,1
41,84800,High School,Married,0,phone,8,Standard,52,1100.31,5,3,3,C104,loyalty_points,0,1
69,75500,Graduate,Single,0,email,7,Standard,89,2165.39,4,3,4,C103,free_shipping,0,0
26,78300,Graduate,Married,1,direct_mail,7,Basic,43,737.0,5,3,2,C101,loyalty_points,0,0
31,78300,Master,Single,0,direct_mail,2,Basic,357,201.85,1,1,1,C101,bundle,0,0
47,77400,Graduate,Single,0,social,10,Standard,92,1916.58,4,4,4,C102,bundle,0,0
44,58500,High School,Single,3,direct_mail,6,Basic,154,556.62,3,3,2,C101,discount,20,0
51,75100,High School,Widowed,2,direct_mail,7,Standard,56,1248.16,5,3,3,C104,loyalty_points,0,1
69,80800,Graduate,Married,0,email,6,Standard,232,938.56,2,3,3,C103,free_shipping,0,0
34,106400,High School,Married,0,phone,5,Basic,272,815.17,2,2,2,C103,free_shipping,0,0
44,61600,Graduate,Married,2,email,2,Basic,309,223.9,1,1,1,C102,bundle,0,0
62,105600,High School,Widowed,3,phone,4,Standard,1,1051.28,5,2,3,C101,bundle,0,1
42,94500,High School,Married,2,social,4,Basic,343,464.51,1,2,2,C103,free_shipping,0,0
53,54100,High School,Married,0,phone,4,Basic,186,436.2,3,2,2,C104,bundle,0,0
36,66000,Graduate,Married,2,social,4,Basic,231,509.35,2,2,2,C102,free_shipping,0,0
50,69900,Graduate,Married,1,direct_mail,2,Basic,122,342.29,4,1,2,C102,bundle,0,0
37,64300,Graduate,Single,2,email,4,Basic,160,714.69,3,2,2,C102,free_shipping,0,1
48,110400,Master,Divorced,1,phone,14,Basic,326,861.89,1,5,2,C102,free_shipping,0,0
37,85800,High School,Married,0,email,6,Basic,108,302.85,4,3,2,C104,free_shipping,0,1
38,41800,High School,Married,1,phone,6,Standard,11,1149.46,5,3,3,C104,discount,20,1
45,68000,High School,Widowed,0,email,1,Basic,230,222.55,2,1,1,C101,bundle,0,0
37,59600,Graduate,Married,0,direct_mail,8,Standard,361,2415.05,1,3,4,C104,free_shipping,0,0
39,74900,Graduate,Divorced,0,email,2,Basic,142,65.93,4,1,1,C104,discount,25,1
44,70700,Graduate,Widowed,1,social,4,Basic,7,700.62,5,2,2,C101,discount,25,1
27,78900,Master,Divorced,0,email,7,Basic,126,845.91,4,3,2,C103,loyalty_points,0,1
47,72400,Master,Married,0,email,6,Basic,31,557.3,5,3,2,C101,bundle,0,1
50,101200,Graduate,Single,2,social,5,Basic,307,664.73,1,2,2,C103,bundle,0,0
52,66500,High School,Single,0,social,4,Basic,212,209.27,3,2,1,C103,discount,10,0
57,38800,High School,Married,2,direct_mail,2,Basic,179,796.27,3,1,2,C103,discount,25,0
71,54300,High School,Divorced,0,social,6,Basic,344,747.02,1,3,2,C102,discount,25,0
50,41100,High School,Single,0,social,2,Basic,261,392.97,2,1,2,C101,free_shipping,0,0
30,59800,Master,Married,0,social,5,Basic,284,535.26,2,2,2,C104,free_shipping,0,0
28,96100,PhD,Single,1,direct_mail,13,Premium,278,3292.34,2,5,5,C104,bundle,0,0
35,57400,High School,Single,0,social,3,Basic,335,388.76,1,2,2,C102,discount,15,0
57,57200,Graduate,Single,0,direct_mail,4,Basic,112,664.81,4,2,2,C104,bundle,0,0
28,63800,Graduate,Single,1,email,9,Standard,141,1511.18,4,4,3,C102,free_shipping,0,1
18,67800,Graduate,Married,0,email,2,Basic,169,364.78,3,1,2,C101,loyalty_points,0,0
56,42300,High School,Single,2,email,4,Basic,61,157.18,5,2,1,C101,discount,20,1
65,83900,Graduate,Married,0,email,2,Basic,207,332.12,3,1,2,C102,loyalty_points,0,0
48,61600,Graduate,Single,1,direct_mail,8,Standard,300,1642.06,1,3,3,C102,free_shipping,0,0
37,94700,Graduate,Married,1,direct_mail,12,Standard,270,928.57,2,5,3,C102,bundle,0,0
57,74100,Graduate,Married,0,email,10,Premium,212,2577.83,3,4,4,C104,discount,25,1
42,22500,Master,Single,1,social,2,Basic,79,115.0,4,1,1,C104,discount,15,1
53,60900,High School,Married,2,email,1,Basic,341,147.28,1,1,1,C103,bundle,0,0
35,70300,Graduate,Divorced,1,email,1,Basic,204,194.23,3,1,1,C101,discount,20,0
44,54300,Master,Single,2,social,6,Basic,83,499.09,4,3,2,C104,loyalty_points,0,1
58,70400,High School,Single,2,email,7,Standard,126,907.15,4,3,3,C104,free_shipping,0,1
48,87300,Master,Single,1,phone,12,Standard,47,1603.43,5,5,3,C104,discount,25,1
62,114200,Graduate,Married,0,email,13,Premium,21,2877.1,5,5,4,C102,discount,10,1
48,89200,PhD,Married,2,social,12,Basic,147,535.9,3,5,2,C104,free_shipping,0,1
67,89400,High School,Married,1,email,5,Standard,136,1199.53,4,2,3,C101,discount,10,1
24,105600,Master,Married,2,phone,8,Standard,221,932.32,2,3,3,C103,bundle,0,0
67,98700,High School,Single,0,email,11,Standard,335,1599.26,1,4,3,C104,discount,15,0
42,86600,Master,Married,2,social,7,Standard,119,1230.36,4,3,3,C103,discount,10,1
36,83200,PhD,Married,0,social,6,Standard,297,982.92,1,3,3,C102,free_shipping,0,0
39,44200,High School,Married,0,email,6,Standard,175,1023.08,3,3,3,C102,loyalty_points,0,1
55,72200,Graduate,Single,0,email,5,Standard,14,999.52,5,2,3,C103,free_shipping,0,1
41,44300,Graduate,Married,2,direct_mail,2,Basic,294,650.02,1,1,2,C102,discount,10,0
55,108200,Master,Single,0,phone,9,Basic,62,681.2,5,4,2,C104,discount,20,1
42,95100,Master,Single,1,direct_mail,5,Basic,344,137.05,1,2,1,C103,bundle,0,0
30,73400,Graduate,Single,2,email,9,Standard,263,1586.38,2,4,3,C102,discount,15,1
24,87800,PhD,Single,0,phone,6,Standard,138,925.82,4,3,3,C103,bundle,0,1
50,89100,High School,Married,0,social,5,Basic,348,874.4,1,2,2,C101,loyalty_points,0,0
32,103500,Master,Single,1,email,8,Basic,71,554.82,5,3,2,C103,loyalty_points,0,0
30,60600,Master,Married,1,direct_mail,1,Basic,295,127.14,1,1,1,C104,loyalty_points,0,0
44,43100,High School,Single,2,email,2,Basic,185,468.26,3,1,2,C104,free_shipping,0,0
34,77800,High School,Married,0,direct_mail,4,Standard,317,912.95,1,2,3,C102,bundle,0,0
51,71100,High School,Single,2,direct_mail,8,Basic,341,873.31,1,3,2,C103,discount,20,0
55,52500,Graduate,Married,2,email,7,Basic,148,421.01,3,3,2,C102,bundle,0,1
44,79300,Graduate,Single,1,email,7,Standard,165,1339.25,3,3,3,C104,free_shipping,0,1
45,69000,Graduate,Divorced,1,social,5,Basic,235,827.94,2,2,2,C102,loyalty_points,0,0
38,55300,High School,Divorced,0,phone,6,Basic,178,808.95,3,3,2,C102,bundle,0,0
29,57100,Graduate,Single,1,email,2,Basic,251,748.97,2,1,2,C104,discount,25,0
29,62600,Graduate,Married,0,email,3,Basic,7,521.22,5,2,2,C102,loyalty_points,0,1
31,72200,Graduate,Married,0,email,7,Basic,54,582.25,5,3,2,C101,discount,25,1
47,92900,Master,Married,1,phone,7,Standard,31,1355.05,5,3,3,C101,loyalty_points,0,1
41,65700,High School,Married,0,email,6,Standard,38,971.16,5,3,3,C101,discount,20,1
30,52800,High School,Divorced,2,email,2,Basic,109,301.93,4,1,2,C103,loyalty_points,0,1
37,55200,High School,Single,2,phone,5,Standard,217,1367.97,3,2,3,C102,free_shipping,0,0
33,53400,High School,Divorced,0,email,5,Basic,319,353.75,1,2,2,C104,bundle,0,0
49,92700,Graduate,Married,0,phone,7,Basic,223,799.08,2,3,2,C101,free_shipping,0,1
61,67000,Graduate,Single,0,phone,4,Standard,171,906.36,3,2,3,C103,free_shipping,0,0
42,30700,Graduate,Single,1,phone,2,Basic,83,290.35,4,1,1,C102,discount,10,0
20,71200,Graduate,Single,1,social,7,Standard,95,1947.21,4,3,4,C104,loyalty_points,0,1
25,69800,Graduate,Married,1,email,7,Standard,277,1397.17,2,3,3,C103,discount,15,1
66,66900,High School,Single,1,direct_mail,5,Standard,320,1710.28,1,2,3,C102,loyalty_points,0,0
41,86600,High School,Single,0,social,9,Standard,303,1040.9,1,4,3,C101,discount,25,0
50,62000,Graduate,Married,1,direct_mail,4,Basic,270,441.92,2,2,2,C103,discount,25,0
54,88900,Master,Single,1,email,3,Basic,56,326.33,5,2,2,C102,free_shipping,0,1
31,61500,Graduate,Single,2,email,2,Basic,185,101.62,3,1,1,C101,bundle,0,0
18,53300,High School,Single,1,phone,7,Standard,342,1986.51,1,3,4,C101,bundle,0,0
33,76700,Graduate,Married,1,direct_mail,3,Basic,219,850.73,2,2,2,C104,loyalty_points,0,0
50,122700,High School,Single,0,social,8,Standard,197,1628.83,3,3,3,C102,free_shipping,0,0
45,72600,High School,Single,0,phone,5,Standard,311,904.39,1,2,3,C103,loyalty_points,0,0
59,81800,Master,Married,0,social,7,Standard,337,994.83,1,3,3,C104,bundle,0,0
52,72800,Master,Married,0,email,4,Basic,233,482.76,2,2,2,C104,bundle,0,1
51,51300,Graduate,Single,0,email,6,Basic,13,661.88,5,3,2,C104,bundle,0,1
25,81000,PhD,Divorced,0,direct_mail,3,Standard,170,1054.5,3,2,3,C102,discount,25,0
42,74600,High School,Single,0,social,9,Basic,236,839.82,2,4,2,C101,loyalty_points,0,0
32,47500,Graduate,Married,1,email,5,Standard,117,1754.69,4,2,3,C102,discount,10,1
49,110800,Graduate,Divorced,1,phone,5,Basic,10,462.73,5,2,2,C102,free_shipping,0,1
28,77400,Master,Married,0,email,7,Premium,303,2550.31,1,3,4,C103,bundle,0,1
43,76500,Graduate,Married,0,phone,4,Basic,318,723.18,1,2,2,C103,bundle,0,0
23,80600,Master,Married,0,social,8,Standard,273,1013.04,2,3,3,C103,bundle,0,0
36,57800,Graduate,Married,0,phone,5,Basic,279,563.57,2,2,2,C104,bundle,0,0
34,51600,Graduate,Divorced,1,social,6,Standard,311,902.04,1,3,3,C103,discount,10,0
46,63400,High School,Married,2,email,7,Standard,344,1473.85,1,3,3,C102,bundle,0,1
49,39000,High School,Married,3,social,3,Basic,192,478.31,3,2,2,C103,free_shipping,0,0
35,60700,High School,Single,0,email,7,Standard,193,1553.27,3,3,3,C101,discount,15,1
66,88000,High School,Single,1,email,6,Basic,8,670.81,5,3,2,C102,bundle,0,1
34,14400,High School,Married,0,direct_mail,2,Basic,120,486.16,4,1,2,C101,discount,25,1
21,79200,Master,Single,3,email,3,Basic,26,818.47,5,2,2,C104,discount,15,1
37,83700,Graduate,Divorced,0,email,9,Standard,341,1861.54,1,4,4,C101,free_shipping,0,0
36,63700,Graduate,Single,0,phone,4,Basic,108,180.19,4,2,1,C103,free_shipping,0,1
27,48600,Graduate,Single,0,email,2,Basic,77,254.85,4,1,1,C102,discount,20,1
56,95200,Graduate,Married,0,social,6,Basic,78,594.47,4,3,2,C101,loyalty_points,0,0
35,93400,Graduate,Married,1,email,11,Premium,134,3206.51,4,4,5,C101,discount,10,1
24,60000,Graduate,Married,0,social,4,Standard,20,1560.48,5,2,3,C102,bundle,0,1
40,72200,Master,Married,2,social,10,Standard,65,1309.08,5,4,3,C104,free_shipping,0,1
39,52300,High School,Married,2,social,7,Standard,85,1192.27,4,3,3,C102,bundle,0,0
54,75800,Graduate,Married,3,social,10,Standard,305,988.38,1,4,3,C101,discount,10,0
74,65800,Graduate,Divorced,2,social,4,Basic,67,668.27,5,2,2,C102,free_shipping,0,0
46,67600,Graduate,Married,1,social,3,Basic,180,284.96,3,2,1,C104,loyalty_points,0,0
49,96100,Graduate,Divorced,0,social,9,Standard,95,965.69,4,4,3,C102,bundle,0,1
25,44000,High School,Single,0,email,5,Standard,251,1077.16,2,2,3,C101,loyalty_points,0,0
63,80600,Graduate,Married,1,phone,4,Standard,10,1099.3,5,2,3,C103,free_shipping,0,1
62,80500,Graduate,Married,0,phone,11,Standard,329,1777.2,1,4,3,C104,loyalty_points,0,0
44,88600,Graduate,Single,2,direct_mail,5,Basic,254,585.03,2,2,2,C101,bundle,0,0
39,65200,High School,Married,1,phone,6,Standard,192,1935.49,3,3,4,C102,free_shipping,0,0
50,79200,High School,Single,3,social,10,Standard,87,1746.75,4,4,3,C103,free_shipping,0,1
47,48900,Graduate,Single,0,email,3,Basic,109,679.6,4,2,2,C102,loyalty_points,0,0
44,53400,Graduate,Married,1,phone,6,Basic,222,829.62,2,3,2,C102,bundle,0,0
50,62400,Graduate,Married,1,email,3,Basic,38,747.71,5,2,2,C102,discount,20,1
48,83100,Graduate,Married,1,phone,4,Basic,152,511.12,3,2,2,C104,free_shipping,0,0
44,109200,Graduate,Married,2,direct_mail,9,Standard,267,2253.78,2,4,4,C101,loyalty_points,0,1
50,40800,High School,Married,1,phone,5,Basic,274,432.67,2,2,2,C103,discount,10,0
57,66900,Graduate,Married,1,email,3,Basic,143,378.14,4,2,2,C102,bundle,0,0
47,74000,Graduate,Married,3,social,4,Basic,81,525.99,4,2,2,C104,bundle,0,0
57,80600,Graduate,Single,0,social,6,Standard,206,1194.11,3,3,3,C103,bundle,0,0
56,71500,Graduate,Single,0,email,3,Basic,361,229.51,1,2,1,C104,free_shipping,0,0
29,65900,High School,Married,0,social,7,Standard,350,2070.4,1,3,4,C104,free_shipping,0,0
45,75800,Graduate,Single,3,social,8,Standard,137,2269.21,4,3,4,C104,bundle,0,0
30,58000,Graduate,Single,0,direct_mail,10,Basic,21,529.53,5,4,2,C103,bundle,0,0
34,78400,Master,Single,0,social,5,Basic,133,641.98,4,2,2,C102,discount,25,1
59,109600,Graduate,Single,2,phone,8,Standard,258,1782.89,2,3,3,C102,discount,10,0
50,102700,Master,Divorced,1,social,8,Basic,118,604.73,4,3,2,C104,bundle,0,0
38,70200,Graduate,Married,0,email,6,Standard,292,1404.79,1,3,3,C101,discount,15,1
50,89900,Graduate,Divorced,1,social,14,Standard,235,1107.03,2,5,3,C104,free_shipping,0,0
35,62100,High School,Married,2,direct_mail,2,Basic,287,452.94,2,1,2,C104,loyalty_points,0,0
37,90700,Master,Single,0,email,10,Standard,226,2144.77,2,4,4,C104,discount,15,1
61,60500,High School,Divorced,1,direct_mail,3,Basic,145,556.56,4,2,2,C102,discount,10,1
37,60900,Graduate,Married,0,direct_mail,4,Basic,261,271.84,2,2,1,C103,discount,10,0
30,104000,PhD,Single,0,email,11,Premium,168,3249.52,3,4,5,C103,free_shipping,0,1
57,67500,Graduate,Married,0,social,4,Standard,31,1247.07,5,2,3,C101,bundle,0,0
36,99200,PhD,Married,0,social,9,Standard,145,1906.05,4,4,4,C101,discount,10,1
48,87900,Master,Married,0,direct_mail,6,Standard,241,1598.18,2,3,3,C104,discount,15,0
59,65600,Graduate,Single,2,email,5,Basic,170,495.24,3,2,2,C101,loyalty_points,0,0
48,43800,Graduate,Single,0,social,2,Basic,283,455.73,2,1,2,C103,loyalty_points,0,0
48,79500,Graduate,Married,1,phone,4,Basic,173,452.46,3,2,2,C104,loyalty_points,0,0
56,68000,High School,Single,0,phone,3,Basic,194,338.97,3,2,2,C102,free_shipping,0,1
48,79600,Master,Widowed,2,social,4,Basic,68,742.83,5,2,2,C102,free_shipping,0,1
42,55200,High School,Married,0,email,6,Basic,178,624.54,3,3,2,C104,bundle,0,1
53,74000,High School,Married,0,phone,6,Standard,40,1281.37,5,3,3,C101,discount,20,1
54,116400,PhD,Divorced,0,direct_mail,7,Basic,316,472.4,1,3,2,C102,loyalty_points,0,0
57,68700,High School,Married,2,phone,4,Basic,192,247.5,3,2,1,C102,loyalty_points,0,0
45,60500,Master,Married,2,email,5,Basic,352,860.99,1,2,2,C103,bundle,0,0
25,39300,Graduate,Widowed,3,phone,3,Basic,109,267.88,4,2,1,C102,discount,15,0
41,101900,Master,Married,3,email,10,Standard,159,1462.98,3,4,3,C102,bundle,0,1
42,58800,High School,Divorced,0,phone,6,Basic,132,810.06,4,3,2,C103,loyalty_points,0,0
40,66900,Master,Single,1,email,7,Premium,133,2708.19,4,3,4,C102,bundle,0,1
49,56200,PhD,Married,0,direct_mail,8,Standard,364,2029.51,1,3,4,C102,discount,20,0
25,78900,High School,Married,1,direct_mail,5,Standard,209,1122.44,3,2,3,C102,loyalty_points,0,0
51,45700,High School,Single,3,direct_mail,5,Basic,205,564.34,3,2,2,C102,loyalty_points,0,0
47,77700,Master,Married,2,social,10,Standard,104,1113.97,4,4,3,C104,loyalty_points,0,0
40,47300,Graduate,Married,0,phone,6,Basic,7,775.47,5,3,2,C103,loyalty_points,0,1
37,78400,Graduate,Married,1,email,8,Basic,51,671.01,5,3,2,C102,bundle,0,1
47,53300,Master,Married,2,social,6,Basic,327,693.57,1,3,2,C101,loyalty_points,0,0
55,100100,Master,Married,0,email,10,Standard,322,1211.36,1,4,3,C103,loyalty_points,0,0
39,111100,Master,Married,0,direct_mail,12,Premium,2,2766.61,5,5,4,C103,bundle,0,1
44,64500,Master,Single,0,phone,8,Standard,31,2088.67,5,3,4,C104,discount,20,1
40,54400,Graduate,Divorced,0,email,3,Basic,174,654.76,3,2,2,C103,free_shipping,0,1
50,82600,Graduate,Married,1,direct_mail,4,Basic,308,794.72,1,2,2,C101,loyalty_points,0,0
57,92700,Master,Married,0,direct_mail,7,Basic,89,863.88,4,3,2,C104,bundle,0,0
28,88300,PhD,Married,0,email,8,Standard,206,1175.2,3,3,3,C104,bundle,0,0
54,55100,Graduate,Single,1,social,8,Basic,189,619.31,3,3,2,C102,loyalty_points,0,0
43,89600,Graduate,Married,0,phone,11,Standard,305,1421.68,1,4,3,C101,loyalty_points,0,0
50,78300,Graduate,Married,0,email,7,Standard,150,1007.91,3,3,3,C104,bundle,0,1
58,65900,Graduate,Single,1,email,4,Standard,219,992.99,2,2,3,C104,discount,25,1
49,44900,Graduate,Single,0,email,2,Basic,212,247.43,3,1,1,C104,discount,15,1
44,68400,Graduate,Married,0,phone,9,Basic,292,840.48,1,4,2,C104,bundle,0,0
33,93500,Graduate,Single,1,social,8,Standard,226,2047.38,2,3,4,C101,discount,10,0
59,73000,High School,Single,3,direct_mail,4,Basic,299,251.12,1,2,1,C103,free_shipping,0,0
66,87300,Graduate,Single,0,social,8,Basic,55,762.67,5,3,2,C103,bundle,0,0
57,39300,High School,Single,0,email,0,Basic,74,0.0,4,1,1,C101,loyalty_points,0,1
65,91500,Master,Single,1,direct_mail,4,Basic,153,138.99,3,2,1,C102,discount,25,0
50,68500,Master,Divorced,2,direct_mail,0,Basic,139,0.0,4,1,1,C102,discount,10,0
61,90300,Graduate,Married,0,phone,9,Standard,337,2008.43,1,4,4,C101,free_shipping,0,0
37,79900,Graduate,Single,1,email,2,Basic,155,188.58,3,1,1,C103,free_shipping,0,0
56,85000,Graduate,Single,0,email,3,Basic,347,468.12,1,2,2,C101,free_shipping,0,0
40,73100,Graduate,Married,0,direct_mail,4,Basic,330,480.49,1,2,2,C101,discount,25,0
28,103700,PhD,Divorced,2,direct_mail,8,Standard,192,1403.09,3,3,3,C102,loyalty_points,0,0
58,65700,High School,Divorced,2,phone,2,Basic,335,188.67,1,1,1,C102,bundle,0,0
37,59600,Master,Married,1,phone,3,Basic,101,647.97,4,2,2,C101,free_shipping,0,1
48,73800,Graduate,Married,1,email,3,Basic,299,506.41,1,2,2,C102,free_shipping,0,0
26,73900,Graduate,Single,0,email,7,Basic,208,646.99,3,3,2,C102,discount,15,1
41,71000,Graduate,Single,0,email,2,Basic,29,246.68,5,1,1,C103,free_shipping,0,0
38,62700,Graduate,Married,0,phone,5,Basic,176,392.88,3,2,2,C101,discount,25,0
50,81800,Graduate,Married,1,phone,11,Premium,293,2891.16,1,4,4,C104,loyalty_points,0,0
42,72400,Master,Single,0,phone,4,Standard,39,948.53,5,2,3,C103,free_shipping,0,1
41,36600,Graduate,Single,0,email,2,Basic,101,263.39,4,1,1,C103,discount,20,1
37,74200,Graduate,Single,2,email,9,Basic,259,888.09,2,4,2,C101,bundle,0,0
65,84200,Graduate,Single,2,email,9,Standard,146,1321.23,3,4,3,C101,loyalty_points,0,1
54,58700,High School,Single,0,social,7,Standard,76,1254.61,4,3,3,C102,discount,20,0
45,78100,High School,Married,2,phone,5,Basic,169,472.9,3,2,2,C102,discount,20,0
30,65900,Graduate,Married,0,email,4,Basic,224,477.01,2,2,2,C101,discount,20,1
74,75000,Graduate,Single,1,social,15,Premium,121,4978.53,4,5,5,C102,free_shipping,0,1
42,80300,Graduate,Married,3,social,6,Basic,115,800.23,4,3,2,C103,free_shipping,0,1
48,79000,Master,Widowed,0,direct_mail,7,Basic,32,523.17,5,3,2,C103,bundle,0,1
45,107000,PhD,Married,1,phone,13,Standard,222,2326.51,2,5,4,C101,free_shipping,0,1
39,66700,High School,Married,1,direct_mail,2,Basic,106,286.68,4,1,1,C104,discount,25,0
38,95300,Master,Married,0,email,6,Standard,275,1408.49,2,3,3,C104,discount,15,1
61,100900,Graduate,Married,2,social,8,Standard,168,1448.63,3,3,3,C104,discount,10,0
31,69300,Graduate,Single,0,direct_mail,3,Standard,317,1082.86,1,2,3,C101,bundle,0,0
18,83600,Graduate,Married,2,phone,6,Basic,340,813.8,1,3,2,C101,loyalty_points,0,0
18,117700,PhD,Single,0,phone,12,Premium,276,3631.6,2,5,5,C103,discount,20,0
74,54800,High School,Single,1,email,3,Basic,201,656.79,3,2,2,C103,loyalty_points,0,1
55,71100,Graduate,Single,2,phone,1,Basic,200,172.99,3,1,1,C103,discount,15,1
49,39300,Graduate,Married,2,social,0,Basic,303,0.0,1,1,1,C102,loyalty_points,0,0
36,64600,Graduate,Single,2,email,7,Standard,245,1298.67,2,3,3,C101,loyalty_points,0,0
45,54300,High School,Married,2,social,6,Basic,334,383.76,1,3,2,C101,free_shipping,0,0
56,108500,Graduate,Married,0,email,14,Standard,275,2146.9,2,5,4,C101,free_shipping,0,1
37,49700,High School,Single,0,phone,9,Basic,18,848.86,5,4,2,C104,bundle,0,1
50,89500,Graduate,Single,3,phone,4,Standard,113,904.39,4,2,3,C102,bundle,0,0
41,90100,Graduate,Single,0,social,12,Premium,349,3523.86,1,5,5,C104,discount,25,1
41,52400,Graduate,Married,1,phone,4,Basic,51,449.6,5,2,2,C103,loyalty_points,0,0
42,43500,High School,Divorced,1,social,2,Basic,213,439.2,3,1,2,C104,bundle,0,0
45,76100,Graduate,Married,1,phone,7,Basic,142,881.26,4,3,2,C104,bundle,0,1
24,58000,Graduate,Single,2,social,4,Basic,68,402.34,5,2,2,C103,loyalty_points,0,0
48,72300,Master,Single,0,direct_mail,5,Basic,216,799.6,3,2,2,C104,loyalty_points,0,0
34,71900,Graduate,Single,0,social,10,Standard,73,2070.45,4,4,4,C103,bundle,0,0
47,60200,Graduate,Single,1,social,2,Basic,311,245.71,1,1,1,C103,free_shipping,0,0
46,94400,Graduate,Single,3,social,9,Standard,36,2395.57,5,4,4,C104,discount,20,1
47,57200,High School,Married,0,email,5,Standard,243,1374.34,2,2,3,C104,bundle,0,0
38,59300,High School,Divorced,0,social,4,Basic,343,580.01,1,2,2,C101,discount,10,0
28,86300,PhD,Single,1,email,5,Basic,106,650.86,4,2,2,C104,bundle,0,1
50,87200,Master,Married,2,social,4,Basic,8,779.39,5,2,2,C101,bundle,0,0
55,88600,Graduate,Married,2,social,7,Standard,173,1035.65,3,3,3,C104,bundle,0,0
49,79700,Graduate,Single,0,direct_mail,5,Standard,273,1127.48,2,2,3,C104,discount,15,1
25,69500,High School,Married,0,email,8,Standard,280,1810.91,2,3,4,C102,loyalty_points,0,0
39,75300,Graduate,Single,2,direct_mail,6,Basic,134,585.84,4,3,2,C103,discount,15,0
61,89000,Graduate,Married,3,social,10,Standard,28,1944.83,5,4,4,C103,discount,20,1
38,51500,High School,Married,0,phone,3,Basic,353,472.74,1,2,2,C104,free_shipping,0,0
46,79700,Graduate,Married,2,social,6,Basic,189,727.51,3,3,2,C103,free_shipping,0,0
43,67200,Graduate,Widowed,0,social,3,Basic,360,421.23,1,2,2,C101,bundle,0,0
49,38600,High School,Divorced,1,phone,4,Basic,214,328.71,3,2,2,C102,free_shipping,0,0
54,98300,Master,Married,0,email,10,Standard,206,1891.81,3,4,4,C101,bundle,0,1
44,21600,High School,Single,1,phone,1,Basic,359,125.72,1,1,1,C104,bundle,0,0
34,35600,High School,Married,0,social,0,Basic,217,0.0,3,1,1,C102,free_shipping,0,0
60,90400,Master,Single,0,phone,6,Basic,105,484.33,4,3,2,C101,discount,10,1
53,87400,Graduate,Married,1,email,9,Premium,34,2594.98,5,4,4,C103,loyalty_points,0,1
56,63400,High School,Single,3,social,5,Standard,69,1441.22,5,2,3,C102,bundle,0,1
27,60500,High School,Single,1,email,6,Standard,264,1374.87,2,3,3,C103,loyalty_points,0,0
35,51900,Master,Divorced,1,direct_mail,7,Standard,110,1038.96,4,3,3,C102,loyalty_points,0,0
52,54200,High School,Married,2,email,6,Standard,331,900.02,1,3,3,C101,loyalty_points,0,1
43,80600,Graduate,Single,1,social,14,Standard,144,2250.43,4,5,4,C104,loyalty_points,0,1
47,99200,Graduate,Divorced,1,email,10,Standard,290,1745.48,2,4,3,C103,loyalty_points,0,1
55,58600,Graduate,Single,2,email,5,Standard,327,1825.86,1,2,4,C101,bundle,0,0
38,54300,Graduate,Divorced,3,direct_mail,7,Standard,168,1882.31,3,3,4,C101,loyalty_points,0,0
42,97400,Graduate,Single,1,phone,5,Standard,48,968.38,5,2,3,C101,discount,25,1
26,62300,High School,Married,2,phone,10,Basic,56,856.64,5,4,2,C102,discount,20,1
25,43200,Graduate,Single,0,phone,3,Basic,322,593.06,1,2,2,C102,loyalty_points,0,0
65,69200,Graduate,Married,1,email,5,Standard,12,995.37,5,2,3,C101,discount,25,1
43,39900,Graduate,Single,1,social,3,Basic,66,856.62,5,2,2,C104,discount,10,1
60,64400,Graduate,Single,0,email,4,Standard,190,1381.87,3,2,3,C104,free_shipping,0,1
47,77100,Master,Single,0,phone,8,Premium,161,2802.64,3,3,4,C104,loyalty_points,0,1
35,67500,Graduate,Married,0,email,6,Basic,89,812.43,4,3,2,C104,free_shipping,0,1
54,67800,High School,Married,0,phone,6,Standard,22,1085.0,5,3,3,C103,discount,10,1
29,33500,Graduate,Single,0,email,0,Basic,31,0.0,5,1,1,C104,bundle,0,0
46,52000,Master,Widowed,1,direct_mail,6,Basic,139,255.86,4,3,1,C104,discount,15,1
48,65600,Graduate,Divorced,0,social,8,Basic,175,578.89,3,3,2,C101,loyalty_points,0,0
48,70400,Graduate,Married,0,social,7,Standard,32,1689.2,5,3,3,C104,bundle,0,1
55,79400,High School,Single,1,direct_mail,4,Basic,201,733.55,3,2,2,C101,loyalty_points,0,0
55,97300,Master,Single,2,direct_mail,7,Basic,34,874.69,5,3,2,C104,bundle,0,0
25,100800,Master,Widowed,1,email,9,Standard,251,1202.66,2,4,3,C102,free_shipping,0,1
18,59900,Master,Divorced,2,social,9,Standard,329,2062.78,1,4,4,C104,loyalty_points,0,0
52,96400,Graduate,Married,0,phone,9,Standard,167,2212.65,3,4,4,C101,free_shipping,0,0
42,69800,High School,Married,0,email,4,Basic,187,654.65,3,2,2,C101,bundle,0,1
26,67400,Graduate,Single,0,email,3,Basic,361,464.57,1,2,2,C103,loyalty_points,0,0
45,40800,High School,Married,0,social,4,Basic,62,357.79,5,2,2,C101,bundle,0,1
56,114300,Master,Single,0,social,11,Premium,113,2859.44,4,4,4,C102,discount,15,1
53,114500,Graduate,Married,0,social,8,Standard,183,910.6,3,3,3,C103,bundle,0,0
31,61400,High School,Married,2,phone,6,Basic,276,821.39,2,3,2,C104,free_shipping,0,0
40,88600,Master,Married,0,direct_mail,8,Standard,104,1356.37,4,3,3,C103,bundle,0,0
39,59800,Graduate,Single,0,phone,6,Basic,278,554.77,2,3,2,C104,discount,15,0
48,80800,Master,Divorced,1,email,5,Basic,28,660.04,5,2,2,C102,loyalty_points,0,1
20,37200,Graduate,Married,0,email,1,Basic,297,153.8,1,1,1,C103,free_shipping,0,0
32,55500,High School,Single,0,email,3,Basic,186,277.14,3,2,1,C102,loyalty_points,0,1
48,43800,Graduate,Married,0,social,3,Basic,67,94.82,5,2,1,C102,free_shipping,0,1
52,64500,Graduate,Married,0,direct_mail,5,Basic,71,577.43,5,2,2,C103,free_shipping,0,0
64,95300,Graduate,Married,0,phone,6,Basic,54,815.58,5,3,2,C101,discount,15,0
68,112100,PhD,Married,1,email,8,Basic,142,362.76,4,3,2,C103,loyalty_points,0,1
40,76100,High School,Single,0,email,8,Basic,152,828.37,3,3,2,C104,bundle,0,1
56,105200,Master,Single,2,email,13,Standard,233,1275.2,2,5,3,C101,loyalty_points,0,1
59,72200,Master,Married,1,phone,5,Basic,146,676.43,3,2,2,C103,free_shipping,0,0
36,74100,Master,Single,0,social,9,Premium,365,3891.21,1,4,5,C101,discount,20,1
39,51800,Graduate,Married,0,direct_mail,5,Standard,300,1170.73,1,2,3,C102,bundle,0,0
53,76500,High School,Divorced,2,direct_mail,3,Basic,34,302.35,5,2,2,C101,loyalty_points,0,0
80,76600,High School,Single,0,social,6,Standard,231,1926.11,2,3,4,C101,bundle,0,0
36,74600,High School,Single,2,email,16,Standard,217,2091.84,3,5,4,C103,free_shipping,0,0
39,56600,Graduate,Single,0,email,5,Basic,236,215.03,2,2,1,C103,discount,10,1
36,35900,High School,Widowed,1,direct_mail,1,Basic,344,122.4,1,1,1,C103,discount,25,0
42,73000,High School,Married,0,email,1,Basic,70,93.03,5,1,1,C102,bundle,0,1
40,69600,Graduate,Single,0,social,6,Standard,274,1509.07,2,3,3,C104,free_shipping,0,0
46,63800,High School,Widowed,2,email,7,Standard,302,1017.64,1,3,3,C101,free_shipping,0,0
53,69400,High School,Single,3,email,7,Standard,242,2296.81,2,3,4,C101,discount,10,1
62,80700,Graduate,Single,1,email,4,Basic,127,351.54,4,2,2,C101,free_shipping,0,1
23,103600,PhD,Married,0,phone,8,Basic,30,899.02,5,3,2,C103,discount,10,1
39,62400,Master,Single,1,email,4,Standard,29,1571.24,5,2,3,C102,free_shipping,0,1
27,54200,Master,Married,1,phone,3,Standard,189,1098.97,3,2,3,C103,loyalty_points,0,0
47,92800,Graduate,Single,1,social,10,Standard,345,1268.93,1,4,3,C102,free_shipping,0,0
57,40100,High School,Married,1,social,1,Basic,18,84.02,5,1,1,C101,free_shipping,0,1
47,81700,High School,Single,1,email,9,Standard,289,1702.88,2,4,3,C103,free_shipping,0,1
43,66600,Graduate,Single,0,social,7,Premium,218,3514.23,3,3,5,C103,free_shipping,0,0
27,63800,Master,Divorced,0,direct_mail,6,Standard,47,1173.07,5,3,3,C101,free_shipping,0,0
29,32300,High School,Married,0,email,3,Basic,38,512.76,5,2,2,C104,loyalty_points,0,1
47,73200,Graduate,Married,2,email,5,Basic,61,762.18,5,2,2,C104,discount,15,1
54,68500,Graduate,Single,1,social,5,Basic,161,835.46,3,2,2,C103,discount,25,0
27,33000,High School,Single,0,phone,1,Basic,100,341.51,4,1,2,C104,discount,20,0
30,104100,PhD,Married,0,direct_mail,8,Premium,115,2996.36,4,3,4,C101,loyalty_points,0,0
18,88300,Graduate,Widowed,0,email,6,Basic,161,557.17,3,3,2,C103,bundle,0,1
47,63000,High School,Divorced,2,direct_mail,8,Standard,348,2470.29,1,3,4,C102,loyalty_points,0,0
44,67600,Graduate,Married,0,email,9,Standard,252,1141.87,2,4,3,C104,bundle,0,0
27,35400,Graduate,Married,0,email,5,Basic,17,525.38,5,2,2,C102,bundle,0,1
49,101600,Graduate,Single,0,direct_mail,7,Standard,38,984.77,5,3,3,C104,discount,10,1
38,68700,Graduate,Single,0,email,6,Basic,18,602.49,5,3,2,C103,loyalty_points,0,1
32,32300,High School,Single,1,direct_mail,4,Standard,240,990.17,2,2,3,C104,discount,20,0
37,71600,Graduate,Married,3,email,6,Basic,23,469.06,5,3,2,C102,loyalty_points,0,1
48,86200,Graduate,Single,0,social,8,Standard,281,1431.17,2,3,3,C101,loyalty_points,0,0
47,59900,Graduate,Single,0,direct_mail,4,Standard,250,1069.93,2,2,3,C104,free_shipping,0,1
30,45900,High School,Divorced,0,email,3,Basic,151,495.24,3,2,2,C104,discount,15,1
58,72200,Graduate,Married,1,phone,5,Basic,102,822.92,4,2,2,C104,discount,20,1
43,83900,Graduate,Single,2,direct_mail,9,Basic,214,364.67,3,4,2,C104,free_shipping,0,0
54,54000,High School,Single,0,email,1,Basic,4,118.19,5,1,1,C103,bundle,0,1
49,78800,Graduate,Single,0,email,7,Basic,236,415.3,2,3,2,C102,discount,20,0
26,44300,Master,Married,0,direct_mail,2,Standard,330,939.1,1,1,3,C104,free_shipping,0,0
36,86700,Graduate,Widowed,0,email,9,Standard,236,2291.32,2,4,4,C104,free_shipping,0,0
60,42300,High School,Single,1,email,9,Basic,176,299.75,3,4,1,C102,bundle,0,0
31,60700,High School,Married,1,email,5,Basic,253,638.29,2,2,2,C104,discount,10,0
59,36600,High School,Single,0,social,3,Basic,252,480.73,2,2,2,C101,loyalty_points,0,0
34,55200,High School,Divorced,1,email,3,Basic,4,304.35,5,2,2,C102,loyalty_points,0,1
20,51800,High School,Married,3,email,4,Basic,276,630.6,2,2,2,C103,discount,20,0
46,94800,Master,Married,0,email,7,Standard,178,1296.86,3,3,3,C103,discount,10,1
65,61000,Graduate,Single,2,social,4,Basic,264,512.14,2,2,2,C101,free_shipping,0,0
46,101000,Master,Divorced,0,email,8,Basic,101,711.18,4,3,2,C104,free_shipping,0,1
33,77900,Graduate,Single,2,email,4,Basic,247,707.02,2,2,2,C101,loyalty_points,0,1
58,111900,PhD,Married,1,email,11,Premium,141,2510.71,4,4,4,C102,discount,15,1
33,56000,Graduate,Single,2,email,2,Basic,189,312.91,3,1,2,C104,discount,15,1
56,89600,Graduate,Married,0,email,9,Basic,49,863.1,5,4,2,C101,free_shipping,0,1
18,50800,Graduate,Married,0,social,4,Basic,11,265.13,5,2,1,C103,free_shipping,0,1
61,108000,Master,Divorced,0,social,5,Basic,256,350.7,2,2,2,C103,loyalty_points,0,0
49,80000,Graduate,Married,0,social,7,Standard,156,1176.3,3,3,3,C104,discount,15,0
54,74800,Graduate,Married,1,phone,10,Standard,77,2288.11,4,4,4,C104,free_shipping,0,1
65,88800,Graduate,Married,0,email,12,Standard,242,2427.1,2,5,4,C101,free_shipping,0,1
27,71000,Graduate,Divorced,0,email,2,Basic,89,514.58,4,1,2,C103,free_shipping,0,0
29,30300,High School,Divorced,2,email,4,Basic,116,511.85,4,2,2,C101,bundle,0,0
65,74200,High School,Married,0,phone,9,Standard,130,1763.11,4,4,3,C102,loyalty_points,0,0
62,102600,Master,Married,0,social,8,Standard,70,1271.6,5,3,3,C104,discount,10,1
49,51000,High School,Married,1,email,3,Standard,181,1008.26,3,2,3,C101,free_shipping,0,1
32,64300,PhD,Single,2,phone,7,Standard,37,1573.71,5,3,3,C102,bundle,0,1
46,50100,High School,Married,0,email,6,Standard,217,1591.96,3,3,3,C103,bundle,0,1
31,60500,Graduate,Married,1,direct_mail,1,Basic,30,83.93,5,1,1,C104,loyalty_points,0,1
43,78400,High School,Divorced,0,direct_mail,3,Basic,51,230.4,5,2,1,C101,loyalty_points,0,0
51,72100,Graduate,Married,1,phone,5,Basic,245,553.43,2,2,2,C103,free_shipping,0,0
60,60200,High School,Divorced,3,social,2,Basic,277,339.8,2,1,2,C101,bundle,0,0
61,87300,Master,Divorced,2,phone,7,Standard,26,1244.37,5,3,3,C104,free_shipping,0,1
66,89200,High School,Single,2,email,12,Premium,225,3719.15,2,5,5,C104,loyalty_points,0,0
57,99000,High School,Married,0,email,8,Standard,107,2313.99,4,3,4,C102,loyalty_points,0,1
57,54700,High School,Single,2,phone,4,Basic,69,804.09,5,2,2,C104,free_shipping,0,1
46,44800,Graduate,Divorced,0,email,2,Basic,250,282.88,2,1,1,C103,loyalty_points,0,0
25,52700,Master,Single,0,direct_mail,5,Standard,1,1465.05,5,2,3,C102,discount,15,0
28,47700,Graduate,Single,2,direct_mail,4,Standard,305,1523.95,1,2,3,C102,free_shipping,0,0
44,70500,PhD,Single,1,direct_mail,8,Standard,303,1309.2,1,3,3,C104,discount,15,0
34,101100,Graduate,Married,2,email,9,Standard,301,2027.05,1,4,4,C102,free_shipping,0,1
51,112300,PhD,Married,2,phone,12,Standard,89,977.2,4,5,3,C103,bundle,0,1
35,81800,High School,Married,0,email,4,Standard,185,935.95,3,2,3,C104,free_shipping,0,1
31,73700,Graduate,Married,0,email,8,Standard,175,1082.31,3,3,3,C103,discount,25,1
68,83300,Graduate,Single,0,direct_mail,3,Basic,155,348.3,3,2,2,C104,bundle,0,0
52,79100,Graduate,Widowed,0,email,10,Standard,243,1537.18,2,4,3,C101,bundle,0,0
21,63500,Master,Married,2,email,9,Standard,128,2080.97,4,4,4,C101,discount,25,1
72,107800,Master,Married,0,social,13,Standard,139,2043.04,4,5,4,C104,free_shipping,0,1
22,61100,Graduate,Married,1,direct_mail,3,Basic,123,560.68,4,2,2,C101,bundle,0,0
50,57200,High School,Married,1,phone,2,Basic,356,245.94,1,1,1,C103,discount,10,0
43,78800,PhD,Married,2,email,11,Premium,113,3788.72,4,4,5,C102,loyalty_points,0,1
59,60500,High School,Married,1,social,3,Basic,344,822.33,1,2,2,C104,bundle,0,0
39,77900,Master,Married,0,social,9,Basic,43,757.7,5,4,2,C102,bundle,0,1
38,94200,Master,Married,1,email,14,Standard,216,1954.79,3,5,4,C103,bundle,0,0
31,73200,Master,Widowed,3,phone,3,Basic,153,562.09,3,2,2,C104,bundle,0,0
25,88300,Master,Widowed,1,email,9,Premium,47,3628.0,5,4,5,C104,loyalty_points,0,1
27,71100,Master,Widowed,2,direct_mail,11,Premium,22,4049.22,5,4,5,C104,free_shipping,0,1
63,70700,Graduate,Married,0,email,6,Basic,318,853.2,1,3,2,C102,loyalty_points,0,0
50,82400,Master,Single,1,email,8,Basic,52,833.82,5,3,2,C103,discount,15,1
66,76400,Graduate,Widowed,0,email,8,Premium,333,2957.83,1,3,4,C104,discount,20,0
71,59400,Graduate,Widowed,0,social,6,Standard,116,1282.21,4,3,3,C103,bundle,0,0
57,101200,PhD,Married,0,phone,7,Standard,32,1596.1,5,3,3,C101,discount,20,1
28,60300,Master,Married,0,email,4,Basic,136,569.09,4,2,2,C104,bundle,0,1
46,71800,Master,Single,0,social,0,Basic,361,0.0,1,1,1,C103,discount,20,0
33,64000,High School,Single,0,email,4,Basic,333,644.12,1,2,2,C101,free_shipping,0,0
43,89500,Master,Single,0,email,8,Standard,35,905.39,5,3,3,C104,bundle,0,0
23,61500,High School,Married,1,email,3,Basic,259,463.98,2,2,2,C102,bundle,0,0
29,88900,Graduate,Single,0,direct_mail,6,Basic,319,479.96,1,3,2,C104,discount,25,0
51,88600,Graduate,Single,2,email,11,Standard,132,1308.03,4,4,3,C102,bundle,0,0
40,85200,Master,Married,1,social,5,Standard,44,1011.76,5,2,3,C101,bundle,0,1
48,53300,Graduate,Married,3,social,1,Basic,243,128.88,2,1,1,C101,bundle,0,0
43,69300,High School,Single,0,phone,5,Standard,160,1526.11,3,2,3,C102,discount,20,1
18,62700,Master,Married,2,phone,6,Standard,86,1342.58,4,3,3,C101,bundle,0,0
49,63100,High School,Single,0,email,8,Standard,39,1630.96,5,3,3,C104,bundle,0,1
32,90200,Graduate,Widowed,2,direct_mail,13,Standard,280,1920.59,2,5,4,C103,discount,15,0
34,88700,High School,Married,1,social,7,Standard,46,1066.73,5,3,3,C104,bundle,0,1
35,59900,Graduate,Married,0,social,5,Basic,28,248.68,5,2,1,C101,free_shipping,0,0
32,51200,High School,Married,1,social,7,Standard,85,945.71,4,3,3,C102,loyalty_points,0,1
41,86000,Master,Married,3,social,3,Standard,201,1249.42,3,2,3,C102,free_shipping,0,0
54,60200,High School,Divorced,2,email,4,Basic,322,552.38,1,2,2,C102,loyalty_points,0,0
29,57300,High School,Single,0,email,4,Basic,105,471.12,4,2,2,C104,discount,10,1
56,105800,PhD,Single,3,direct_mail,10,Standard,84,1308.57,4,4,3,C102,loyalty_points,0,0
33,83300,Master,Married,3,phone,9,Standard,149,1255.86,3,4,3,C103,discount,10,0
32,36300,Graduate,Married,2,social,1,Basic,161,142.63,3,1,1,C101,discount,10,1
22,38300,High School,Married,0,direct_mail,4,Basic,158,119.34,3,2,1,C102,bundle,0,1
56,82800,Graduate,Single,0,email,10,Standard,319,1102.27,1,4,3,C101,bundle,0,0
23,35100,High School,Married,0,direct_mail,5,Basic,308,502.44,1,2,2,C101,bundle,0,0
36,93900,Master,Married,0,direct_mail,12,Premium,126,3614.66,4,5,5,C101,free_shipping,0,1
19,67300,High School,Married,0,social,6,Basic,232,403.54,2,3,2,C104,loyalty_points,0,0
30,29700,Graduate,Married,2,email,2,Basic,270,417.14,2,1,2,C103,free_shipping,0,0
53,70700,PhD,Married,0,social,6,Standard,40,1312.72,5,3,3,C103,discount,15,1
41,68900,Graduate,Married,0,email,2,Standard,205,987.06,3,1,3,C101,loyalty_points,0,1
29,60400,Master,Single,0,phone,10,Standard,217,2314.96,3,4,4,C104,bundle,0,0
31,44200,High School,Married,1,phone,4,Standard,71,993.21,5,2,3,C101,discount,20,1
33,85100,PhD,Married,0,direct_mail,8,Standard,236,2370.3,2,3,4,C103,loyalty_points,0,0
30,68500,Graduate,Married,0,phone,6,Standard,268,943.38,2,3,3,C102,discount,20,0
41,49600,High School,Married,0,social,5,Basic,326,632.77,1,2,2,C101,free_shipping,0,0
31,73900,Master,Married,1,phone,7,Standard,357,1489.74,1,3,3,C102,loyalty_points,0,0
43,82800,Graduate,Married,1,phone,10,Standard,319,1846.32,1,4,4,C103,loyalty_points,0,0
37,42600,Graduate,Divorced,0,social,7,Standard,40,1068.48,5,3,3,C101,loyalty_points,0,1
49,84200,High School,Married,2,direct_mail,13,Standard,343,1920.01,1,5,4,C103,bundle,0,0
28,52800,Graduate,Single,1,email,4,Basic,276,411.29,2,2,2,C101,discount,15,0
57,76700,High School,Married,2,direct_mail,3,Basic,106,327.91,4,2,2,C104,loyalty_points,0,0
26,63700,Graduate,Married,0,phone,9,Premium,280,2930.96,2,4,4,C103,discount,20,0
57,80100,PhD,Married,2,email,6,Standard,42,973.98,5,3,3,C102,loyalty_points,0,1
52,117800,PhD,Married,0,direct_mail,11,Premium,25,2548.44,5,4,4,C102,free_shipping,0,1
38,81300,PhD,Single,0,direct_mail,4,Standard,140,1034.16,4,2,3,C104,discount,10,0
39,61000,Graduate,Single,2,phone,8,Standard,126,1388.39,4,3,3,C104,free_shipping,0,1
38,65500,Graduate,Married,0,email,7,Basic,52,226.46,5,3,1,C104,loyalty_points,0,1
49,48400,High School,Divorced,0,phone,3,Basic,336,555.97,1,2,2,C101,free_shipping,0,0
45,84700,Graduate,Single,0,email,9,Standard,183,1102.08,3,4,3,C103,discount,25,1
46,77100,Master,Widowed,3,email,6,Standard,169,1112.02,3,3,3,C103,free_shipping,0,1
58,46700,High School,Single,2,social,3,Basic,2,572.3,5,2,2,C104,discount,25,1
44,37700,High School,Divorced,0,email,2,Basic,183,562.66,3,1,2,C102,free_shipping,0,0
18,51300,Graduate,Single,1,email,8,Basic,306,805.15,1,3,2,C103,bundle,0,0
31,104200,Graduate,Divorced,2,email,8,Basic,184,493.05,3,3,2,C103,bundle,0,0
18,61700,Graduate,Single,0,email,2,Basic,60,359.11,5,1,2,C101,bundle,0,1
60,69200,Graduate,Married,0,email,14,Premium,107,4113.12,4,5,5,C103,bundle,0,1
36,49500,Graduate,Widowed,0,phone,1,Basic,92,157.6,4,1,1,C102,free_shipping,0,0
37,93300,Graduate,Single,0,email,3,Standard,246,1244.29,2,2,3,C103,loyalty_points,0,0
49,43300,High School,Single,0,phone,4,Basic,235,824.74,2,2,2,C102,discount,25,0
41,77800,High School,Married,0,direct_mail,5,Basic,51,494.91,5,2,2,C103,bundle,0,0
25,61300,PhD,Widowed,3,social,1,Basic,294,51.5,1,1,1,C102,free_shipping,0,0
50,75900,Graduate,Married,1,email,6,Standard,338,1383.39,1,3,3,C103,discount,20,0
50,65100,High School,Single,0,direct_mail,6,Basic,181,793.84,3,3,2,C102,discount,15,0
32,62300,Graduate,Married,0,phone,5,Standard,234,929.97,2,2,3,C103,loyalty_points,0,0
54,47600,High School,Widowed,1,email,3,Basic,340,649.84,1,2,2,C103,discount,20,1
48,66800,High School,Married,0,email,5,Basic,300,329.87,1,2,2,C103,discount,25,1
49,74000,Graduate,Married,1,social,4,Basic,206,859.73,3,2,2,C104,loyalty_points,0,0
40,96200,High School,Single,0,phone,9,Premium,298,3244.17,1,4,5,C103,loyalty_points,0,0
44,84100,Graduate,Married,0,email,7,Standard,355,1407.33,1,3,3,C101,bundle,0,0
38,88700,Master,Single,0,email,8,Standard,220,1077.5,2,3,3,C104,discount,25,1
33,89100,Graduate,Married,1,email,6,Standard,67,1112.79,5,3,3,C102,loyalty_points,0,0
26,65100,High School,Single,0,email,4,Basic,240,721.27,2,2,2,C104,bundle,0,0
29,58000,Graduate,Divorced,0,social,7,Basic,346,368.52,1,3,2,C103,free_shipping,0,0
50,89300,Graduate,Married,0,social,6,Basic,328,362.78,1,3,2,C101,loyalty_points,0,0
35,83200,Master,Married,2,email,8,Standard,355,1759.7,1,3,3,C101,loyalty_points,0,0
45,65900,Graduate,Single,0,social,6,Standard,344,1360.85,1,3,3,C103,discount,20,0
32,96300,Master,Married,1,email,10,Standard,181,1291.43,3,4,3,C102,bundle,0,0
37,54500,Graduate,Married,0,social,5,Basic,92,526.97,4,2,2,C102,bundle,0,1
54,91200,Graduate,Divorced,0,social,7,Standard,131,1311.54,4,3,3,C103,loyalty_points,0,0
27,80600,Master,Divorced,1,email,8,Basic,333,863.42,1,3,2,C101,discount,15,1
46,85300,Master,Single,0,email,8,Standard,253,1478.57,2,3,3,C101,free_shipping,0,0
45,86100,PhD,Single,1,email,1,Basic,360,243.49,1,1,1,C103,free_shipping,0,0
37,61100,High School,Married,0,email,3,Standard,343,977.88,1,2,3,C103,loyalty_points,0,0
48,92700,Master,Married,3,phone,5,Standard,102,1155.08,4,2,3,C104,free_shipping,0,0
18,70000,Graduate,Married,0,email,9,Standard,102,1580.77,4,4,3,C104,bundle,0,1
45,71700,Graduate,Married,2,social,8,Basic,254,465.82,2,3,2,C104,discount,20,0
45,68300,High School,Single,1,phone,7,Basic,77,674.97,4,3,2,C102,bundle,0,1
30,28700,Graduate,Widowed,2,email,2,Basic,175,169.7,3,1,1,C104,bundle,0,0
40,75300,High School,Married,2,social,7,Basic,323,720.1,1,3,2,C102,bundle,0,0
26,72300,Master,Divorced,1,social,7,Standard,113,1418.17,4,3,3,C103,bundle,0,1
47,69100,Graduate,Divorced,3,email,7,Standard,161,1074.44,3,3,3,C104,free_shipping,0,1
35,97900,Graduate,Divorced,0,phone,11,Standard,206,1868.63,3,4,4,C102,bundle,0,0
61,62600,High School,Divorced,0,phone,5,Basic,213,440.19,3,2,2,C102,free_shipping,0,1
43,62200,High School,Divorced,0,social,11,Standard,113,2093.38,4,4,4,C102,discount,15,1
54,93100,Master,Single,1,social,8,Standard,351,1067.18,1,3,3,C101,discount,10,0
49,70600,High School,Married,0,social,4,Basic,318,780.26,1,2,2,C101,free_shipping,0,0
61,77400,Master,Single,1,social,6,Standard,21,1068.06,5,3,3,C103,free_shipping,0,1
38,54700,High School,Single,0,direct_mail,6,Basic,186,490.31,3,3,2,C101,loyalty_points,0,0
47,78800,Graduate,Single,0,email,4,Standard,4,1225.44,5,2,3,C104,discount,15,1
29,56200,High School,Single,0,social,2,Basic,15,270.0,5,1,1,C101,loyalty_points,0,0
63,79100,High School,Married,2,phone,6,Basic,79,674.84,4,3,2,C103,discount,15,1
28,72100,Graduate,Single,1,social,6,Basic,291,840.05,2,3,2,C101,bundle,0,0
34,116700,Master,Single,1,email,15,Basic,344,592.8,1,5,2,C101,bundle,0,0
42,65400,Graduate,Divorced,1,direct_mail,9,Standard,334,1365.69,1,4,3,C103,loyalty_points,0,0
62,87600,Graduate,Married,0,email,9,Standard,262,1282.72,2,4,3,C101,loyalty_points,0,0
63,109500,PhD,Single,0,social,15,Premium,244,2777.94,2,5,4,C102,discount,10,0
59,47200,High School,Married,2,email,4,Standard,78,1632.67,4,2,3,C103,free_shipping,0,1
25,59700,High School,Single,2,phone,5,Standard,27,981.84,5,2,3,C101,bundle,0,0
65,47100,High School,Single,3,email,3,Basic,312,484.69,1,2,2,C104,discount,10,0
54,89600,Graduate,Married,1,direct_mail,1,Basic,287,276.27,2,1,1,C101,free_shipping,0,0
53,73100,Master,Married,1,email,0,Basic,273,0.0,2,1,1,C102,loyalty_points,0,0
30,68900,Graduate,Single,1,email,6,Standard,146,1116.11,3,3,3,C104,bundle,0,1
58,73400,Graduate,Married,2,direct_mail,5,Standard,104,1435.19,4,2,3,C102,bundle,0,1
31,25700,High School,Single,1,email,4,Basic,44,551.49,5,2,2,C102,loyalty_points,0,1
32,33700,High School,Single,1,social,0,Basic,116,0.0,4,1,1,C104,loyalty_points,0,1
58,53200,Master,Married,3,phone,3,Basic,103,323.75,4,2,2,C101,loyalty_points,0,1
22,59800,High School,Divorced,0,email,4,Basic,228,516.54,2,2,2,C101,discount,20,1
49,98200,PhD,Divorced,0,phone,11,Standard,133,1988.47,4,4,4,C101,bundle,0,1
58,54500,High School,Married,1,social,4,Basic,194,582.69,3,2,2,C104,bundle,0,0
34,48600,Master,Married,2,email,5,Basic,19,358.8,5,2,2,C104,free_shipping,0,1
42,99500,Master,Single,2,social,10,Premium,81,2610.01,4,4,4,C103,loyalty_points,0,0
34,62800,Graduate,Divorced,1,social,6,Basic,255,828.94,2,3,2,C103,bundle,0,1
36,105900,Master,Divorced,0,email,8,Standard,353,1761.5,1,3,3,C104,loyalty_points,0,0
56,90400,Graduate,Married,0,direct_mail,12,Standard,171,1645.83,3,5,3,C102,discount,25,0
37,88700,High School,Divorced,3,email,8,Standard,66,1260.55,5,3,3,C101,bundle,0,1
28,57000,Graduate,Single,0,phone,8,Standard,100,1078.0,4,3,3,C104,free_shipping,0,0
53,76200,High School,Married,2,email,2,Basic,351,668.77,1,1,2,C101,discount,15,0
71,60000,High School,Married,1,direct_mail,9,Standard,156,1622.46,3,4,3,C101,loyalty_points,0,1
69,89600,Master,Single,0,direct_mail,10,Standard,206,1752.3,3,4,3,C102,discount,20,1
47,78800,High School,Divorced,2,phone,9,Standard,186,968.28,3,4,3,C103,bundle,0,1
62,64800,Graduate,Single,0,social,9,Standard,200,1450.1,3,4,3,C104,free_shipping,0,1
33,60600,Master,Married,1,email,5,Basic,69,694.09,5,2,2,C104,free_shipping,0,1
40,88500,Graduate,Married,0,email,12,Standard,167,1157.36,3,5,3,C102,free_shipping,0,1
23,49900,Graduate,Married,0,social,6,Standard,36,1781.25,5,3,3,C104,discount,25,1
23,76300,Graduate,Divorced,1,email,6,Standard,250,1085.32,2,3,3,C103,free_shipping,0,1
45,80000,Graduate,Single,0,email,5,Basic,202,116.81,3,2,1,C104,bundle,0,1
50,70700,Master,Single,1,direct_mail,4,Standard,200,1588.7,3,2,3,C103,free_shipping,0,1
53,103200,Master,Single,1,email,10,Basic,102,342.47,4,4,2,C103,bundle,0,1
27,68600,Graduate,Single,2,email,4,Basic,222,659.34,2,2,2,C103,bundle,0,0
59,57300,High School,Married,0,social,3,Basic,303,572.94,1,2,2,C101,bundle,0,0
35,78900,Graduate,Single,0,email,2,Basic,285,897.2,2,1,2,C103,loyalty_points,0,0
22,46800,Graduate,Single,0,direct_mail,5,Basic,123,825.24,4,2,2,C104,loyalty_points,0,0
33,69500,Graduate,Married,2,phone,9,Premium,112,2533.15,4,4,4,C103,free_shipping,0,1
50,84800,Graduate,Divorced,1,social,2,Basic,232,245.37,2,1,1,C103,loyalty_points,0,0
43,67000,Graduate,Married,1,social,4,Basic,225,625.05,2,2,2,C104,bundle,0,0
64,64700,High School,Single,2,social,3,Basic,317,598.89,1,2,2,C104,discount,10,0
40,112700,PhD,Single,2,direct_mail,5,Standard,300,1000.65,1,2,3,C103,loyalty_points,0,0
38,76300,Master,Married,0,social,6,Standard,129,1489.82,4,3,3,C101,loyalty_points,0,1
24,36300,High School,Married,1,social,3,Basic,157,269.62,3,2,1,C104,discount,15,0
40,54000,High School,Married,0,email,4,Basic,111,320.25,4,2,2,C101,loyalty_points,0,0
72,68600,Graduate,Divorced,2,email,8,Standard,155,1881.7,3,3,4,C104,discount,15,1
42,100400,Graduate,Married,2,email,2,Basic,126,216.34,4,1,1,C103,loyalty_points,0,0
54,46800,High School,Married,1,direct_mail,5,Standard,107,954.66,4,2,3,C104,free_shipping,0,0
32,79700,Graduate,Married,2,phone,7,Basic,309,630.21,1,3,2,C103,discount,10,0
63,89300,Graduate,Single,2,email,9,Standard,232,908.18,2,4,3,C103,bundle,0,0
50,108300,Graduate,Married,3,social,12,Premium,297,3120.57,1,5,5,C102,bundle,0,0
49,71700,Graduate,Single,2,email,6,Standard,289,962.56,2,3,3,C101,discount,20,0
64,95700,Graduate,Married,1,email,9,Standard,195,1187.95,3,4,3,C104,free_shipping,0,0
42,70400,High School,Single,1,direct_mail,3,Basic,81,722.59,4,2,2,C102,bundle,0,0
34,46000,Graduate,Single,0,email,6,Basic,246,637.48,2,3,2,C101,free_shipping,0,0
79,82500,High School,Single,1,phone,5,Basic,63,825.59,5,2,2,C104,free_shipping,0,1
51,97700,Graduate,Single,1,phone,2,Basic,55,332.35,5,1,2,C103,bundle,0,0
51,103300,Master,Single,0,email,7,Basic,218,753.12,3,3,2,C101,bundle,0,0
35,80500,Graduate,Divorced,0,email,5,Basic,149,584.89,3,2,2,C101,discount,15,1
40,85800,Graduate,Married,2,email,3,Basic,165,622.92,3,2,2,C102,bundle,0,0
43,46900,Graduate,Married,2,direct_mail,3,Basic,75,637.45,4,2,2,C104,bundle,0,0
47,91400,Graduate,Married,0,direct_mail,9,Standard,148,1548.28,3,4,3,C103,loyalty_points,0,0
23,107800,Graduate,Single,0,email,9,Premium,346,3345.82,1,4,5,C104,loyalty_points,0,1
18,42200,Graduate,Married,0,direct_mail,2,Basic,250,236.35,2,1,1,C103,free_shipping,0,0
54,85000,Master,Married,1,direct_mail,9,Premium,176,2965.72,3,4,4,C102,loyalty_points,0,0
50,93300,Graduate,Married,1,direct_mail,8,Standard,124,1485.06,4,3,3,C101,bundle,0,0
28,74100,Graduate,Married,2,email,7,Standard,209,1263.1,3,3,3,C104,loyalty_points,0,0
34,64900,Master,Married,1,email,5,Basic,11,723.47,5,2,2,C101,bundle,0,1
43,49400,Graduate,Married,0,email,3,Basic,129,314.0,4,2,2,C102,bundle,0,1
60,70000,Master,Married,1,email,0,Basic,274,0.0,2,1,1,C104,loyalty_points,0,0
61,89300,Master,Single,1,phone,9,Standard,112,1402.74,4,4,3,C101,loyalty_points,0,1
33,85200,Master,Married,1,social,8,Premium,175,2510.75,3,3,4,C101,bundle,0,1
56,79200,Graduate,Married,0,direct_mail,9,Standard,81,1934.69,4,4,4,C101,free_shipping,0,1
45,90500,Graduate,Married,0,email,9,Standard,79,1212.21,4,4,3,C101,loyalty_points,0,1
30,73800,Graduate,Single,0,social,10,Standard,54,1334.08,5,4,3,C104,discount,10,1
27,45500,High School,Single,0,direct_mail,7,Standard,326,1783.4,1,3,3,C103,loyalty_points,0,0
40,91700,Graduate,Single,1,phone,7,Basic,298,476.2,1,3,2,C101,loyalty_points,0,0
44,84700,Graduate,Married,0,direct_mail,5,Standard,132,924.51,4,2,3,C102,bundle,0,0
45,71600,Graduate,Single,0,direct_mail,5,Standard,198,1367.05,3,2,3,C102,bundle,0,1
50,83000,Graduate,Married,0,phone,9,Basic,200,761.88,3,4,2,C102,bundle,0,0
43,48600,High School,Married,0,email,6,Standard,259,1411.42,2,3,3,C101,discount,25,1
55,70100,Master,Married,0,phone,2,Basic,200,135.09,3,1,1,C102,bundle,0,1
36,56700,Graduate,Married,1,social,4,Standard,84,1646.73,4,2,3,C104,bundle,0,0
28,63200,Graduate,Widowed,2,phone,5,Standard,144,1653.54,4,2,3,C103,loyalty_points,0,0
48,63400,High School,Married,0,email,5,Basic,279,724.36,2,2,2,C101,bundle,0,0
37,83500,Graduate,Married,2,email,11,Standard,205,1251.24,3,4,3,C101,discount,20,1
41,64000,High School,Widowed,0,email,4,Basic,276,560.42,2,2,2,C104,discount,10,0
51,83700,Master,Single,3,social,10,Basic,19,826.06,5,4,2,C103,bundle,0,1
40,103900,Graduate,Divorced,1,direct_mail,5,Basic,6,771.42,5,2,2,C104,discount,25,1
53,92800,Graduate,Single,1,social,14,Standard,100,2278.62,4,5,4,C103,bundle,0,1
45,69500,Graduate,Married,1,social,7,Basic,55,888.99,5,3,2,C104,bundle,0,1
45,61800,Graduate,Single,1,social,7,Standard,318,2292.44,1,3,4,C104,loyalty_points,0,0
58,90200,Master,Married,0,phone,13,Standard,296,1484.18,1,5,3,C102,free_shipping,0,0
36,66400,Graduate,Single,1,direct_mail,7,Standard,45,1378.6,5,3,3,C104,discount,25,1
55,58200,High School,Divorced,0,email,7,Standard,49,1761.06,5,3,3,C101,bundle,0,1
61,89200,Master,Married,0,social,6,Standard,148,1014.35,3,3,3,C102,loyalty_points,0,0
57,100000,PhD,Married,0,social,4,Basic,327,576.66,1,2,2,C101,loyalty_points,0,0
66,53900,High School,Married,0,phone,2,Basic,147,205.92,3,1,1,C104,bundle,0,0
47,62600,Graduate,Married,1,phone,6,Basic,6,443.35,5,3,2,C103,free_shipping,0,1
56,76400,High School,Married,0,email,9,Standard,142,1618.16,4,4,3,C102,free_shipping,0,1
37,33600,Graduate,Divorced,0,email,1,Basic,321,52.61,1,1,1,C102,free_shipping,0,0
61,74900,Graduate,Married,0,phone,8,Standard,210,1405.11,3,3,3,C101,discount,20,1
42,61600,High School,Single,3,social,1,Basic,77,186.69,4,1,1,C104,free_shipping,0,0
45,62500,High School,Single,1,direct_mail,2,Basic,40,435.6,5,1,2,C103,free_shipping,0,0
24,78900,PhD,Single,0,email,6,Standard,115,1865.63,4,3,4,C101,free_shipping,0,1
44,57800,Graduate,Single,0,email,3,Basic,154,430.74,3,2,2,C103,bundle,0,0
32,94300,Graduate,Married,0,social,9,Standard,51,1278.11,5,4,3,C103,free_shipping,0,1
23,63400,High School,Married,2,direct_mail,3,Basic,101,140.28,4,2,1,C102,free_shipping,0,0
48,53900,High School,Married,0,phone,2,Basic,242,465.43,2,1,2,C103,free_shipping,0,0
44,63800,Graduate,Single,1,email,4,Basic,106,438.4,4,2,2,C102,bundle,0,1
40,89900,High School,Widowed,1,social,6,Standard,5,901.4,5,3,3,C101,loyalty_points,0,1
25,40800,Graduate,Married,0,phone,2,Basic,286,404.16,2,1,2,C101,discount,15,0
46,79300,Graduate,Married,2,email,9,Standard,152,2432.51,3,4,4,C103,loyalty_points,0,1
51,15600,High School,Single,0,social,1,Basic,345,112.42,1,1,1,C104,discount,25,0
18,69000,Graduate,Single,1,social,6,Standard,99,1335.45,4,3,3,C104,discount,15,1
51,78100,Graduate,Single,0,phone,8,Premium,207,3612.64,3,3,5,C101,discount,20,1
48,75000,Graduate,Widowed,2,direct_mail,8,Standard,242,1316.05,2,3,3,C102,discount,15,0
26,69800,Graduate,Married,0,direct_mail,6,Basic,95,452.24,4,3,2,C101,bundle,0,0
51,70700,High School,Single,1,email,6,Standard,350,1213.59,1,3,3,C101,loyalty_points,0,0
38,75600,Graduate,Married,0,email,6,Standard,161,2380.81,3,3,4,C104,bundle,0,0
49,58200,Graduate,Single,1,social,4,Basic,4,807.5,5,2,2,C101,free_shipping,0,1
59,54000,High School,Single,2,email,5,Standard,74,1120.18,4,2,3,C101,free_shipping,0,1
53,31700,Master,Married,0,email,1,Basic,355,74.95,1,1,1,C102,loyalty_points,0,0
18,71500,Graduate,Single,2,direct_mail,3,Basic,217,144.37,3,2,1,C103,discount,20,0
35,80800,Graduate,Single,2,direct_mail,9,Basic,117,892.48,4,4,2,C101,bundle,0,0
39,45100,High School,Married,2,email,2,Basic,191,257.1,3,1,1,C104,bundle,0,0
45,65400,Graduate,Single,0,social,9,Standard,121,1478.22,4,4,3,C101,free_shipping,0,1
35,78600,Master,Single,1,phone,7,Standard,304,1590.49,1,3,3,C102,discount,20,0
48,77200,High School,Divorced,0,email,5,Standard,293,1158.88,1,2,3,C101,bundle,0,1
38,108400,Master,Married,1,phone,9,Standard,7,1372.99,5,4,3,C104,discount,10,1
67,70500,Graduate,Married,0,social,3,Basic,269,476.48,2,2,2,C102,free_shipping,0,0
36,78500,Master,Single,3,direct_mail,10,Premium,219,2950.48,2,4,4,C102,free_shipping,0,0
63,93400,Graduate,Single,2,direct_mail,7,Standard,75,1148.13,4,3,3,C103,discount,15,0
41,69200,Graduate,Married,1,phone,6,Standard,325,1322.59,1,3,3,C101,free_shipping,0,0
21,60000,Graduate,Single,0,email,8,Standard,157,1369.79,3,3,3,C102,loyalty_points,0,1
46,62100,Graduate,Married,0,social,6,Standard,300,1490.88,1,3,3,C103,loyalty_points,0,0
57,79800,Graduate,Single,2,email,9,Standard,97,1420.7,4,4,3,C103,discount,10,1
57,56300,High School,Single,0,email,6,Standard,293,1271.95,1,3,3,C102,discount,15,0
59,79900,Graduate,Married,1,email,13,Standard,87,1873.76,4,5,4,C102,free_shipping,0,1
66,72600,Graduate,Divorced,1,direct_mail,6,Standard,52,1491.15,5,3,3,C102,free_shipping,0,0
49,55100,High School,Married,0,phone,0,Basic,313,0.0,1,1,1,C104,free_shipping,0,0
58,62800,Graduate,Married,0,social,3,Basic,344,191.38,1,2,1,C101,loyalty_points,0,0
37,92900,Graduate,Divorced,0,social,4,Basic,111,418.57,4,2,2,C101,bundle,0,0
53,17900,High School,Single,0,email,2,Basic,208,520.68,3,1,2,C103,loyalty_points,0,0
46,61900,High School,Married,0,email,7,Standard,79,1356.61,4,3,3,C103,free_shipping,0,0
59,66700,Graduate,Married,0,social,9,Standard,175,1288.35,3,4,3,C104,discount,15,1
62,78800,High School,Married,1,social,9,Standard,208,1629.78,3,4,3,C101,free_shipping,0,1
43,82000,Master,Divorced,1,email,9,Standard,123,1013.94,4,4,3,C104,loyalty_points,0,1
28,81100,PhD,Married,0,social,6,Basic,70,433.04,5,3,2,C103,discount,10,0
36,53600,Graduate,Single,0,phone,2,Basic,156,123.97,3,1,1,C102,free_shipping,0,0
44,85400,Graduate,Divorced,0,social,6,Standard,25,1062.34,5,3,3,C103,loyalty_points,0,1
28,81800,PhD,Divorced,2,phone,9,Standard,335,1329.23,1,4,3,C101,free_shipping,0,1
56,79800,Graduate,Married,1,phone,8,Standard,3,1883.08,5,3,4,C103,bundle,0,1
31,65200,Graduate,Single,1,social,6,Standard,132,1692.14,4,3,3,C103,loyalty_points,0,0
32,93300,Master,Divorced,0,email,7,Standard,41,1401.43,5,3,3,C101,loyalty_points,0,0
58,85700,Graduate,Married,1,direct_mail,9,Standard,38,1024.4,5,4,3,C104,bundle,0,0
39,76600,Graduate,Married,0,email,5,Basic,109,314.29,4,2,2,C103,loyalty_points,0,1
45,67600,Graduate,Married,0,phone,4,Basic,188,820.04,3,2,2,C102,bundle,0,0
40,29200,High School,Married,1,phone,2,Basic,196,157.05,3,1,1,C101,free_shipping,0,1
23,37600,Master,Married,2,direct_mail,6,Basic,231,758.55,2,3,2,C102,loyalty_points,0,0
59,79900,Graduate,Single,2,phone,8,Standard,95,1383.01,4,3,3,C104,bundle,0,0
38,80700,PhD,Married,2,email,7,Standard,22,2376.16,5,3,4,C102,free_shipping,0,1
48,98400,Graduate,Married,2,email,5,Basic,234,336.13,2,2,2,C104,loyalty_points,0,0
51,90700,Graduate,Single,0,phone,11,Basic,232,597.08,2,4,2,C102,bundle,0,0
70,86500,PhD,Divorced,0,email,17,Standard,250,2382.67,2,5,4,C103,loyalty_points,0,0
67,59700,Graduate,Married,1,social,3,Standard,47,981.37,5,2,3,C101,loyalty_points,0,0
30,49700,Graduate,Single,0,social,2,Basic,145,417.99,4,1,2,C104,loyalty_points,0,1
55,47500,High School,Married,0,email,3,Basic,54,759.75,5,2,2,C104,discount,10,1
68,101600,Graduate,Single,1,email,8,Standard,108,1939.93,4,3,4,C102,free_shipping,0,1
45,80600,Graduate,Divorced,1,direct_mail,10,Standard,316,1767.23,1,4,3,C101,bundle,0,0
48,69700,Graduate,Divorced,1,social,1,Basic,319,94.37,1,1,1,C102,discount,25,0
61,56600,Graduate,Divorced,1,phone,10,Standard,260,2154.07,2,4,4,C104,loyalty_points,0,0
39,67600,Graduate,Married,0,email,9,Standard,125,2013.65,4,4,4,C103,discount,25,1
37,71000,Master,Single,2,direct_mail,6,Basic,5,831.18,5,3,2,C104,bundle,0,1
49,79200,Graduate,Married,0,email,9,Standard,64,1763.26,5,4,3,C101,bundle,0,1
25,53600,Graduate,Married,3,email,4,Basic,307,87.84,1,2,1,C103,bundle,0,0
56,83200,High School,Married,0,social,6,Standard,74,1233.39,4,3,3,C101,discount,15,0
21,59000,Master,Single,0,email,9,Standard,253,1824.38,2,4,4,C101,bundle,0,1
50,67700,Graduate,Single,2,email,6,Basic,293,282.87,1,3,1,C104,loyalty_points,0,0
35,74200,Graduate,Married,0,phone,7,Basic,173,580.64,3,3,2,C102,loyalty_points,0,0
39,63400,Graduate,Married,0,phone,8,Standard,286,1006.68,2,3,3,C104,discount,25,1
49,69400,Graduate,Single,0,direct_mail,7,Standard,350,1484.75,1,3,3,C103,free_shipping,0,0
37,72600,Master,Single,0,email,10,Premium,160,3000.46,3,4,5,C101,bundle,0,0
44,48300,High School,Single,1,email,3,Basic,113,515.06,4,2,2,C103,discount,20,1
37,77200,Graduate,Single,0,direct_mail,7,Standard,70,1476.39,5,3,3,C102,free_shipping,0,0
36,82600,Graduate,Married,1,social,6,Standard,102,1042.57,4,3,3,C101,discount,10,1
42,54800,Graduate,Married,2,email,6,Basic,313,880.48,1,3,2,C102,loyalty_points,0,0
43,104500,PhD,Married,1,email,11,Standard,128,1556.55,4,4,3,C101,free_shipping,0,1
42,93800,Graduate,Widowed,1,direct_mail,16,Premium,89,2511.64,4,5,4,C102,bundle,0,1
38,74500,Graduate,Married,0,social,10,Premium,316,2549.79,1,4,4,C103,free_shipping,0,0
48,54400,High School,Divorced,0,direct_mail,7,Basic,169,324.47,3,3,2,C102,discount,20,0
26,54600,Graduate,Married,2,social,5,Basic,83,565.96,4,2,2,C103,bundle,0,1
44,81500,Graduate,Married,2,phone,4,Basic,140,103.45,4,2,1,C104,free_shipping,0,1
44,58600,Graduate,Widowed,0,direct_mail,2,Basic,239,85.58,2,1,1,C104,bundle,0,0
18,12000,High School,Married,0,direct_mail,0,Basic,260,0.0,2,1,1,C101,free_shipping,0,0
63,89400,Graduate,Single,0,social,8,Standard,31,1049.74,5,3,3,C103,bundle,0,1
25,68100,PhD,Married,2,phone,6,Standard,113,1572.13,4,3,3,C104,loyalty_points,0,0
58,57400,High School,Married,0,social,7,Standard,346,1123.28,1,3,3,C104,loyalty_points,0,0
23,42600,Master,Divorced,0,social,1,Basic,285,301.62,2,1,2,C102,discount,20,1
48,59100,Graduate,Married,0,direct_mail,8,Standard,311,1252.63,1,3,3,C103,loyalty_points,0,0
56,76700,Master,Single,2,phone,8,Standard,257,1380.58,2,3,3,C101,free_shipping,0,0
41,68300,Graduate,Single,2,email,8,Standard,78,1316.65,4,3,3,C102,discount,25,1
26,75900,Graduate,Married,2,email,4,Basic,358,515.92,1,2,2,C102,free_shipping,0,0
46,71900,Graduate,Married,0,direct_mail,4,Basic,293,676.81,1,2,2,C101,loyalty_points,0,0
31,36100,Graduate,Married,1,social,1,Basic,335,282.18,1,1,1,C104,free_shipping,0,0
43,61500,High School,Married,0,social,10,Basic,72,477.99,5,4,2,C103,discount,10,1
18,98100,PhD,Married,0,direct_mail,7,Standard,299,1561.71,1,3,3,C102,discount,15,0
60,64400,High School,Married,2,email,3,Basic,30,261.84,5,2,1,C101,discount,15,1
35,70300,Graduate,Married,3,email,7,Standard,3,1837.21,5,3,4,C101,discount,10,1
43,71100,Master,Single,2,direct_mail,10,Standard,216,2166.2,3,4,4,C102,bundle,0,0
58,120100,PhD,Single,0,social,5,Basic,295,899.01,1,2,2,C101,loyalty_points,0,0
25,74900,Graduate,Single,1,direct_mail,4,Basic,226,491.58,2,2,2,C101,discount,20,0
56,86400,High School,Married,1,phone,7,Basic,346,530.14,1,3,2,C104,discount,20,0
53,78100,Graduate,Married,0,email,2,Basic,2,424.97,5,1,2,C103,discount,25,0
57,87400,Graduate,Married,0,email,7,Standard,365,932.42,1,3,3,C103,free_shipping,0,1
33,34500,Graduate,Married,3,social,0,Basic,96,0.0,4,1,1,C102,bundle,0,0
62,72200,High School,Married,0,social,7,Standard,306,1137.23,1,3,3,C104,bundle,0,0
29,65900,Graduate,Married,0,phone,4,Basic,197,576.67,3,2,2,C102,discount,15,1
33,54400,High School,Married,1,direct_mail,4,Basic,96,513.58,4,2,2,C104,bundle,0,0
41,56700,Graduate,Single,1,phone,7,Basic,259,586.4,2,3,2,C101,discount,10,0
33,77100,High School,Married,2,phone,6,Basic,260,690.05,2,3,2,C103,discount,15,1
40,52500,Graduate,Single,2,email,1,Basic,205,180.1,3,1,1,C102,discount,10,0
36,51000,Graduate,Single,1,direct_mail,4,Basic,214,890.78,3,2,2,C103,free_shipping,0,0
47,64600,High School,Single,0,email,6,Standard,162,1697.61,3,3,3,C103,bundle,0,1
26,77200,Master,Married,2,social,6,Basic,331,528.94,1,3,2,C101,loyalty_points,0,0
35,26800,Graduate,Married,3,social,3,Basic,111,525.71,4,2,2,C102,loyalty_points,0,0
38,29100,High School,Married,0,phone,2,Basic,263,140.44,2,1,1,C102,bundle,0,0
45,108400,Master,Single,0,direct_mail,8,Standard,192,1056.47,3,3,3,C102,discount,20,1
55,91000,High School,Married,1,phone,7,Standard,168,1412.09,3,3,3,C103,loyalty_points,0,1
53,60700,Graduate,Single,1,email,5,Standard,60,1138.98,5,2,3,C101,discount,20,1
26,54200,Graduate,Married,1,social,1,Basic,271,99.54,2,1,1,C102,bundle,0,0
42,100900,PhD,Married,0,direct_mail,11,Basic,114,771.41,4,4,2,C101,discount,20,1
18,63100,Graduate,Single,0,email,7,Basic,175,876.44,3,3,2,C101,bundle,0,0
41,91300,PhD,Married,0,email,11,Premium,99,2963.57,4,4,4,C103,free_shipping,0,1
28,54000,Graduate,Married,1,social,6,Basic,168,755.25,3,3,2,C102,free_shipping,0,1
36,95500,Master,Single,2,email,7,Standard,127,921.7,4,3,3,C101,discount,15,1
49,62000,Graduate,Single,0,phone,2,Basic,187,260.32,3,1,1,C101,bundle,0,0
46,56300,High School,Married,0,direct_mail,3,Basic,245,565.25,2,2,2,C102,free_shipping,0,0
43,87600,Graduate,Married,1,phone,5,Standard,146,1217.44,3,2,3,C102,loyalty_points,0,0
32,63100,PhD,Married,2,email,7,Basic,253,847.53,2,3,2,C104,discount,25,1
26,80000,Graduate,Single,0,social,9,Premium,269,2843.69,2,4,4,C103,discount,20,1
38,65000,Graduate,Married,2,social,4,Basic,275,891.1,2,2,2,C101,discount,25,0
34,55600,Graduate,Married,1,email,3,Basic,165,240.2,3,2,1,C103,discount,15,1
57,78500,High School,Single,0,social,10,Standard,213,1668.03,3,4,3,C102,bundle,0,1
48,72600,Graduate,Married,0,email,6,Standard,346,1776.87,1,3,3,C104,bundle,0,0
42,42800,High School,Single,3,email,5,Standard,126,1124.18,4,2,3,C103,free_shipping,0,1
50,98400,PhD,Married,0,social,8,Standard,48,1685.06,5,3,3,C101,bundle,0,1
39,49000,High School,Single,1,email,6,Standard,42,1248.57,5,3,3,C101,discount,15,1
28,61100,Graduate,Married,2,direct_mail,5,Standard,127,1139.79,4,2,3,C103,loyalty_points,0,1
48,89800,High School,Single,3,email,12,Premium,72,3737.24,5,5,5,C103,free_shipping,0,1
51,86800,High School,Married,0,social,5,Standard,102,1438.58,4,2,3,C101,loyalty_points,0,0
33,64800,Graduate,Married,2,email,5,Basic,180,806.99,3,2,2,C104,discount,25,1
73,113800,Master,Single,1,direct_mail,9,Standard,327,2203.65,1,4,4,C102,free_shipping,0,0
37,111600,Master,Single,2,email,9,Standard,141,1618.56,4,4,3,C101,discount,15,1
35,106000,Graduate,Single,0,email,5,Basic,193,854.15,3,2,2,C103,discount,15,1
41,73400,Graduate,Married,0,direct_mail,4,Standard,88,1094.0,4,2,3,C103,free_shipping,0,0
18,37600,High School,Single,1,email,1,Basic,111,173.14,4,1,1,C101,bundle,0,0
71,82400,Master,Married,0,social,6,Basic,283,760.16,2,3,2,C104,discount,25,1
25,68900,High School,Single,1,email,9,Standard,8,1759.18,5,4,3,C103,bundle,0,1
48,43700,Graduate,Married,0,direct_mail,1,Basic,84,52.58,4,1,1,C103,loyalty_points,0,0
18,62500,Master,Single,2,email,1,Basic,5,64.08,5,1,1,C102,discount,25,1
29,61200,High School,Single,2,email,7,Basic,290,676.94,2,3,2,C103,free_shipping,0,0
24,89900,Graduate,Single,2,email,3,Basic,230,315.74,2,2,2,C103,discount,20,0
28,55900,Graduate,Widowed,1,social,7,Standard,40,1083.89,5,3,3,C101,free_shipping,0,1
40,66000,High School,Single,1,email,7,Basic,300,807.73,1,3,2,C103,discount,15,0
21,61400,PhD,Single,1,social,6,Standard,347,1917.9,1,3,4,C103,loyalty_points,0,0
64,54700,Graduate,Single,2,phone,8,Standard,336,1455.75,1,3,3,C104,discount,10,0
54,84000,PhD,Divorced,0,email,5,Basic,175,445.08,3,2,2,C101,loyalty_points,0,1
67,74700,Graduate,Married,0,email,7,Basic,233,658.49,2,3,2,C103,loyalty_points,0,1
25,58400,Graduate,Single,0,social,7,Standard,275,1250.16,2,3,3,C102,discount,25,0
34,84600,Graduate,Married,1,phone,6,Standard,79,1495.3,4,3,3,C103,bundle,0,0
52,75100,High School,Married,2,direct_mail,9,Standard,76,1213.14,4,4,3,C102,discount,20,0
33,69400,High School,Widowed,1,social,4,Basic,124,387.33,4,2,2,C101,free_shipping,0,0
46,61800,High School,Married,0,email,7,Standard,42,1518.59,5,3,3,C101,bundle,0,1
47,95300,Graduate,Single,0,email,10,Standard,339,2403.6,1,4,4,C103,free_shipping,0,1
40,54900,High School,Single,0,email,5,Basic,275,752.23,2,2,2,C102,bundle,0,0
52,66700,High School,Single,0,email,5,Basic,228,420.33,2,2,2,C103,loyalty_points,0,1
62,75500,High School,Married,1,social,6,Standard,14,1793.32,5,3,3,C103,bundle,0,1
48,61300,Graduate,Single,0,email,2,Basic,55,243.57,5,1,1,C102,loyalty_points,0,0
35,55500,High School,Single,1,email,5,Basic,98,386.75,4,2,2,C102,loyalty_points,0,1
51,73800,Graduate,Single,1,phone,10,Standard,68,2093.01,5,4,4,C101,discount,15,1
18,51500,Master,Married,2,direct_mail,3,Basic,22,523.84,5,2,2,C102,discount,15,0
28,75900,High School,Single,2,social,9,Standard,193,1920.27,3,4,4,C103,discount,20,1
33,80100,Graduate,Single,2,phone,6,Basic,219,377.69,2,3,2,C101,bundle,0,0
42,90900,Master,Single,0,social,4,Standard,61,1209.46,5,2,3,C104,discount,25,1
27,69700,Graduate,Divorced,1,email,6,Standard,47,987.09,5,3,3,C104,loyalty_points,0,1
60,60300,Graduate,Single,0,email,7,Standard,268,1072.83,2,3,3,C104,free_shipping,0,1
30,44600,High School,Widowed,0,email,2,Basic,357,489.61,1,1,2,C103,free_shipping,0,0
43,70100,Master,Married,0,phone,7,Basic,227,221.31,2,3,1,C102,free_shipping,0,0
40,107800,PhD,Single,0,social,7,Premium,35,3006.82,5,3,5,C102,free_shipping,0,1
46,87300,PhD,Married,0,email,7,Basic,291,371.08,2,3,2,C102,free_shipping,0,0
35,57000,Graduate,Married,0,email,4,Basic,6,698.36,5,2,2,C102,loyalty_points,0,1
30,42900,Graduate,Married,2,social,4,Basic,170,840.54,3,2,2,C103,loyalty_points,0,0
41,69800,Master,Married,0,email,6,Basic,355,475.83,1,3,2,C101,discount,20,0
65,75300,High School,Single,2,phone,5,Basic,313,463.51,1,2,2,C103,loyalty_points,0,0
50,62800,Master,Married,0,phone,8,Premium,132,4790.91,4,3,5,C103,loyalty_points,0,0
51,71000,Graduate,Married,1,social,9,Standard,271,1240.32,2,4,3,C103,discount,15,0
38,99800,PhD,Divorced,2,phone,6,Standard,265,1290.34,2,3,3,C102,loyalty_points,0,0
54,94100,Graduate,Married,0,phone,8,Standard,172,1255.9,3,3,3,C102,bundle,0,0
37,49200,High School,Married,1,email,2,Basic,259,293.91,2,1,1,C101,bundle,0,0
51,30400,High School,Single,2,email,1,Basic,162,179.7,3,1,1,C101,free_shipping,0,1
58,82600,Master,Married,1,social,9,Standard,77,1720.97,4,4,3,C103,bundle,0,1
52,73400,Master,Single,2,social,11,Premium,344,5862.45,1,4,5,C103,free_shipping,0,0
51,72900,Master,Married,0,phone,7,Standard,224,1603.83,2,3,3,C101,discount,15,0
68,121600,PhD,Married,0,social,10,Basic,283,668.29,2,4,2,C103,free_shipping,0,0
40,59500,High School,Single,0,social,5,Basic,336,495.46,1,2,2,C101,discount,15,0
35,74200,Graduate,Married,0,social,7,Basic,232,898.09,2,3,2,C104,bundle,0,0
43,86100,Graduate,Single,0,social,8,Standard,115,1687.25,4,3,3,C104,discount,20,1
46,46000,High School,Married,3,direct_mail,4,Basic,86,773.28,4,2,2,C103,free_shipping,0,0
26,60400,Graduate,Married,2,direct_mail,8,Basic,321,683.25,1,3,2,C103,loyalty_points,0,0
47,55200,High School,Divorced,0,phone,6,Standard,259,900.3,2,3,3,C101,discount,10,0
25,62900,High School,Divorced,1,phone,5,Basic,299,657.31,1,2,2,C104,discount,15,0
27,67100,Graduate,Married,1,email,7,Standard,352,1474.72,1,3,3,C103,bundle,0,0
45,70700,Graduate,Married,0,social,7,Basic,108,752.26,4,3,2,C101,bundle,0,0
58,81000,Graduate,Married,2,email,4,Standard,312,1201.65,1,2,3,C103,loyalty_points,0,0
48,41000,Graduate,Married,1,social,5,Standard,61,1165.94,5,2,3,C104,discount,10,0
53,49700,High School,Widowed,0,email,6,Standard,71,1514.33,5,3,3,C103,loyalty_points,0,1
44,98300,PhD,Married,3,social,10,Premium,309,4386.57,1,4,5,C103,loyalty_points,0,0
27,78700,Graduate,Divorced,0,phone,9,Standard,12,1554.99,5,4,3,C103,loyalty_points,0,1
35,75400,Graduate,Single,0,email,5,Standard,55,917.07,5,2,3,C102,loyalty_points,0,1
22,65900,High School,Married,0,email,4,Standard,345,2450.47,1,2,4,C103,bundle,0,1
52,84900,Master,Married,2,social,7,Premium,10,2782.08,5,3,4,C101,discount,15,0
54,63500,High School,Married,0,direct_mail,0,Basic,278,0.0,2,1,1,C101,free_shipping,0,0
67,103800,Graduate,Married,0,phone,6,Standard,345,1413.78,1,3,3,C102,bundle,0,0
51,89200,PhD,Married,2,email,9,Standard,158,1247.4,3,4,3,C101,loyalty_points,0,1
41,94600,Graduate,Married,2,email,6,Basic,250,660.69,2,3,2,C104,free_shipping,0,0
38,53200,High School,Divorced,2,phone,4,Basic,11,732.89,5,2,2,C102,free_shipping,0,1
44,78200,Master,Widowed,2,email,6,Basic,11,592.11,5,3,2,C101,loyalty_points,0,1
47,61200,Graduate,Single,1,social,5,Standard,154,971.7,3,2,3,C104,discount,10,0
49,78900,High School,Married,0,email,8,Standard,109,1587.31,4,3,3,C101,bundle,0,1
23,68900,Master,Married,0,direct_mail,10,Premium,194,3332.68,3,4,5,C104,bundle,0,1
53,64900,Graduate,Married,0,email,7,Basic,361,827.85,1,3,2,C102,discount,25,0
38,69300,Graduate,Widowed,0,phone,8,Premium,226,2727.06,2,3,4,C103,loyalty_points,0,0
54,95600,Master,Single,1,email,12,Standard,2,2201.81,5,5,4,C103,free_shipping,0,1
44,77900,High School,Single,0,email,6,Basic,187,575.19,3,3,2,C104,loyalty_points,0,1
37,99000,PhD,Married,0,social,8,Standard,184,1201.33,3,3,3,C104,bundle,0,0
65,69700,Graduate,Single,0,email,7,Basic,295,431.96,1,3,2,C103,discount,20,1
59,65600,PhD,Married,0,phone,8,Basic,233,824.69,2,3,2,C101,bundle,0,0
65,56000,Graduate,Single,1,phone,4,Standard,281,1036.38,2,2,3,C103,free_shipping,0,0
50,76600,Graduate,Married,0,email,8,Premium,102,3662.69,4,3,5,C104,free_shipping,0,1
56,91100,Graduate,Married,2,phone,5,Basic,192,645.09,3,2,2,C104,bundle,0,0
22,80900,Master,Married,0,social,5,Basic,198,449.67,3,2,2,C101,bundle,0,0
28,44900,Graduate,Married,1,phone,2,Basic,50,493.91,5,1,2,C102,free_shipping,0,1
27,38500,Graduate,Divorced,0,phone,5,Basic,25,512.34,5,2,2,C102,loyalty_points,0,1
58,85600,Master,Married,1,email,5,Standard,22,1037.6,5,2,3,C103,free_shipping,0,1
35,77200,Master,Single,1,direct_mail,6,Standard,44,1258.23,5,3,3,C101,free_shipping,0,1
18,114600,Master,Divorced,1,email,7,Basic,259,756.28,2,3,2,C102,bundle,0,0
54,86800,PhD,Divorced,0,social,3,Basic,39,647.17,5,2,2,C102,discount,20,1
49,66600,High School,Married,0,direct_mail,5,Basic,59,642.72,5,2,2,C104,bundle,0,1
53,67200,Master,Married,0,direct_mail,4,Basic,37,559.69,5,2,2,C103,free_shipping,0,1
44,75000,PhD,Married,2,direct_mail,8,Premium,54,2828.2,5,3,4,C104,discount,20,0
28,49400,Graduate,Married,2,email,2,Basic,121,319.49,4,1,2,C104,loyalty_points,0,0
49,65300,Master,Married,1,phone,11,Premium,168,2708.29,3,4,4,C104,discount,20,1
43,87300,Graduate,Single,1,email,5,Basic,35,778.89,5,2,2,C101,free_shipping,0,1
38,44600,High School,Married,2,social,3,Basic,92,404.04,4,2,2,C103,free_shipping,0,0
68,85600,Graduate,Married,1,email,7,Standard,83,1215.6,4,3,3,C104,free_shipping,0,1
35,42600,Graduate,Married,0,direct_mail,1,Basic,89,211.32,4,1,1,C102,free_shipping,0,0
60,62800,Graduate,Married,2,email,3,Basic,164,540.29,3,2,2,C102,loyalty_points,0,0
45,102500,Master,Married,0,direct_mail,6,Standard,122,1579.12,4,3,3,C102,loyalty_points,0,0
61,75100,Graduate,Married,0,email,9,Standard,59,2044.86,5,4,4,C102,free_shipping,0,1
34,83300,Master,Married,2,direct_mail,5,Standard,232,928.95,2,2,3,C104,discount,15,0
38,55900,Graduate,Married,0,social,5,Basic,164,524.22,3,2,2,C103,discount,15,1
18,66100,Graduate,Married,1,phone,2,Basic,360,689.31,1,1,2,C104,discount,20,0
45,50100,High School,Divorced,1,email,1,Basic,151,108.97,3,1,1,C104,loyalty_points,0,0
38,85600,Master,Married,2,direct_mail,9,Premium,294,2547.1,1,4,4,C103,loyalty_points,0,0
49,70200,Graduate,Single,1,email,3,Basic,263,430.43,2,2,2,C102,bundle,0,0
45,81600,Master,Single,2,phone,9,Standard,214,1482.91,3,4,3,C104,loyalty_points,0,0
51,83500,Graduate,Married,0,email,6,Standard,43,965.64,5,3,3,C101,loyalty_points,0,1
51,79800,High School,Single,2,social,9,Standard,55,1438.04,5,4,3,C104,loyalty_points,0,1
55,78100,Graduate,Single,0,email,4,Basic,283,565.87,2,2,2,C103,discount,25,0
31,62600,Master,Single,3,phone,2,Basic,245,431.18,2,1,2,C101,discount,15,0
28,68900,High School,Single,1,email,7,Standard,170,1508.42,3,3,3,C103,bundle,0,0
37,44300,High School,Married,3,phone,4,Basic,308,510.26,1,2,2,C101,bundle,0,0
30,57900,High School,Single,1,email,5,Basic,205,390.08,3,2,2,C104,free_shipping,0,0
44,55500,High School,Single,2,phone,4,Standard,314,1372.4,1,2,3,C101,bundle,0,0
49,84200,High School,Single,3,direct_mail,8,Standard,59,1205.07,5,3,3,C104,loyalty_points,0,0
55,69200,Graduate,Widowed,1,social,5,Basic,269,833.54,2,2,2,C102,discount,25,0
55,68700,Graduate,Married,1,email,4,Basic,293,709.44,1,2,2,C101,loyalty_points,0,0
32,74100,Master,Married,0,email,7,Standard,305,1631.59,1,3,3,C104,discount,25,0
18,84400,Master,Single,0,email,13,Standard,204,1838.28,3,5,4,C102,discount,20,1
77,83900,Graduate,Married,0,direct_mail,4,Standard,173,1190.13,3,2,3,C103,discount,15,0
29,59500,Graduate,Single,0,social,3,Basic,346,610.51,1,2,2,C102,discount,10,0
54,103000,Graduate,Married,1,social,5,Standard,39,1553.99,5,2,3,C104,free_shipping,0,0
39,67800,High School,Married,0,social,6,Standard,323,1104.09,1,3,3,C104,discount,20,0
38,65600,Graduate,Single,0,email,8,Standard,51,2355.06,5,3,4,C104,bundle,0,1
47,54600,High School,Single,2,email,5,Basic,132,737.12,4,2,2,C102,discount,15,1
61,93900,Graduate,Single,0,direct_mail,9,Standard,28,1510.24,5,4,3,C103,loyalty_points,0,1
25,79500,Graduate,Single,0,phone,9,Premium,56,3168.47,5,4,5,C101,free_shipping,0,1
20,65000,High School,Married,0,phone,5,Basic,355,418.1,1,2,2,C104,free_shipping,0,0
41,52500,Graduate,Single,2,direct_mail,5,Standard,292,2063.36,1,2,4,C102,loyalty_points,0,0
71,88200,High School,Single,0,phone,2,Basic,34,388.21,5,1,2,C102,free_shipping,0,1
18,53700,High School,Divorced,1,email,5,Basic,255,795.97,2,2,2,C103,free_shipping,0,1
62,45500,High School,Divorced,2,social,4,Standard,118,1235.46,4,2,3,C104,discount,15,0
49,86100,High School,Married,0,phone,11,Standard,238,1269.41,2,4,3,C104,discount,10,1
44,90400,High School,Divorced,0,email,10,Basic,262,259.15,2,4,1,C103,loyalty_points,0,0
49,74400,Graduate,Divorced,1,phone,9,Basic,202,331.58,3,4,2,C104,free_shipping,0,1
67,94700,Master,Married,0,direct_mail,4,Standard,242,923.06,2,2,3,C103,free_shipping,0,0
40,71500,High School,Divorced,1,phone,2,Basic,119,63.95,4,1,1,C102,free_shipping,0,1
42,87700,Master,Married,0,social,5,Basic,121,621.36,4,2,2,C102,discount,25,1
25,50900,Graduate,Single,1,direct_mail,1,Basic,244,100.37,2,1,1,C101,free_shipping,0,0
46,51600,Master,Married,0,phone,2,Basic,176,557.13,3,1,2,C104,bundle,0,0
43,83800,Master,Single,1,social,4,Basic,257,363.45,2,2,2,C103,loyalty_points,0,0
18,71400,Master,Married,2,direct_mail,7,Basic,60,515.34,5,3,2,C101,bundle,0,1
30,61800,High School,Single,0,email,5,Basic,1,647.1,5,2,2,C101,discount,20,1
32,60600,High School,Married,0,social,4,Basic,269,780.38,2,2,2,C101,loyalty_points,0,0
25,51400,Graduate,Married,0,email,2,Basic,74,97.85,4,1,1,C101,loyalty_points,0,0
37,60400,Graduate,Married,0,phone,5,Basic,158,736.52,3,2,2,C101,bundle,0,0
52,78400,High School,Widowed,0,direct_mail,5,Basic,246,650.26,2,2,2,C102,loyalty_points,0,0
19,37300,Master,Married,1,direct_mail,4,Basic,72,234.04,5,2,1,C104,discount,20,1
39,73400,Graduate,Married,2,direct_mail,7,Basic,262,355.27,2,3,2,C103,bundle,0,0
57,91500,High School,Single,1,social,9,Basic,163,792.33,3,4,2,C103,loyalty_points,0,0
32,63300,Graduate,Single,2,social,7,Basic,255,560.96,2,3,2,C102,free_shipping,0,1
23,58800,High School,Divorced,2,email,7,Standard,199,1425.22,3,3,3,C103,discount,25,1
60,116400,PhD,Married,0,email,11,Standard,139,1227.62,4,4,3,C101,bundle,0,1
36,25500,High School,Single,2,email,7,Basic,128,558.39,4,3,2,C104,discount,25,1
40,49300,High School,Married,1,email,5,Standard,65,1008.99,5,2,3,C103,loyalty_points,0,1
50,42000,Graduate,Married,1,social,2,Basic,255,272.87,2,1,1,C102,bundle,0,0
55,73700,Graduate,Married,2,email,4,Standard,64,953.99,5,2,3,C102,bundle,0,1
50,102700,Graduate,Single,1,social,11,Standard,42,2366.6,5,4,4,C104,bundle,0,0
44,70800,Graduate,Married,0,email,6,Basic,216,598.16,3,3,2,C104,loyalty_points,0,0
59,58800,High School,Single,0,phone,6,Basic,45,880.1,5,3,2,C104,discount,20,1
45,79800,Graduate,Widowed,0,direct_mail,3,Basic,9,290.13,5,2,1,C101,bundle,0,0
30,51400,High School,Single,3,phone,5,Basic,243,823.38,2,2,2,C104,loyalty_points,0,0
39,56700,Graduate,Married,3,direct_mail,8,Standard,120,1204.42,4,3,3,C104,free_shipping,0,1
40,77000,Graduate,Single,2,phone,3,Basic,63,653.24,5,2,2,C102,free_shipping,0,1
49,51300,High School,Single,0,social,0,Basic,57,0.0,5,1,1,C101,loyalty_points,0,0
60,112500,Master,Widowed,1,direct_mail,16,Premium,9,2693.15,5,5,4,C104,bundle,0,1
50,61000,High School,Single,2,email,11,Basic,209,742.42,3,4,2,C103,discount,25,1
61,72700,Master,Single,0,email,1,Basic,169,155.58,3,1,1,C104,free_shipping,0,1
33,46700,High School,Divorced,2,email,0,Basic,351,0.0,1,1,1,C104,loyalty_points,0,0
48,95700,Master,Married,0,direct_mail,10,Standard,57,1575.46,5,4,3,C103,free_shipping,0,1
55,81400,Graduate,Married,2,phone,5,Standard,281,1182.18,2,2,3,C102,loyalty_points,0,1
37,51400,High School,Divorced,1,social,3,Basic,274,256.39,2,2,1,C101,free_shipping,0,1
29,64800,Master,Widowed,2,email,3,Basic,189,742.33,3,2,2,C101,loyalty_points,0,1
47,99800,Graduate,Married,1,email,9,Premium,338,2732.83,1,4,4,C101,loyalty_points,0,1
34,92900,Master,Divorced,2,phone,8,Standard,259,1463.87,2,3,3,C102,free_shipping,0,0
42,56400,High School,Divorced,0,email,5,Standard,328,1033.34,1,2,3,C104,free_shipping,0,0
60,55600,Graduate,Married,0,email,4,Basic,42,131.63,5,2,1,C104,free_shipping,0,1
28,84300,Master,Divorced,2,direct_mail,2,Basic,31,221.07,5,1,1,C104,discount,10,0
41,68200,Graduate,Married,3,social,4,Basic,264,821.5,2,2,2,C104,discount,25,0
35,79000,Master,Divorced,3,direct_mail,7,Standard,362,1248.86,1,3,3,C101,bundle,0,0
36,92500,Master,Married,2,phone,5,Standard,17,972.68,5,2,3,C104,loyalty_points,0,0
50,83200,Graduate,Single,2,phone,6,Premium,179,3167.27,3,3,5,C104,bundle,0,0
33,73600,Graduate,Single,0,social,6,Standard,342,1213.69,1,3,3,C101,free_shipping,0,0
48,65900,Graduate,Single,1,email,4,Basic,272,518.75,2,2,2,C104,discount,15,1
29,39600,Graduate,Divorced,0,email,1,Basic,146,88.78,3,1,1,C103,bundle,0,0
53,102800,Master,Divorced,1,social,7,Basic,185,361.24,3,3,2,C101,discount,10,0
57,58300,High School,Divorced,2,direct_mail,6,Standard,188,1002.5,3,3,3,C103,bundle,0,0
52,62600,Graduate,Married,2,phone,7,Basic,27,259.65,5,3,1,C104,free_shipping,0,1
45,78500,Graduate,Married,0,phone,9,Standard,349,1068.67,1,4,3,C104,bundle,0,0
51,74600,Master,Married,1,phone,5,Standard,99,936.31,4,2,3,C104,free_shipping,0,0
48,53600,High School,Single,0,email,8,Standard,37,1510.49,5,3,3,C104,bundle,0,1
35,44500,Graduate,Widowed,0,email,4,Basic,173,784.37,3,2,2,C101,free_shipping,0,1
62,90500,Master,Single,2,phone,8,Basic,193,636.81,3,3,2,C102,loyalty_points,0,0
38,88400,High School,Single,1,direct_mail,13,Basic,26,546.09,5,5,2,C102,free_shipping,0,1
26,79100,Master,Single,0,social,4,Basic,277,833.86,2,2,2,C101,discount,10,0
25,65200,PhD,Married,2,phone,8,Standard,116,1520.23,4,3,3,C104,bundle,0,0
57,81900,High School,Single,1,social,3,Basic,328,591.51,1,2,2,C104,loyalty_points,0,1
61,87400,Graduate,Married,1,social,9,Standard,360,1960.43,1,4,4,C101,discount,10,0
52,103200,Master,Single,1,email,11,Premium,279,2718.13,2,4,4,C104,free_shipping,0,1
31,32400,High School,Single,0,email,4,Basic,290,612.39,2,2,2,C104,discount,15,0
35,77100,High School,Married,1,social,4,Basic,133,573.34,4,2,2,C104,bundle,0,1
44,74800,Graduate,Divorced,0,social,5,Standard,11,1172.13,5,2,3,C103,bundle,0,0
45,71500,High School,Single,2,phone,5,Basic,332,465.9,1,2,2,C101,bundle,0,0
61,79200,High School,Single,1,email,6,Standard,139,2170.32,4,3,4,C104,bundle,0,1
30,62400,Master,Single,1,phone,7,Standard,147,954.87,3,3,3,C102,loyalty_points,0,0
36,74800,Graduate,Single,0,social,4,Basic,35,125.73,5,2,1,C103,loyalty_points,0,1
29,59200,High School,Divorced,2,phone,7,Basic,233,618.59,2,3,2,C104,free_shipping,0,0
46,74500,Master,Married,2,social,5,Basic,155,799.17,3,2,2,C102,loyalty_points,0,0
54,80300,Graduate,Single,0,direct_mail,5,Basic,12,576.83,5,2,2,C104,free_shipping,0,0
35,68000,Graduate,Married,1,phone,6,Basic,229,749.8,2,3,2,C102,loyalty_points,0,0
57,89000,High School,Married,2,social,11,Standard,351,1806.19,1,4,4,C101,free_shipping,0,0
38,75100,Master,Married,0,direct_mail,4,Basic,207,889.18,3,2,2,C102,loyalty_points,0,0
34,27700,High School,Married,1,email,1,Basic,76,198.71,4,1,1,C102,bundle,0,1
47,50100,High School,Married,0,social,6,Standard,200,2288.8,3,3,4,C104,bundle,0,1
37,85700,PhD,Single,0,phone,9,Basic,333,811.28,1,4,2,C102,discount,15,0
18,47900,High School,Married,0,phone,2,Basic,256,237.39,2,1,1,C104,discount,10,0
38,61700,Graduate,Married,3,email,7,Standard,316,1563.67,1,3,3,C101,discount,25,0
74,65700,High School,Married,0,social,5,Basic,21,336.4,5,2,2,C103,loyalty_points,0,1
45,69600,High School,Married,0,social,6,Standard,19,1427.21,5,3,3,C102,free_shipping,0,1
33,76900,PhD,Married,1,email,10,Standard,206,1352.46,3,4,3,C101,discount,10,1
55,81600,High School,Married,0,phone,10,Standard,97,1062.36,4,4,3,C103,bundle,0,1
56,51900,Graduate,Married,3,email,7,Basic,58,553.56,5,3,2,C102,free_shipping,0,1
53,66900,High School,Married,0,social,4,Basic,72,283.42,5,2,1,C103,loyalty_points,0,1
42,71800,Graduate,Single,0,email,6,Basic,247,666.36,2,3,2,C101,discount,20,1
41,81600,Graduate,Single,2,email,7,Basic,272,617.3,2,3,2,C103,free_shipping,0,1
35,85700,Graduate,Married,2,phone,11,Standard,83,2188.54,4,4,4,C101,loyalty_points,0,1
59,88600,PhD,Single,0,phone,7,Premium,41,2687.32,5,3,4,C101,bundle,0,1
42,52400,Graduate,Married,0,email,6,Standard,257,1332.51,2,3,3,C104,discount,25,1
67,72600,Graduate,Single,0,social,4,Basic,131,849.62,4,2,2,C104,free_shipping,0,0
41,89900,Graduate,Single,0,phone,5,Basic,203,119.62,3,2,1,C103,loyalty_points,0,0
23,64300,High School,Single,0,social,3,Basic,260,401.38,2,2,2,C104,bundle,0,0
41,43100,High School,Married,0,email,3,Basic,279,480.73,2,2,2,C104,discount,20,0
37,77500,Master,Divorced,1,phone,7,Basic,258,847.31,2,3,2,C101,loyalty_points,0,0
53,50700,High School,Single,2,phone,4,Basic,52,423.06,5,2,2,C104,discount,20,0
63,84800,Graduate,Married,1,email,7,Standard,92,1356.09,4,3,3,C103,loyalty_points,0,1
35,61500,High School,Married,1,email,4,Standard,174,1003.81,3,2,3,C103,free_shipping,0,0
45,72100,PhD,Single,0,phone,4,Basic,84,391.35,4,2,2,C101,loyalty_points,0,0
30,65600,High School,Single,1,social,3,Basic,129,534.55,4,2,2,C104,free_shipping,0,1
20,100600,Graduate,Divorced,1,email,12,Standard,53,1660.42,5,5,3,C101,free_shipping,0,1
36,56000,High School,Married,1,email,7,Standard,255,1288.21,2,3,3,C103,discount,10,1
50,81600,High School,Single,0,email,14,Standard,139,2091.75,4,5,4,C104,bundle,0,1
42,70300,Graduate,Married,2,email,10,Standard,240,2451.15,2,4,4,C101,free_shipping,0,1
57,73000,High School,Married,1,social,7,Standard,204,1293.74,3,3,3,C103,discount,15,1
31,82400,Master,Single,2,email,10,Standard,250,1089.34,2,4,3,C101,free_shipping,0,1
31,87900,Master,Married,0,phone,11,Standard,150,1640.31,3,4,3,C104,free_shipping,0,0
44,74800,Graduate,Single,2,social,6,Standard,122,1010.57,4,3,3,C101,bundle,0,1
56,66500,Master,Married,0,email,4,Basic,195,708.77,3,2,2,C104,free_shipping,0,1
36,67200,Graduate,Married,0,direct_mail,7,Standard,193,1445.34,3,3,3,C101,free_shipping,0,0
18,98200,Master,Single,0,social,5,Standard,158,918.35,3,2,3,C103,loyalty_points,0,1
35,74600,Graduate,Married,1,phone,6,Standard,111,1020.47,4,3,3,C104,loyalty_points,0,0
31,57900,High School,Married,1,phone,5,Basic,307,745.58,1,2,2,C102,loyalty_points,0,0
52,107300,PhD,Single,1,direct_mail,15,Premium,204,2745.01,3,5,4,C103,bundle,0,1
28,63000,Master,Single,1,social,12,Standard,78,1864.81,4,5,4,C102,free_shipping,0,1
30,24000,Graduate,Married,0,direct_mail,2,Basic,297,345.45,1,1,2,C104,free_shipping,0,0
64,48000,Graduate,Single,0,email,6,Basic,111,707.79,4,3,2,C103,discount,25,1
48,75700,Graduate,Single,2,email,4,Standard,319,1590.88,1,2,3,C102,free_shipping,0,0
46,35200,Graduate,Divorced,1,email,2,Basic,103,517.34,4,1,2,C104,free_shipping,0,0
55,125300,Master,Single,2,email,10,Standard,306,1685.24,1,4,3,C103,bundle,0,0
57,94700,Graduate,Married,1,direct_mail,6,Standard,178,998.48,3,3,3,C103,free_shipping,0,0
32,79300,Master,Single,1,social,7,Basic,142,809.32,4,3,2,C101,discount,10,1
40,39700,High School,Single,2,phone,5,Basic,62,770.15,5,2,2,C102,free_shipping,0,1
59,45000,High School,Married,1,email,5,Basic,213,668.79,3,2,2,C103,bundle,0,0
50,41400,Graduate,Single,0,email,1,Basic,66,111.37,5,1,1,C103,loyalty_points,0,1
35,53600,Graduate,Divorced,0,email,3,Basic,351,322.44,1,2,2,C103,bundle,0,0
31,64800,High School,Widowed,1,phone,8,Standard,276,1335.71,2,3,3,C101,free_shipping,0,0
45,38400,High School,Married,1,phone,2,Basic,157,249.92,3,1,1,C102,discount,20,0
58,57700,Graduate,Married,1,direct_mail,2,Basic,247,73.63,2,1,1,C103,bundle,0,0
46,70900,Graduate,Single,2,email,5,Basic,349,653.52,1,2,2,C102,bundle,0,0
56,69000,Graduate,Single,0,phone,5,Basic,178,701.89,3,2,2,C101,free_shipping,0,0
30,87400,Graduate,Single,1,phone,7,Standard,181,1187.44,3,3,3,C104,bundle,0,0
61,74800,Graduate,Married,1,phone,6,Standard,270,1359.69,2,3,3,C103,free_shipping,0,0
60,98900,Master,Married,0,email,8,Standard,105,2154.97,4,3,4,C101,loyalty_points,0,1
47,94200,Graduate,Married,2,phone,8,Basic,79,835.57,4,3,2,C102,bundle,0,0
26,64000,Graduate,Single,2,social,7,Standard,252,1142.33,2,3,3,C104,free_shipping,0,0
18,66600,Graduate,Divorced,0,phone,4,Basic,121,680.2,4,2,2,C102,bundle,0,0
46,55700,Graduate,Married,0,social,8,Standard,294,2461.54,1,3,4,C101,bundle,0,0
21,52400,High School,Single,1,social,2,Basic,35,232.8,5,1,1,C103,loyalty_points,0,0
47,36000,Graduate,Married,0,phone,4,Standard,155,1066.07,3,2,3,C101,bundle,0,0
38,86800,Master,Married,3,phone,10,Basic,271,791.55,2,4,2,C104,free_shipping,0,0
35,55300,High School,Divorced,0,phone,4,Standard,70,1027.59,5,2,3,C103,discount,25,1
43,70100,Graduate,Married,0,phone,10,Premium,187,5221.58,3,4,5,C101,loyalty_points,0,1
56,67300,Master,Married,0,direct_mail,8,Standard,342,1705.85,1,3,3,C104,free_shipping,0,0
57,73000,Master,Single,1,phone,12,Premium,241,3472.96,2,5,5,C101,loyalty_points,0,0
25,51800,High School,Single,1,email,3,Basic,270,395.08,2,2,2,C101,discount,20,1
46,70100,High School,Single,0,direct_mail,9,Standard,26,1542.59,5,4,3,C104,discount,10,1
22,72100,PhD,Divorced,0,direct_mail,5,Basic,295,655.03,1,2,2,C101,loyalty_points,0,0
37,54000,Graduate,Married,0,email,8,Standard,137,1091.89,4,3,3,C102,bundle,0,1
35,44100,Graduate,Married,2,social,4,Basic,205,389.68,3,2,2,C102,bundle,0,0
53,90900,Master,Married,1,email,4,Standard,334,968.71,1,2,3,C103,free_shipping,0,0
46,70400,High School,Married,0,phone,7,Premium,91,2821.45,4,3,4,C103,discount,25,1
18,69200,PhD,Widowed,2,email,7,Standard,193,1882.15,3,3,4,C103,discount,15,1
58,64700,High School,Married,0,social,4,Basic,216,581.46,3,2,2,C104,loyalty_points,0,0
54,72700,High School,Married,0,email,6,Basic,151,739.61,3,3,2,C103,discount,10,1
53,67600,Graduate,Married,0,email,1,Basic,238,59.63,2,1,1,C103,loyalty_points,0,0
35,61300,High School,Single,0,direct_mail,8,Basic,25,888.86,5,3,2,C103,free_shipping,0,0
39,80800,Graduate,Widowed,2,social,4,Standard,26,1936.49,5,2,4,C103,bundle,0,0
44,62300,High School,Single,0,social,2,Basic,19,143.62,5,1,1,C104,discount,15,1
34,73800,Graduate,Married,0,phone,7,Premium,19,2588.92,5,3,4,C102,bundle,0,0
35,89800,PhD,Married,0,social,9,Standard,206,1709.45,3,4,3,C104,bundle,0,0
35,67800,Master,Single,1,phone,0,Basic,293,0.0,1,1,1,C103,free_shipping,0,0
45,61700,Graduate,Married,1,direct_mail,5,Basic,66,409.97,5,2,2,C103,discount,15,0
52,55900,High School,Single,0,email,2,Basic,283,184.3,2,1,1,C104,free_shipping,0,0
38,61400,Graduate,Single,1,direct_mail,3,Basic,330,409.51,1,2,2,C102,loyalty_points,0,0
34,63800,Master,Married,1,phone,5,Standard,295,2119.22,1,2,4,C102,free_shipping,0,0
42,52100,Graduate,Married,0,email,6,Basic,106,578.47,4,3,2,C101,bundle,0,1
37,61200,Master,Married,0,email,6,Standard,218,1035.48,3,3,3,C104,free_shipping,0,0
30,61900,Master,Single,1,email,2,Basic,320,197.07,1,1,1,C103,discount,25,0
42,74700,Graduate,Single,0,social,9,Standard,99,1263.65,4,4,3,C104,loyalty_points,0,1
36,60000,High School,Married,2,email,4,Basic,89,449.85,4,2,2,C103,discount,15,1
32,59700,PhD,Married,0,social,1,Basic,119,108.42,4,1,1,C103,free_shipping,0,0
55,64300,High School,Single,2,phone,6,Basic,30,594.34,5,3,2,C101,loyalty_points,0,1
46,88900,Graduate,Married,0,social,6,Standard,336,941.48,1,3,3,C101,loyalty_points,0,0
44,66100,Graduate,Single,0,email,6,Standard,136,1049.1,4,3,3,C101,discount,10,1
55,85500,Master,Single,0,social,7,Standard,109,1455.35,4,3,3,C102,bundle,0,1
37,77500,Master,Married,1,email,7,Standard,198,922.33,3,3,3,C101,free_shipping,0,1
40,57100,High School,Single,1,social,4,Standard,274,1570.62,2,2,3,C101,free_shipping,0,0
38,55800,Graduate,Married,2,social,2,Basic,30,720.39,5,1,2,C101,bundle,0,0
38,101500,Master,Single,2,phone,12,Standard,144,2122.6,4,5,4,C102,loyalty_points,0,1
34,57200,Master,Married,1,email,6,Basic,47,720.81,5,3,2,C103,loyalty_points,0,1
18,76000,Master,Married,0,social,2,Basic,206,290.62,3,1,1,C101,bundle,0,1
37,75200,Graduate,Married,3,email,6,Standard,299,1052.58,1,3,3,C103,discount,10,1
39,73000,High School,Widowed,0,social,5,Basic,39,494.89,5,2,2,C102,free_shipping,0,0
48,117100,Master,Single,0,direct_mail,8,Standard,315,1511.88,1,3,3,C102,discount,10,0
24,65500,Graduate,Divorced,0,phone,3,Standard,137,1224.28,4,2,3,C104,discount,25,1
47,58000,Graduate,Married,1,email,3,Basic,328,585.65,1,2,2,C103,bundle,0,0
55,56700,High School,Single,2,social,4,Standard,282,1027.05,2,2,3,C101,bundle,0,0
23,45900,Graduate,Married,0,email,5,Standard,254,908.65,2,2,3,C103,bundle,0,0
55,73100,Graduate,Married,0,email,8,Basic,364,580.89,1,3,2,C104,discount,20,1
52,92900,Graduate,Widowed,2,direct_mail,12,Standard,312,2114.66,1,5,4,C101,free_shipping,0,0
57,94500,Master,Single,0,direct_mail,8,Standard,294,1830.37,1,3,4,C102,loyalty_points,0,0
30,58600,High School,Single,0,email,2,Basic,117,106.53,4,1,1,C103,bundle,0,1
40,50700,High School,Single,1,email,8,Standard,120,1516.36,4,3,3,C103,discount,20,1
36,66000,High School,Single,0,email,5,Standard,185,957.42,3,2,3,C103,free_shipping,0,0
36,39100,High School,Married,0,email,1,Basic,76,90.37,4,1,1,C103,free_shipping,0,1
35,39800,High School,Married,1,phone,1,Basic,132,198.25,4,1,1,C103,discount,15,1
43,78700,Master,Married,1,phone,7,Standard,52,936.89,5,3,3,C104,bundle,0,0
68,94500,Graduate,Single,0,email,6,Standard,234,1298.63,2,3,3,C102,loyalty_points,0,0
35,74400,PhD,Married,2,phone,4,Basic,348,612.74,1,2,2,C103,loyalty_points,0,0
47,62100,High School,Married,2,email,7,Standard,202,1286.15,3,3,3,C101,bundle,0,1
49,56300,High School,Married,0,email,3,Standard,195,954.95,3,2,3,C101,loyalty_points,0,1
50,94800,Graduate,Married,1,social,7,Basic,151,711.85,3,3,2,C103,free_shipping,0,0
56,69000,Graduate,Married,0,email,5,Standard,156,1228.87,3,2,3,C104,loyalty_points,0,0
48,74400,Master,Married,2,phone,6,Basic,302,467.58,1,3,2,C102,loyalty_points,0,0
38,72900,High School,Widowed,1,phone,6,Standard,313,2049.38,1,3,4,C104,discount,15,0
44,69000,High School,Single,0,social,6,Basic,328,608.74,1,3,2,C103,free_shipping,0,0
45,60900,Graduate,Married,1,phone,6,Standard,173,1322.86,3,3,3,C101,free_shipping,0,1
21,78000,Graduate,Single,2,email,7,Standard,45,1095.14,5,3,3,C102,loyalty_points,0,1
76,77600,High School,Married,0,email,6,Basic,194,625.36,3,3,2,C104,discount,10,1
32,65000,Graduate,Single,0,social,5,Basic,76,745.21,4,2,2,C101,bundle,0,0
66,114300,PhD,Married,1,email,10,Basic,90,651.07,4,4,2,C104,discount,15,1
48,55200,Graduate,Married,0,social,5,Basic,143,403.26,4,2,2,C101,free_shipping,0,1
37,73100,High School,Divorced,2,direct_mail,8,Standard,338,907.2,1,3,3,C104,free_shipping,0,0
49,53100,Graduate,Single,1,social,2,Basic,347,223.11,1,1,1,C102,discount,15,0
52,77700,High School,Divorced,2,email,4,Basic,5,365.27,5,2,2,C102,discount,20,1
40,50400,Graduate,Married,1,direct_mail,5,Basic,170,799.06,3,2,2,C101,free_shipping,0,0
47,37300,Graduate,Married,2,email,3,Basic,349,881.47,1,2,2,C104,loyalty_points,0,0
65,78300,High School,Married,1,phone,6,Standard,146,1096.91,3,3,3,C104,bundle,0,0
34,12000,High School,Married,1,email,3,Basic,49,493.44,5,2,2,C103,bundle,0,1
29,44400,Graduate,Single,2,email,5,Basic,282,755.76,2,2,2,C102,discount,10,0
32,52100,Graduate,Married,2,social,5,Standard,222,1253.58,2,2,3,C104,free_shipping,0,0
36,26300,High School,Married,2,email,2,Basic,126,238.88,4,1,1,C104,discount,25,1
48,65900,Master,Divorced,1,direct_mail,7,Standard,196,1349.2,3,3,3,C102,bundle,0,0
56,74200,Graduate,Divorced,2,direct_mail,5,Standard,252,1204.71,2,2,3,C102,free_shipping,0,0
33,53100,Graduate,Single,1,email,6,Standard,29,1695.51,5,3,3,C103,bundle,0,1
52,66700,High School,Married,0,direct_mail,6,Basic,157,387.32,3,3,2,C101,bundle,0,0
50,81700,Master,Married,2,direct_mail,7,Basic,321,414.55,1,3,2,C102,bundle,0,0
43,83200,Master,Married,3,email,10,Standard,360,1722.99,1,4,3,C102,loyalty_points,0,0
33,75800,Graduate,Married,0,email,10,Basic,74,711.83,4,4,2,C101,free_shipping,0,1
49,63200,Graduate,Single,0,direct_mail,4,Standard,90,916.27,4,2,3,C104,bundle,0,0
49,90100,Graduate,Single,0,email,14,Standard,214,1120.95,3,5,3,C103,free_shipping,0,1
34,67900,Graduate,Single,1,direct_mail,5,Basic,60,509.92,5,2,2,C104,bundle,0,0
39,59200,Graduate,Married,1,direct_mail,8,Standard,187,1842.91,3,3,4,C101,discount,20,0
67,47300,Graduate,Married,1,direct_mail,3,Basic,186,839.83,3,2,2,C103,bundle,0,0
46,54600,High School,Married,0,email,5,Basic,142,723.89,4,2,2,C101,discount,10,1
60,96000,High School,Single,1,direct_mail,4,Basic,104,642.8,4,2,2,C102,free_shipping,0,1
38,63200,High School,Married,0,phone,10,Standard,84,1803.59,4,4,4,C103,bundle,0,0
29,83400,Master,Single,0,social,11,Standard,47,2425.28,5,4,4,C101,bundle,0,1
51,58100,High School,Single,2,direct_mail,4,Standard,123,1385.43,4,2,3,C103,loyalty_points,0,0
24,57400,Graduate,Married,2,email,4,Standard,164,1051.91,3,2,3,C103,discount,15,1
42,76200,PhD,Divorced,0,email,7,Basic,136,513.67,4,3,2,C101,bundle,0,1
45,69700,Graduate,Married,3,social,10,Standard,358,1889.62,1,4,4,C102,discount,25,0
29,67500,Graduate,Married,1,social,4,Standard,14,1074.44,5,2,3,C103,discount,25,1
36,84100,High School,Married,3,email,11,Standard,9,1637.64,5,4,3,C101,bundle,0,1
29,66600,High School,Married,0,social,4,Basic,110,360.0,4,2,2,C104,loyalty_points,0,0
44,44400,Graduate,Widowed,2,email,6,Standard,316,1240.76,1,3,3,C102,bundle,0,0
40,71500,PhD,Married,1,email,9,Standard,50,936.34,5,4,3,C102,loyalty_points,0,0
39,83900,Master,Married,3,email,2,Basic,257,427.08,2,1,2,C103,loyalty_points,0,0
31,55300,Graduate,Divorced,0,email,3,Basic,11,328.73,5,2,2,C104,free_shipping,0,1
39,31800,Graduate,Single,0,direct_mail,6,Standard,263,1188.65,2,3,3,C101,loyalty_points,0,0
58,91500,Master,Married,0,social,5,Standard,42,1453.69,5,2,3,C104,free_shipping,0,1
43,81200,Master,Widowed,0,email,8,Standard,194,1747.57,3,3,3,C101,bundle,0,0
37,93700,Master,Married,2,email,10,Standard,215,1122.95,3,4,3,C104,bundle,0,0
45,93200,PhD,Divorced,0,email,7,Standard,187,2047.13,3,3,4,C102,discount,10,0
64,76200,Graduate,Married,0,direct_mail,11,Standard,270,1893.3,2,4,4,C103,discount,10,1
54,83000,Graduate,Widowed,0,email,5,Basic,143,640.12,4,2,2,C104,free_shipping,0,1
54,71100,Master,Married,0,social,6,Basic,308,407.64,1,3,2,C103,free_shipping,0,0
41,84500,High School,Married,0,social,11,Standard,27,1898.63,5,4,4,C103,free_shipping,0,1
51,55800,Master,Married,1,social,4,Basic,190,580.36,3,2,2,C102,free_shipping,0,1
28,46500,High School,Married,2,email,4,Basic,157,377.86,3,2,2,C101,free_shipping,0,0
22,120300,PhD,Married,1,phone,14,Premium,156,3361.08,3,5,5,C103,bundle,0,0
46,73600,Graduate,Widowed,1,email,9,Standard,189,1622.57,3,4,3,C102,free_shipping,0,1
54,103000,Graduate,Widowed,1,email,10,Premium,71,2924.07,5,4,4,C103,bundle,0,1
62,98600,Master,Single,2,email,9,Standard,227,931.01,2,4,3,C102,free_shipping,0,1
22,72100,Graduate,Married,2,social,5,Basic,279,540.37,2,2,2,C103,free_shipping,0,0
52,70800,High School,Married,0,phone,6,Standard,27,1806.16,5,3,4,C102,loyalty_points,0,1
42,67100,Graduate,Single,3,direct_mail,4,Standard,365,1151.23,1,2,3,C103,loyalty_points,0,0
48,75600,Graduate,Divorced,1,social,8,Standard,11,1285.51,5,3,3,C101,discount,20,1
50,102000,High School,Single,2,social,9,Standard,130,1887.52,4,4,4,C103,free_shipping,0,1
44,88400,PhD,Married,0,social,5,Standard,217,904.12,3,2,3,C103,free_shipping,0,0
57,83800,High School,Divorced,0,social,7,Standard,209,1776.27,3,3,3,C104,bundle,0,0
38,74700,Graduate,Single,3,social,5,Basic,104,854.89,4,2,2,C102,discount,20,1
41,65700,PhD,Married,1,direct_mail,3,Basic,95,501.92,4,2,2,C101,discount,10,1
45,73500,High School,Divorced,0,direct_mail,7,Standard,359,1638.48,1,3,3,C104,free_shipping,0,0
39,79800,Master,Married,2,phone,8,Standard,11,1811.72,5,3,4,C101,discount,25,1
56,51200,High School,Married,1,email,6,Standard,313,1265.83,1,3,3,C102,loyalty_points,0,0
53,99900,Graduate,Single,1,social,10,Basic,13,658.3,5,4,2,C101,loyalty_points,0,1
38,57600,Master,Single,0,direct_mail,5,Basic,70,369.14,5,2,2,C102,bundle,0,0
54,68400,Master,Married,0,email,5,Standard,356,1460.13,1,2,3,C101,free_shipping,0,1
42,68000,High School,Married,2,email,5,Standard,79,1222.74,4,2,3,C104,bundle,0,1
40,85100,Graduate,Divorced,1,direct_mail,8,Standard,225,2197.59,2,3,4,C102,free_shipping,0,0
38,106000,Master,Married,2,direct_mail,9,Standard,259,2172.87,2,4,4,C102,free_shipping,0,0
56,88400,Master,Divorced,0,social,7,Standard,198,963.64,3,3,3,C102,free_shipping,0,0
53,102300,Graduate,Divorced,0,phone,6,Standard,28,1067.83,5,3,3,C103,bundle,0,1
18,32800,High School,Widowed,0,phone,2,Basic,313,450.33,1,1,2,C104,bundle,0,0
72,100200,Graduate,Married,0,phone,12,Standard,143,1211.64,4,5,3,C103,discount,15,1
36,45700,High School,Married,1,social,4,Basic,125,795.5,4,2,2,C104,discount,10,0
46,80200,Graduate,Married,1,phone,4,Basic,271,704.17,2,2,2,C102,free_shipping,0,0
59,96400,Graduate,Single,1,email,8,Basic,288,436.06,2,3,2,C104,free_shipping,0,0
19,45700,High School,Single,1,social,1,Basic,31,197.4,5,1,1,C104,discount,15,1
48,35200,High School,Married,2,email,2,Basic,298,204.08,1,1,1,C104,discount,10,1
35,73300,Master,Single,0,phone,7,Standard,89,2359.8,4,3,4,C104,discount,15,1
40,86100,High School,Married,0,email,6,Basic,254,698.9,2,3,2,C102,free_shipping,0,0
50,67100,Master,Divorced,3,email,4,Basic,199,404.11,3,2,2,C103,bundle,0,0
44,69100,Graduate,Single,0,phone,3,Basic,120,305.65,4,2,2,C104,bundle,0,0
38,84700,PhD,Married,0,social,10,Standard,243,2327.93,2,4,4,C104,bundle,0,1
36,41600,High School,Divorced,0,social,5,Basic,340,473.88,1,2,2,C102,free_shipping,0,0
40,60100,Graduate,Divorced,0,phone,5,Basic,347,360.8,1,2,2,C101,discount,25,0
52,89000,Master,Single,0,email,10,Standard,70,1765.05,5,4,3,C101,loyalty_points,0,1
34,57800,Graduate,Married,2,email,6,Basic,275,870.22,2,3,2,C104,discount,10,1
64,111600,Master,Married,0,phone,12,Standard,89,1167.78,4,5,3,C104,loyalty_points,0,1
39,59300,High School,Single,0,email,4,Basic,9,729.99,5,2,2,C104,bundle,0,1
48,73900,High School,Single,1,phone,6,Basic,157,823.64,3,3,2,C101,bundle,0,0
53,107700,PhD,Married,2,phone,11,Standard,124,1008.97,4,4,3,C104,discount,10,0
54,47200,High School,Single,1,direct_mail,6,Basic,219,773.53,2,3,2,C102,bundle,0,0
19,52900,Graduate,Single,2,direct_mail,7,Standard,309,1895.21,1,3,4,C104,loyalty_points,0,0
20,93800,Graduate,Single,0,email,6,Standard,271,933.97,2,3,3,C101,discount,20,1
63,117300,PhD,Married,0,social,12,Standard,54,1484.84,5,5,3,C102,bundle,0,1
32,84200,Graduate,Married,0,email,14,Premium,265,3946.56,2,5,5,C103,loyalty_points,0,0
50,65800,High School,Divorced,1,social,5,Standard,162,1186.21,3,2,3,C104,loyalty_points,0,0
53,39500,High School,Single,1,phone,7,Standard,153,1942.56,3,3,4,C101,discount,25,0
49,69400,High School,Widowed,0,direct_mail,10,Standard,344,1889.81,1,4,4,C101,loyalty_points,0,0
34,73800,Graduate,Married,1,direct_mail,9,Standard,71,1027.81,5,4,3,C103,bundle,0,1
49,62700,High School,Married,1,phone,3,Basic,336,482.86,1,2,2,C102,bundle,0,0
36,61000,Graduate,Single,1,social,5,Standard,252,1639.3,2,2,3,C103,bundle,0,0
55,92200,Graduate,Married,2,email,7,Standard,30,929.7,5,3,3,C102,free_shipping,0,1
35,81900,Master,Single,1,direct_mail,5,Standard,12,965.53,5,2,3,C104,free_shipping,0,1
33,75200,Graduate,Married,0,email,1,Basic,260,188.6,2,1,1,C103,bundle,0,0
37,62600,Graduate,Married,1,email,4,Basic,326,470.74,1,2,2,C101,bundle,0,0
42,86400,Graduate,Single,2,social,6,Standard,217,969.57,3,3,3,C104,bundle,0,0
33,75000,Graduate,Divorced,1,phone,7,Basic,255,417.51,2,3,2,C102,loyalty_points,0,0
30,114800,Master,Married,1,email,13,Standard,350,1679.1,1,5,3,C103,free_shipping,0,0
51,89100,High School,Married,1,social,3,Basic,146,146.42,3,2,1,C102,free_shipping,0,0
31,45000,Graduate,Single,0,email,5,Basic,226,412.46,2,2,2,C102,loyalty_points,0,0
22,64600,Graduate,Married,2,social,4,Basic,170,665.41,3,2,2,C101,bundle,0,0
41,66700,Graduate,Single,0,email,4,Basic,192,782.31,3,2,2,C102,discount,20,1
45,92500,Master,Married,1,email,6,Standard,36,1954.64,5,3,4,C103,free_shipping,0,1
41,70700,Graduate,Married,2,social,7,Standard,268,1938.48,2,3,4,C103,free_shipping,0,0
28,41700,Graduate,Single,0,social,1,Basic,46,253.79,5,1,1,C103,bundle,0,1
50,85500,High School,Single,0,email,8,Standard,306,1918.43,1,3,4,C101,free_shipping,0,0
60,98500,Graduate,Married,2,email,6,Basic,28,844.03,5,3,2,C101,loyalty_points,0,1
59,71100,Master,Married,0,email,5,Basic,104,109.63,4,2,1,C101,free_shipping,0,1
61,84000,Graduate,Married,3,social,8,Standard,38,1205.83,5,3,3,C102,discount,15,0
47,50500,High School,Divorced,2,direct_mail,6,Basic,139,581.66,4,3,2,C102,free_shipping,0,0
42,81200,High School,Married,0,email,9,Basic,131,626.07,4,4,2,C102,bundle,0,1
41,40400,High School,Single,1,email,6,Basic,205,429.07,3,3,2,C104,discount,20,1
52,93300,Master,Married,0,email,9,Basic,101,240.28,4,4,1,C104,bundle,0,1
41,100800,Graduate,Widowed,0,direct_mail,12,Standard,168,1370.64,3,5,3,C104,bundle,0,0
48,83300,Master,Single,1,direct_mail,6,Standard,355,1827.21,1,3,4,C101,bundle,0,0
51,72500,Graduate,Divorced,3,email,7,Standard,323,1247.13,1,3,3,C101,discount,10,0
52,78300,Graduate,Married,1,email,7,Standard,259,1315.65,2,3,3,C104,bundle,0,0
50,80900,Graduate,Divorced,1,social,9,Standard,127,1704.71,4,4,3,C102,discount,20,1
48,63100,Graduate,Married,0,phone,2,Basic,79,718.35,4,1,2,C101,bundle,0,0
49,48400,Graduate,Divorced,2,direct_mail,3,Basic,150,811.68,3,2,2,C102,free_shipping,0,0
53,65700,High School,Single,3,direct_mail,5,Basic,210,450.29,3,2,2,C102,discount,10,0
27,61500,High School,Single,1,phone,8,Standard,61,1070.98,5,3,3,C103,free_shipping,0,1
30,60000,Graduate,Married,1,email,4,Basic,80,290.25,4,2,1,C102,free_shipping,0,1
29,84800,Master,Single,1,email,5,Basic,298,422.73,1,2,2,C104,bundle,0,0
60,65500,High School,Married,3,email,8,Standard,309,1906.86,1,3,4,C104,free_shipping,0,0
61,103100,Graduate,Divorced,0,phone,4,Standard,345,1040.82,1,2,3,C102,discount,15,1
50,43600,Graduate,Married,2,direct_mail,2,Basic,203,551.37,3,1,2,C101,loyalty_points,0,0
26,63900,PhD,Married,0,email,7,Standard,114,1417.14,4,3,3,C103,discount,15,1
54,49400,High School,Single,0,email,7,Basic,333,678.94,1,3,2,C103,free_shipping,0,0
46,70100,Master,Married,0,email,4,Basic,227,411.32,2,2,2,C101,loyalty_points,0,0
38,44700,High School,Married,1,social,7,Standard,245,1173.14,2,3,3,C103,discount,15,0
51,74600,High School,Married,0,email,7,Basic,80,646.65,4,3,2,C104,free_shipping,0,1
26,100400,Master,Single,1,email,5,Standard,25,1316.99,5,2,3,C102,bundle,0,1
40,74700,Master,Married,2,email,6,Basic,18,694.63,5,3,2,C102,loyalty_points,0,1
41,84500,Graduate,Married,2,email,6,Basic,135,790.37,4,3,2,C104,discount,10,1
62,100200,Graduate,Married,2,phone,11,Standard,275,1533.18,2,4,3,C104,loyalty_points,0,0
19,57900,High School,Divorced,1,email,2,Basic,317,289.69,1,1,1,C103,discount,20,0
45,71200,Graduate,Married,2,phone,11,Standard,145,2133.75,4,4,4,C103,discount,20,1
23,64400,Graduate,Single,2,direct_mail,3,Basic,314,507.51,1,2,2,C101,free_shipping,0,0
62,107000,PhD,Married,2,email,7,Basic,192,577.54,3,3,2,C101,bundle,0,0
35,69900,Graduate,Married,0,email,4,Basic,75,748.03,4,2,2,C104,bundle,0,1
57,74100,High School,Single,1,email,7,Standard,72,1795.2,5,3,3,C101,bundle,0,1
30,94500,Graduate,Married,0,phone,6,Standard,342,999.79,1,3,3,C104,loyalty_points,0,0
65,97100,Master,Single,0,email,12,Standard,21,1499.78,5,5,3,C103,free_shipping,0,1
23,58700,Master,Married,3,email,3,Basic,272,242.09,2,2,1,C102,discount,15,0
49,96700,Master,Married,2,direct_mail,6,Basic,176,652.44,3,3,2,C102,discount,20,0
39,58700,Graduate,Single,0,direct_mail,6,Basic,23,638.64,5,3,2,C104,loyalty_points,0,0
49,91300,Master,Married,1,direct_mail,7,Standard,60,1393.48,5,3,3,C101,bundle,0,1
48,79100,Graduate,Divorced,0,email,3,Basic,66,899.25,5,2,2,C104,free_shipping,0,1
70,89400,High School,Single,1,social,9,Standard,132,1334.17,4,4,3,C103,bundle,0,0
54,54100,Graduate,Divorced,0,email,8,Standard,2,1773.41,5,3,3,C101,bundle,0,1
54,80600,Graduate,Married,2,social,6,Standard,81,1547.13,4,3,3,C103,loyalty_points,0,1
59,108100,Graduate,Married,0,email,16,Standard,336,1399.24,1,5,3,C101,loyalty_points,0,0
31,42900,Graduate,Married,0,direct_mail,1,Basic,14,253.55,5,1,1,C102,free_shipping,0,0
66,90600,Graduate,Single,2,direct_mail,5,Basic,195,877.59,3,2,2,C104,loyalty_points,0,0
30,71200,Master,Married,0,social,5,Basic,35,520.2,5,2,2,C103,discount,20,1
46,124800,High School,Married,3,email,12,Basic,282,865.71,2,5,2,C102,free_shipping,0,1
55,88500,Master,Married,2,social,5,Basic,99,703.92,4,2,2,C101,bundle,0,0
37,37100,Graduate,Married,1,email,7,Standard,185,976.5,3,3,3,C102,bundle,0,0
28,82800,High School,Married,0,phone,6,Standard,271,1556.04,2,3,3,C104,discount,25,0
18,18200,High School,Single,3,social,1,Basic,318,225.69,1,1,1,C103,free_shipping,0,1
25,85400,Graduate,Married,0,social,6,Basic,146,847.34,3,3,2,C104,free_shipping,0,1
40,82100,Master,Married,2,email,3,Basic,83,187.65,4,2,1,C102,discount,25,1
35,85000,Graduate,Married,0,social,8,Standard,240,977.28,2,3,3,C102,loyalty_points,0,0
37,87300,Graduate,Single,0,direct_mail,5,Standard,154,1162.88,3,2,3,C101,free_shipping,0,0
59,87300,Graduate,Married,2,direct_mail,8,Standard,86,1653.15,4,3,3,C101,free_shipping,0,1
36,86500,Graduate,Married,1,direct_mail,10,Standard,361,1603.35,1,4,3,C103,loyalty_points,0,0
33,94600,Master,Married,2,social,7,Basic,279,757.08,2,3,2,C102,discount,15,1
61,53700,Graduate,Widowed,0,phone,3,Basic,60,477.73,5,2,2,C101,loyalty_points,0,1
69,111200,Graduate,Married,0,social,10,Standard,364,1719.7,1,4,3,C104,free_shipping,0,1
45,104700,PhD,Divorced,1,social,8,Standard,125,1967.62,4,3,4,C102,discount,25,1
41,84700,High School,Divorced,0,direct_mail,6,Standard,48,1062.48,5,3,3,C101,loyalty_points,0,1
49,81100,High School,Divorced,2,email,8,Standard,260,1865.96,2,3,4,C101,discount,25,0
59,38100,Graduate,Single,0,direct_mail,4,Basic,226,632.73,2,2,2,C103,free_shipping,0,0
32,45000,Graduate,Divorced,0,email,6,Standard,99,1354.59,4,3,3,C103,bundle,0,1
45,82200,Graduate,Married,0,email,4,Standard,176,1041.23,3,2,3,C104,free_shipping,0,1
45,47500,High School,Married,0,social,5,Basic,82,195.55,4,2,1,C104,free_shipping,0,0
40,81200,Graduate,Single,0,social,4,Basic,362,877.34,1,2,2,C104,loyalty_points,0,0
49,59500,Graduate,Divorced,0,email,3,Basic,61,506.48,5,2,2,C101,loyalty_points,0,1
23,41400,High School,Single,1,phone,3,Basic,100,249.71,4,2,1,C104,discount,10,0
28,81400,Graduate,Married,1,phone,5,Basic,202,817.35,3,2,2,C101,free_shipping,0,0
57,98000,PhD,Married,0,social,14,Premium,30,2545.17,5,5,4,C103,bundle,0,1
75,66100,Graduate,Married,2,email,1,Basic,14,189.38,5,1,1,C103,free_shipping,0,1
45,75200,Graduate,Single,0,email,8,Basic,6,513.67,5,3,2,C102,loyalty_points,0,1
59,62500,High School,Married,2,phone,8,Basic,163,450.33,3,3,2,C103,free_shipping,0,1
36,65600,Graduate,Single,1,email,7,Basic,155,621.11,3,3,2,C104,bundle,0,0
31,91400,Graduate,Divorced,1,phone,6,Basic,35,258.12,5,3,1,C103,discount,10,1
35,68500,High School,Divorced,1,email,9,Standard,90,2329.19,4,4,4,C101,bundle,0,1
59,76800,High School,Married,0,email,8,Standard,49,1465.79,5,3,3,C103,free_shipping,0,1
59,96200,Graduate,Married,2,email,4,Basic,132,894.21,4,2,2,C104,bundle,0,1
34,99000,Graduate,Single,2,email,8,Standard,37,2136.81,5,3,4,C101,loyalty_points,0,1
45,82700,PhD,Divorced,0,social,6,Standard,328,1347.91,1,3,3,C104,free_shipping,0,0
18,61900,High School,Single,0,social,2,Basic,87,307.86,4,1,2,C101,loyalty_points,0,0
19,50600,High School,Married,2,phone,1,Basic,81,128.97,4,1,1,C101,loyalty_points,0,0
39,76800,High School,Married,0,phone,9,Standard,190,1710.92,3,4,3,C103,discount,20,1
33,45300,Graduate,Married,1,social,5,Standard,260,1822.18,2,2,4,C103,loyalty_points,0,0
53,65700,High School,Divorced,0,email,4,Basic,250,288.52,2,2,1,C104,discount,15,0
18,72000,Master,Married,0,email,5,Standard,15,1722.13,5,2,3,C104,free_shipping,0,1
49,50600,High School,Single,1,email,2,Basic,214,282.74,3,1,1,C102,bundle,0,0
40,73400,High School,Married,0,email,6,Basic,153,218.05,3,3,1,C102,free_shipping,0,1
60,85700,Master,Married,1,email,7,Basic,242,649.4,2,3,2,C102,loyalty_points,0,0
27,89300,PhD,Single,0,email,7,Standard,40,1287.03,5,3,3,C102,discount,20,1
54,70600,Master,Married,0,phone,7,Standard,302,1592.63,1,3,3,C103,bundle,0,0
51,99500,Graduate,Single,1,email,11,Premium,101,3533.6,4,4,5,C102,bundle,0,1
18,68000,Graduate,Divorced,2,phone,9,Premium,30,2589.17,5,4,4,C103,discount,20,1
28,88600,Master,Divorced,0,phone,7,Standard,67,1610.13,5,3,3,C102,discount,15,1
37,57700,Graduate,Divorced,1,email,5,Standard,47,916.97,5,2,3,C104,discount,25,1
57,86700,Graduate,Married,1,phone,7,Standard,226,1020.75,2,3,3,C101,loyalty_points,0,0
48,80500,Graduate,Divorced,0,phone,5,Standard,313,1305.87,1,2,3,C104,bundle,0,0
60,85600,High School,Widowed,1,social,10,Standard,69,1927.48,5,4,4,C102,free_shipping,0,1
45,43200,Master,Single,0,email,4,Basic,142,203.13,4,2,1,C102,bundle,0,1
53,35000,High School,Married,0,phone,4,Standard,306,1476.41,1,2,3,C102,discount,25,0
40,79000,Graduate,Married,1,direct_mail,4,Basic,164,713.9,3,2,2,C102,free_shipping,0,0
30,75900,PhD,Single,0,email,7,Standard,287,1001.96,2,3,3,C103,free_shipping,0,1
59,118400,PhD,Married,0,social,12,Standard,234,1808.9,2,5,4,C101,free_shipping,0,0
49,68600,High School,Married,1,email,5,Basic,185,631.63,3,2,2,C104,free_shipping,0,1
52,80300,Master,Single,0,email,9,Premium,241,3403.58,2,4,5,C103,loyalty_points,0,1
52,79800,High School,Married,0,phone,7,Basic,342,499.76,1,3,2,C104,bundle,0,0
35,92500,Graduate,Single,2,social,2,Basic,52,545.61,5,1,2,C102,loyalty_points,0,0
57,38600,Graduate,Married,0,social,1,Basic,357,106.05,1,1,1,C103,bundle,0,0
40,84800,Graduate,Married,0,email,7,Standard,7,2319.52,5,3,4,C104,bundle,0,1
45,79200,Graduate,Married,0,social,5,Basic,178,819.55,3,2,2,C104,free_shipping,0,0
42,47500,Graduate,Single,1,social,1,Basic,246,198.06,2,1,1,C101,discount,15,0
29,66600,Graduate,Married,2,email,4,Basic,347,611.77,1,2,2,C103,discount,10,0
42,84000,Graduate,Single,0,direct_mail,6,Standard,212,1180.03,3,3,3,C101,discount,15,1
34,68300,Master,Married,0,email,10,Standard,85,2298.25,4,4,4,C102,discount,20,1
47,40200,Graduate,Single,0,email,4,Basic,258,590.84,2,2,2,C103,loyalty_points,0,0
47,68600,Graduate,Divorced,0,email,7,Basic,64,731.12,5,3,2,C104,loyalty_points,0,1
41,74600,High School,Single,0,phone,4,Basic,228,591.06,2,2,2,C102,bundle,0,0
62,51300,Graduate,Single,2,phone,3,Basic,160,175.04,3,2,1,C104,loyalty_points,0,0
59,61600,High School,Single,2,email,5,Basic,87,473.84,4,2,2,C101,free_shipping,0,0
48,57800,Graduate,Divorced,0,phone,4,Basic,42,306.01,5,2,2,C101,discount,20,1
31,61300,Graduate,Married,1,direct_mail,6,Standard,120,1848.89,4,3,4,C101,bundle,0,1
45,66700,Master,Single,2,email,3,Basic,240,455.55,2,2,2,C101,discount,15,1
59,105500,Graduate,Single,2,phone,6,Standard,172,1632.1,3,3,3,C102,bundle,0,0
45,53900,Graduate,Single,0,email,3,Basic,186,679.95,3,2,2,C104,discount,10,0
49,87200,Graduate,Married,0,direct_mail,8,Standard,46,1454.95,5,3,3,C103,loyalty_points,0,0
18,66300,High School,Married,2,phone,5,Standard,304,1150.09,1,2,3,C104,discount,20,0
45,33900,High School,Married,0,email,1,Basic,200,306.68,3,1,2,C104,loyalty_points,0,0
32,78000,Master,Married,3,social,14,Premium,269,5254.99,2,5,5,C102,bundle,0,0
55,62100,High School,Married,0,email,6,Standard,283,1470.82,2,3,3,C103,loyalty_points,0,1
43,46900,Graduate,Divorced,0,email,1,Basic,51,167.39,5,1,1,C102,loyalty_points,0,0
28,62800,PhD,Divorced,3,phone,3,Standard,120,1392.48,4,2,3,C103,loyalty_points,0,0
32,85500,Graduate,Married,0,social,8,Basic,61,566.54,5,3,2,C101,bundle,0,1
38,88100,Master,Single,0,email,7,Standard,202,1252.67,3,3,3,C103,loyalty_points,0,1
37,92500,Graduate,Divorced,0,social,10,Standard,242,2224.36,2,4,4,C102,loyalty_points,0,1
51,108900,PhD,Married,2,email,4,Standard,199,1486.9,3,2,3,C103,loyalty_points,0,1
30,46900,Graduate,Single,0,phone,5,Basic,38,686.82,5,2,2,C101,loyalty_points,0,1
41,44400,High School,Married,1,direct_mail,10,Basic,167,844.76,3,4,2,C102,loyalty_points,0,0
58,36600,Graduate,Divorced,2,phone,1,Basic,93,238.81,4,1,1,C101,loyalty_points,0,0
53,83400,Graduate,Widowed,0,email,5,Standard,358,1407.48,1,2,3,C103,discount,15,0
44,65500,High School,Married,0,email,5,Basic,127,863.59,4,2,2,C104,bundle,0,1
64,71100,High School,Married,0,phone,3,Basic,307,388.47,1,2,2,C101,discount,25,0
40,45800,High School,Married,1,email,0,Basic,314,0.0,1,1,1,C102,free_shipping,0,0
29,34800,High School,Single,0,email,1,Basic,183,214.2,3,1,1,C104,free_shipping,0,1
41,82300,Master,Married,1,phone,10,Standard,71,2366.53,5,4,4,C103,free_shipping,0,1
42,79900,PhD,Divorced,1,phone,12,Premium,78,2752.46,4,5,4,C101,bundle,0,1
27,51100,High School,Married,0,phone,9,Standard,319,1375.04,1,4,3,C104,loyalty_points,0,0
51,84700,Master,Divorced,1,direct_mail,5,Basic,173,574.36,3,2,2,C101,free_shipping,0,0
51,73600,Master,Divorced,0,email,7,Standard,357,2099.62,1,3,4,C102,bundle,0,0
54,75300,Graduate,Single,2,email,6,Standard,353,1685.19,1,3,3,C104,discount,20,1
32,65700,Graduate,Married,0,social,4,Basic,50,166.03,5,2,1,C104,bundle,0,1
46,67600,High School,Divorced,0,email,5,Standard,43,1030.26,5,2,3,C103,loyalty_points,0,1
34,67200,Graduate,Married,1,phone,6,Standard,75,1055.4,4,3,3,C102,free_shipping,0,1
49,87700,Graduate,Single,2,email,10,Standard,36,1481.54,5,4,3,C103,loyalty_points,0,1
34,75200,High School,Married,0,email,6,Standard,139,1507.14,4,3,3,C101,bundle,0,1
40,85100,Master,Divorced,0,email,1,Basic,114,250.46,4,1,1,C102,bundle,0,1
57,75000,Master,Married,2,direct_mail,6,Basic,56,623.49,5,3,2,C103,bundle,0,0
65,55000,Graduate,Married,2,direct_mail,5,Basic,114,555.98,4,2,2,C101,loyalty_points,0,0
76,82700,PhD,Single,0,email,6,Basic,30,832.14,5,3,2,C102,discount,20,1
50,86800,PhD,Widowed,1,social,11,Standard,94,1658.71,4,4,3,C103,discount,15,1
37,39200,High School,Married,1,social,5,Basic,307,323.98,1,2,2,C102,loyalty_points,0,0
46,90900,Master,Divorced,1,direct_mail,7,Standard,244,1500.06,2,3,3,C103,discount,20,0
43,82800,Graduate,Married,0,phone,10,Standard,313,1059.09,1,4,3,C104,free_shipping,0,0
42,63200,Graduate,Divorced,2,email,8,Standard,193,1183.21,3,3,3,C103,bundle,0,0
21,57000,Graduate,Married,0,phone,5,Basic,281,211.22,2,2,1,C102,bundle,0,0
21,42400,Graduate,Married,0,social,2,Basic,131,361.83,4,1,2,C103,loyalty_points,0,1
60,58200,Graduate,Married,2,social,2,Basic,146,333.17,3,1,2,C102,free_shipping,0,0
58,51600,High School,Married,0,social,5,Standard,212,1379.33,3,2,3,C104,discount,15,0
25,32400,Master,Single,0,phone,3,Basic,347,353.04,1,2,2,C103,loyalty_points,0,0
43,69500,High School,Divorced,0,direct_mail,2,Basic,181,596.36,3,1,2,C104,loyalty_points,0,0
18,44100,High School,Widowed,1,email,1,Basic,70,200.01,5,1,1,C102,loyalty_points,0,1
36,62300,High School,Married,2,email,7,Standard,267,1055.45,2,3,3,C101,loyalty_points,0,0
18,64000,High School,Single,3,phone,4,Basic,339,478.04,1,2,2,C104,bundle,0,0
37,41300,Master,Married,2,email,5,Basic,212,641.08,3,2,2,C101,loyalty_points,0,1
59,92000,High School,Divorced,1,email,7,Basic,323,628.92,1,3,2,C102,bundle,0,0
41,85600,High School,Married,1,email,8,Standard,278,2053.33,2,3,4,C101,free_shipping,0,1
37,79700,High School,Married,1,email,9,Standard,19,1785.62,5,4,3,C103,free_shipping,0,1
48,77200,High School,Married,0,email,3,Basic,89,362.14,4,2,2,C104,loyalty_points,0,0
56,89600,High School,Widowed,2,phone,10,Basic,16,441.57,5,4,2,C101,loyalty_points,0,0
18,73000,High School,Married,2,email,3,Basic,303,446.05,1,2,2,C101,bundle,0,0
50,82600,Graduate,Divorced,1,email,11,Premium,61,6326.18,5,4,5,C101,discount,10,1
26,54000,Graduate,Single,0,social,3,Basic,314,418.17,1,2,2,C103,discount,20,1
49,54600,High School,Single,0,email,1,Basic,129,151.13,4,1,1,C104,discount,20,0
46,75500,Graduate,Married,2,email,5,Standard,138,1041.89,4,2,3,C103,free_shipping,0,1
40,51900,Graduate,Divorced,1,direct_mail,3,Basic,46,473.16,5,2,2,C102,bundle,0,0
24,72100,Graduate,Widowed,0,social,6,Standard,33,1060.24,5,3,3,C102,free_shipping,0,1
36,62300,Graduate,Single,1,direct_mail,4,Standard,242,1043.4,2,2,3,C101,free_shipping,0,0
33,76200,Graduate,Married,2,social,1,Basic,145,301.67,4,1,2,C101,bundle,0,0
40,33600,Graduate,Married,1,direct_mail,2,Basic,325,513.96,1,1,2,C104,discount,20,0
46,79700,Graduate,Single,1,email,11,Basic,147,629.66,3,4,2,C104,discount,15,1
74,83700,Master,Single,1,social,10,Standard,270,1396.88,2,4,3,C103,free_shipping,0,1
63,93700,Master,Married,0,email,11,Premium,24,3140.17,5,4,5,C102,free_shipping,0,1
50,93200,High School,Single,0,social,5,Basic,360,434.38,1,2,2,C102,free_shipping,0,0
24,73300,Graduate,Married,2,social,4,Basic,349,128.65,1,2,1,C103,free_shipping,0,0
41,90800,Master,Married,2,social,7,Basic,161,666.35,3,3,2,C104,bundle,0,0
38,74000,Graduate,Single,0,email,9,Standard,286,1235.26,2,4,3,C103,free_shipping,0,1
36,85700,Graduate,Married,1,email,8,Standard,319,2263.3,1,3,4,C101,loyalty_points,0,0
55,92700,Graduate,Single,0,social,8,Standard,3,1399.8,5,3,3,C101,discount,15,1
52,69200,High School,Married,1,direct_mail,8,Basic,221,889.63,2,3,2,C103,loyalty_points,0,0
43,42200,High School,Single,2,email,2,Basic,177,584.75,3,1,2,C103,loyalty_points,0,0
39,88500,Graduate,Single,2,direct_mail,7,Standard,280,2316.15,2,3,4,C104,free_shipping,0,0
65,86000,Graduate,Married,2,phone,5,Standard,220,1020.39,2,2,3,C102,loyalty_points,0,0
28,38000,Graduate,Single,1,email,2,Basic,127,353.98,4,1,2,C102,discount,10,1
46,78900,High School,Married,0,email,6,Standard,233,1339.64,2,3,3,C101,discount,25,0
53,97300,Master,Married,0,email,6,Standard,310,1044.0,1,3,3,C104,free_shipping,0,0
56,76900,Graduate,Single,1,email,4,Basic,222,319.1,2,2,2,C101,loyalty_points,0,0
51,63900,Master,Married,0,social,7,Standard,191,2058.0,3,3,4,C102,loyalty_points,0,0
30,45600,Graduate,Married,2,email,5,Basic,183,523.64,3,2,2,C102,free_shipping,0,1
54,93500,Master,Single,2,email,5,Standard,17,1335.83,5,2,3,C104,free_shipping,0,1
26,70000,High School,Widowed,2,direct_mail,9,Standard,115,1073.52,4,4,3,C103,bundle,0,0
42,82500,Master,Married,1,direct_mail,3,Standard,322,1128.18,1,2,3,C102,free_shipping,0,0
52,37100,High School,Single,2,email,3,Basic,215,730.51,3,2,2,C103,bundle,0,0
43,100800,Graduate,Single,0,social,6,Basic,70,677.27,5,3,2,C101,free_shipping,0,1
44,64600,High School,Divorced,0,phone,3,Basic,175,348.85,3,2,2,C102,bundle,0,1
42,24300,High School,Single,1,email,3,Basic,169,241.73,3,2,1,C104,loyalty_points,0,0
42,40800,Graduate,Single,1,phone,1,Basic,92,220.97,4,1,1,C103,loyalty_points,0,0
41,36300,Graduate,Widowed,1,direct_mail,3,Basic,239,563.63,2,2,2,C104,discount,20,0
41,59200,High School,Widowed,0,direct_mail,2,Basic,292,741.73,1,1,2,C103,loyalty_points,0,0
34,83200,Master,Single,0,email,5,Basic,59,500.0,5,2,2,C103,bundle,0,1
61,87000,Master,Single,0,phone,6,Standard,320,2325.62,1,3,4,C102,loyalty_points,0,1
36,60300,High School,Divorced,2,social,7,Standard,357,1747.81,1,3,3,C103,bundle,0,0
52,77300,Graduate,Married,1,phone,11,Standard,276,2459.64,2,4,4,C104,loyalty_points,0,0
24,37700,Graduate,Single,2,direct_mail,1,Basic,323,242.56,1,1,1,C102,bundle,0,0
43,65600,High School,Married,0,phone,4,Basic,82,277.78,4,2,1,C102,bundle,0,0
50,93200,Graduate,Single,3,phone,7,Basic,306,716.06,1,3,2,C103,free_shipping,0,0
35,65300,High School,Single,3,phone,4,Basic,282,449.36,2,2,2,C104,free_shipping,0,0
31,86000,Graduate,Divorced,1,email,11,Premium,32,2963.12,5,4,4,C102,bundle,0,1
22,62600,Graduate,Divorced,1,email,4,Basic,272,760.38,2,2,2,C104,discount,20,1
40,115600,Master,Single,2,social,8,Basic,352,782.97,1,3,2,C101,free_shipping,0,0
44,63100,Graduate,Single,0,phone,5,Basic,322,523.13,1,2,2,C104,discount,10,0
36,49500,High School,Married,1,email,1,Basic,55,227.97,5,1,1,C103,bundle,0,0
18,72200,PhD,Single,0,social,6,Standard,354,1167.26,1,3,3,C101,free_shipping,0,1
69,81500,Graduate,Single,1,social,8,Standard,13,1486.46,5,3,3,C101,discount,25,1
44,51200,High School,Married,2,email,3,Basic,201,581.95,3,2,2,C102,free_shipping,0,0
33,96000,Master,Married,0,phone,6,Standard,102,1037.8,4,3,3,C102,free_shipping,0,0
30,63700,Graduate,Married,1,email,5,Basic,154,783.33,3,2,2,C101,bundle,0,1
18,88900,Master,Single,0,email,7,Standard,131,1290.24,4,3,3,C104,discount,25,1
23,56500,Master,Married,0,social,2,Basic,127,401.16,4,1,2,C102,bundle,0,0
25,29500,Graduate,Single,1,email,4,Standard,293,977.52,1,2,3,C102,bundle,0,0
44,39000,Graduate,Married,1,phone,3,Basic,196,680.73,3,2,2,C104,free_shipping,0,1
67,50700,High School,Single,2,email,7,Basic,292,878.35,1,3,2,C101,discount,15,0
37,64600,PhD,Married,1,phone,6,Standard,234,1224.87,2,3,3,C102,free_shipping,0,0
47,47600,Graduate,Divorced,0,email,5,Basic,235,543.31,2,2,2,C101,bundle,0,0
50,67100,Master,Divorced,2,phone,5,Basic,293,529.61,1,2,2,C104,bundle,0,0
39,77600,Graduate,Married,0,social,9,Standard,295,901.18,1,4,3,C104,bundle,0,0
42,88500,PhD,Widowed,0,email,5,Basic,73,475.34,4,2,2,C103,free_shipping,0,0
18,22000,High School,Divorced,0,email,1,Basic,82,112.31,4,1,1,C101,free_shipping,0,0
27,42600,High School,Married,2,direct_mail,3,Basic,234,385.39,2,2,2,C103,loyalty_points,0,0
47,70300,Graduate,Married,1,social,6,Standard,299,1762.59,1,3,3,C102,discount,15,0
66,81700,High School,Married,1,social,11,Standard,271,1318.59,2,4,3,C101,free_shipping,0,1
31,91000,PhD,Married,0,phone,11,Standard,107,1666.76,4,4,3,C102,free_shipping,0,0
37,49700,High School,Married,1,email,7,Standard,74,1808.21,4,3,4,C103,loyalty_points,0,1
51,29100,High School,Married,2,social,2,Basic,174,455.67,3,1,2,C104,bundle,0,0
23,60000,Master,Single,0,phone,6,Standard,72,1183.3,5,3,3,C104,bundle,0,0
33,76000,PhD,Married,0,social,5,Basic,92,430.09,4,2,2,C104,loyalty_points,0,1
39,69800,Master,Widowed,0,social,1,Basic,140,389.36,4,1,2,C104,discount,25,1
76,62900,High School,Divorced,0,phone,5,Standard,260,1938.67,2,2,4,C101,discount,10,0
27,76700,Master,Married,1,phone,6,Standard,96,1538.94,4,3,3,C104,free_shipping,0,1
32,60900,High School,Married,2,email,7,Standard,328,1215.78,1,3,3,C102,discount,10,0
34,40300,High School,Married,0,phone,1,Basic,243,145.05,2,1,1,C104,bundle,0,0
18,48100,High School,Single,0,email,6,Basic,354,610.55,1,3,2,C104,loyalty_points,0,0
56,107100,PhD,Widowed,0,direct_mail,8,Standard,164,1088.28,3,3,3,C103,loyalty_points,0,0
43,72200,Graduate,Married,1,social,8,Basic,62,255.84,5,3,1,C103,discount,15,1
38,71100,Master,Married,2,direct_mail,7,Basic,4,776.45,5,3,2,C104,free_shipping,0,0
42,64900,High School,Married,0,email,3,Basic,161,535.32,3,2,2,C103,loyalty_points,0,0
63,37800,Graduate,Married,3,email,1,Basic,77,58.82,4,1,1,C104,free_shipping,0,1
38,81500,Graduate,Widowed,0,phone,6,Standard,264,2111.91,2,3,4,C103,discount,10,1
35,75300,PhD,Married,0,social,5,Standard,222,965.13,2,2,3,C104,bundle,0,0
39,47800,High School,Single,2,phone,4,Standard,255,1163.16,2,2,3,C101,bundle,0,0
52,98400,Graduate,Single,2,social,5,Standard,240,1284.42,2,2,3,C103,discount,15,0
66,81000,High School,Single,1,social,2,Basic,172,271.35,3,1,1,C103,bundle,0,0
30,62100,Graduate,Single,1,email,4,Basic,321,425.34,1,2,2,C104,free_shipping,0,1
63,37400,High School,Married,1,phone,5,Standard,364,1841.16,1,2,4,C103,discount,10,0
47,101900,Master,Married,0,social,11,Standard,346,1982.08,1,4,4,C101,bundle,0,0
56,96000,Graduate,Widowed,2,social,11,Premium,31,2787.41,5,4,4,C104,discount,25,1
41,85100,Master,Married,0,phone,11,Basic,243,651.43,2,4,2,C103,free_shipping,0,0
63,58700,Graduate,Married,1,social,3,Basic,231,518.01,2,2,2,C104,discount,10,0
26,30700,High School,Married,2,email,2,Basic,341,369.98,1,1,2,C104,discount,15,0
26,66800,Graduate,Married,0,phone,5,Basic,185,162.48,3,2,1,C101,free_shipping,0,0
35,81700,Graduate,Married,1,phone,12,Premium,47,3281.03,5,5,5,C103,loyalty_points,0,1
43,64400,Master,Single,0,phone,5,Basic,115,689.8,4,2,2,C103,discount,25,1
49,83400,Graduate,Married,0,email,6,Standard,89,1194.99,4,3,3,C102,loyalty_points,0,0
55,45300,High School,Divorced,0,direct_mail,3,Basic,59,571.37,5,2,2,C103,bundle,0,1
43,62500,Master,Married,1,phone,7,Standard,343,1051.45,1,3,3,C103,loyalty_points,0,0
44,86300,Graduate,Married,2,social,7,Standard,87,1718.58,4,3,3,C101,loyalty_points,0,0
50,50500,High School,Widowed,1,phone,6,Standard,4,980.73,5,3,3,C101,bundle,0,1
65,53500,Graduate,Divorced,0,phone,5,Basic,345,788.41,1,2,2,C102,discount,10,1
18,39000,Master,Single,2,social,0,Basic,214,0.0,3,1,1,C103,discount,20,0
35,49300,Master,Single,0,direct_mail,1,Basic,190,233.95,3,1,1,C101,bundle,0,0
56,102700,Graduate,Married,1,social,7,Standard,269,1874.95,2,3,4,C101,free_shipping,0,0
53,96100,Graduate,Divorced,0,direct_mail,3,Basic,168,450.85,3,2,2,C103,discount,10,0
22,58900,Master,Single,1,social,8,Basic,290,797.72,2,3,2,C103,free_shipping,0,0
70,106100,Master,Married,0,direct_mail,8,Standard,102,1326.04,4,3,3,C103,free_shipping,0,1
54,61000,Graduate,Single,1,email,9,Standard,68,1214.11,5,4,3,C101,bundle,0,1
40,77000,Master,Single,2,direct_mail,7,Basic,216,772.33,3,3,2,C103,discount,15,0
36,95000,Graduate,Single,0,phone,10,Standard,134,1851.06,4,4,4,C101,free_shipping,0,1
37,82200,Graduate,Single,2,direct_mail,6,Standard,292,2009.96,1,3,4,C104,discount,25,0
35,81500,Master,Single,0,phone,7,Standard,6,1209.04,5,3,3,C101,loyalty_points,0,1
50,62900,Graduate,Divorced,1,email,5,Basic,247,664.24,2,2,2,C103,free_shipping,0,1
47,52500,Graduate,Single,2,email,5,Basic,247,728.62,2,2,2,C103,bundle,0,0
18,60000,Graduate,Married,1,email,3,Basic,121,345.63,4,2,2,C104,loyalty_points,0,1
60,83900,Graduate,Married,0,email,7,Standard,317,1492.27,1,3,3,C103,free_shipping,0,1
51,57000,High School,Single,2,email,9,Standard,243,2452.5,2,4,4,C101,free_shipping,0,0
55,89700,PhD,Single,1,phone,10,Basic,237,721.14,2,4,2,C104,discount,15,0
40,76300,Graduate,Married,0,direct_mail,6,Basic,31,764.22,5,3,2,C102,bundle,0,0
31,51500,High School,Single,0,social,3,Basic,186,359.67,3,2,2,C103,loyalty_points,0,0
38,72700,High School,Married,0,email,4,Basic,207,422.98,3,2,2,C101,loyalty_points,0,0
25,91500,Graduate,Widowed,2,direct_mail,13,Standard,331,1851.67,1,5,4,C101,bundle,0,0
44,77700,PhD,Married,0,social,6,Standard,220,952.71,2,3,3,C104,bundle,0,0
36,70800,High School,Married,2,phone,5,Basic,56,503.69,5,2,2,C101,loyalty_points,0,1
48,101600,Master,Married,0,social,12,Standard,219,1580.1,2,5,3,C102,loyalty_points,0,1
57,64600,Graduate,Married,1,email,5,Standard,6,964.72,5,2,3,C101,bundle,0,1
48,39000,High School,Divorced,1,email,5,Standard,140,1040.91,4,2,3,C104,free_shipping,0,1
58,82300,High School,Single,0,phone,4,Basic,179,378.4,3,2,2,C104,free_shipping,0,0
33,62100,High School,Married,0,phone,4,Basic,37,813.0,5,2,2,C101,bundle,0,1
33,71200,Graduate,Married,0,email,6,Basic,217,669.23,3,3,2,C104,loyalty_points,0,0
37,90100,High School,Divorced,1,social,5,Standard,142,907.66,4,2,3,C104,free_shipping,0,1
53,49200,Master,Divorced,0,email,5,Basic,139,368.88,4,2,2,C101,bundle,0,1
26,61900,Graduate,Married,1,email,6,Basic,133,607.47,4,3,2,C102,free_shipping,0,1
25,98000,Master,Married,0,social,7,Premium,222,2585.57,2,3,4,C104,bundle,0,0
44,86500,High School,Married,1,direct_mail,3,Basic,173,650.92,3,2,2,C104,loyalty_points,0,0
29,58100,Master,Married,1,social,8,Standard,314,2264.19,1,3,4,C101,bundle,0,0
53,99200,Master,Married,1,email,4,Basic,90,338.01,4,2,2,C104,discount,20,1
45,93000,Graduate,Married,0,social,10,Standard,140,1705.87,4,4,3,C103,free_shipping,0,1
41,81100,Graduate,Divorced,1,direct_mail,7,Standard,37,1041.09,5,3,3,C103,free_shipping,0,1
37,57200,Graduate,Married,1,phone,2,Basic,140,210.48,4,1,1,C103,free_shipping,0,0
36,53500,High School,Married,1,email,4,Standard,116,1775.33,4,2,3,C102,bundle,0,1
37,63600,High School,Married,1,email,6,Standard,83,1479.78,4,3,3,C102,discount,10,0
47,92400,Graduate,Single,0,email,8,Basic,365,383.9,1,3,2,C104,free_shipping,0,0
56,99300,Graduate,Single,1,social,11,Standard,229,2105.47,2,4,4,C104,discount,10,0
46,64500,Graduate,Divorced,0,social,4,Basic,278,857.88,2,2,2,C103,free_shipping,0,0
30,63700,Master,Married,0,phone,5,Standard,357,982.77,1,2,3,C103,loyalty_points,0,0
65,80500,Graduate,Single,0,email,6,Basic,63,862.14,5,3,2,C103,bundle,0,1
45,56700,Graduate,Married,0,email,3,Basic,251,439.98,2,2,2,C103,bundle,0,0
33,68100,Graduate,Single,0,phone,5,Standard,307,1263.8,1,2,3,C102,free_shipping,0,0
52,54600,High School,Married,2,email,4,Basic,149,562.95,3,2,2,C103,bundle,0,0
44,88800,Graduate,Divorced,2,email,9,Standard,201,1546.5,3,4,3,C102,bundle,0,1
51,60200,Graduate,Single,2,email,6,Basic,285,369.84,2,3,2,C103,free_shipping,0,0
36,51700,Master,Single,0,social,3,Basic,245,317.99,2,2,2,C102,discount,25,1
55,61700,Master,Single,1,social,6,Basic,41,824.94,5,3,2,C103,loyalty_points,0,0
48,70200,Master,Divorced,1,email,8,Basic,130,776.9,4,3,2,C102,bundle,0,0
34,96700,Master,Married,0,email,10,Standard,186,913.01,3,4,3,C102,free_shipping,0,1
57,95500,PhD,Widowed,2,email,7,Basic,279,740.22,2,3,2,C101,discount,15,1
50,54100,High School,Divorced,0,social,5,Standard,82,978.36,4,2,3,C104,free_shipping,0,1
42,71600,High School,Single,1,email,5,Basic,100,391.24,4,2,2,C102,free_shipping,0,1
31,51500,Graduate,Married,1,social,9,Standard,130,1867.29,4,4,4,C101,discount,20,1
28,42500,Graduate,Single,0,email,4,Basic,310,260.73,1,2,1,C101,free_shipping,0,0
28,51700,High School,Single,1,direct_mail,3,Basic,226,517.13,2,2,2,C101,discount,15,0
31,45000,High School,Married,2,social,6,Standard,75,1094.12,4,3,3,C104,loyalty_points,0,1
28,58900,Master,Divorced,2,email,3,Basic,352,371.65,1,2,2,C102,bundle,0,0
46,65600,Graduate,Divorced,1,social,6,Basic,36,387.84,5,3,2,C102,loyalty_points,0,1
55,66000,High School,Single,1,email,3,Basic,206,665.1,3,2,2,C102,loyalty_points,0,1
61,87600,Graduate,Married,2,email,6,Standard,316,2431.48,1,3,4,C103,bundle,0,0
27,79600,Graduate,Widowed,0,email,5,Basic,359,642.9,1,2,2,C103,loyalty_points,0,0
36,86700,Master,Divorced,2,email,6,Basic,151,754.81,3,3,2,C102,free_shipping,0,0
57,95400,Master,Married,1,direct_mail,5,Standard,14,1275.95,5,2,3,C104,loyalty_points,0,1
34,65400,Master,Divorced,0,social,5,Basic,231,872.87,2,2,2,C104,free_shipping,0,0
39,67300,High School,Married,0,email,7,Standard,84,1783.0,4,3,3,C104,free_shipping,0,0
34,68300,Master,Married,0,email,5,Standard,57,980.8,5,2,3,C104,loyalty_points,0,1
34,80400,High School,Single,0,social,8,Premium,227,2741.24,2,3,4,C101,discount,20,1
18,57800,Graduate,Divorced,0,direct_mail,2,Basic,233,408.92,2,1,2,C103,discount,10,0
46,68200,High School,Married,2,phone,6,Basic,342,559.8,1,3,2,C102,loyalty_points,0,0
45,67500,Graduate,Married,1,phone,1,Basic,249,94.39,2,1,1,C102,discount,25,0
50,96500,Graduate,Single,0,direct_mail,7,Standard,218,1990.37,3,3,4,C104,discount,25,0
26,86800,High School,Married,1,direct_mail,6,Standard,241,1450.97,2,3,3,C102,loyalty_points,0,0
51,83200,Master,Single,1,phone,6,Standard,235,1593.64,2,3,3,C103,free_shipping,0,0
61,121500,PhD,Single,2,direct_mail,12,Standard,318,1079.44,1,5,3,C104,bundle,0,0
40,52200,High School,Single,2,email,6,Basic,145,888.78,4,3,2,C102,bundle,0,1
58,100100,Master,Married,0,email,12,Premium,149,3411.08,3,5,5,C102,loyalty_points,0,1
37,52900,Graduate,Married,0,phone,7,Basic,68,408.67,5,3,2,C101,bundle,0,1
60,24200,Master,Single,1,direct_mail,3,Standard,29,962.64,5,2,3,C103,free_shipping,0,0
54,57200,Graduate,Single,0,email,8,Standard,190,1785.57,3,3,3,C103,bundle,0,0
27,54200,Graduate,Married,1,social,6,Basic,5,429.99,5,3,2,C101,discount,20,1
54,91500,High School,Single,1,social,8,Premium,24,3913.52,5,3,5,C101,free_shipping,0,1
55,87600,High School,Married,1,phone,8,Standard,1,1138.33,5,3,3,C103,discount,15,1
46,85900,Graduate,Married,2,email,2,Basic,286,610.37,2,1,2,C104,loyalty_points,0,0
32,51600,PhD,Married,0,email,2,Basic,214,305.06,3,1,2,C101,discount,10,0
23,64500,Master,Single,2,direct_mail,7,Standard,321,1573.99,1,3,3,C104,loyalty_points,0,0
39,65900,Graduate,Married,1,email,7,Premium,225,3553.56,2,3,5,C101,loyalty_points,0,1
41,89500,Graduate,Single,1,direct_mail,6,Standard,363,1278.19,1,3,3,C102,bundle,0,0
34,51100,Graduate,Married,1,email,4,Basic,150,542.16,3,2,2,C103,discount,20,0
45,64300,High School,Divorced,0,direct_mail,2,Basic,6,259.27,5,1,1,C102,bundle,0,0
38,64200,Graduate,Married,0,email,3,Basic,21,554.35,5,2,2,C103,discount,20,1
32,75100,High School,Married,0,social,8,Standard,91,981.49,4,3,3,C104,loyalty_points,0,0
38,76000,High School,Married,1,social,6,Basic,19,810.8,5,3,2,C104,bundle,0,0
30,99300,High School,Single,2,direct_mail,7,Standard,174,1205.84,3,3,3,C102,free_shipping,0,0
51,79900,Master,Married,0,social,7,Standard,349,1840.75,1,3,4,C102,discount,20,0
43,64000,Graduate,Married,2,phone,9,Standard,134,1366.26,4,4,3,C101,free_shipping,0,1
45,72800,Master,Married,0,social,6,Basic,319,897.83,1,3,2,C102,loyalty_points,0,0
54,68200,High School,Married,2,social,3,Basic,83,453.37,4,2,2,C104,loyalty_points,0,0
20,63100,Master,Widowed,1,phone,4,Basic,225,691.48,2,2,2,C101,free_shipping,0,0
43,59300,Graduate,Single,0,email,9,Standard,22,1338.49,5,4,3,C103,discount,10,1
62,82500,Graduate,Single,0,social,4,Standard,295,1045.74,1,2,3,C102,bundle,0,0
63,86400,High School,Married,1,email,3,Basic,166,475.71,3,2,2,C104,loyalty_points,0,1
45,61000,Graduate,Married,0,email,8,Basic,63,145.48,5,3,1,C102,bundle,0,1
42,64800,Graduate,Married,0,email,4,Basic,205,867.78,3,2,2,C102,loyalty_points,0,0
50,71500,High School,Married,0,phone,6,Basic,223,465.08,2,3,2,C101,bundle,0,0
58,94500,Master,Married,0,social,10,Standard,309,1478.94,1,4,3,C101,free_shipping,0,0
54,76500,Graduate,Single,2,phone,5,Basic,49,392.0,5,2,2,C102,discount,20,1
18,60700,Graduate,Single,0,email,5,Standard,345,1421.77,1,2,3,C104,bundle,0,0
29,64500,Graduate,Married,1,phone,10,Premium,279,3166.08,2,4,5,C103,bundle,0,0
53,74000,High School,Single,0,email,4,Standard,340,984.56,1,2,3,C104,loyalty_points,0,1
39,57600,High School,Single,0,email,7,Standard,92,2118.68,4,3,4,C104,free_shipping,0,1
18,54900,High School,Married,0,social,8,Standard,288,1330.97,2,3,3,C104,bundle,0,0
49,71700,High School,Married,0,email,7,Standard,8,2431.34,5,3,4,C101,loyalty_points,0,1
40,103100,Graduate,Married,0,email,10,Standard,117,988.49,4,4,3,C104,loyalty_points,0,1
73,65200,Graduate,Married,3,direct_mail,5,Basic,297,431.02,1,2,2,C102,loyalty_points,0,0
33,109100,PhD,Single,0,email,8,Standard,149,1522.04,3,3,3,C103,loyalty_points,0,0
41,74000,Master,Single,0,direct_mail,5,Standard,217,1029.32,3,2,3,C103,bundle,0,0
27,65400,High School,Single,0,email,7,Standard,161,2261.49,3,3,4,C104,free_shipping,0,1
52,100200,Graduate,Widowed,2,phone,13,Standard,193,2037.93,3,5,4,C101,free_shipping,0,1
39,109100,PhD,Divorced,1,phone,6,Basic,94,876.54,4,3,2,C104,bundle,0,1
45,52400,High School,Divorced,0,social,6,Standard,40,1028.02,5,3,3,C104,loyalty_points,0,1
33,58600,Graduate,Divorced,1,direct_mail,2,Basic,172,322.93,3,1,2,C102,loyalty_points,0,0
30,12000,High School,Single,1,direct_mail,0,Basic,301,0.0,1,1,1,C103,free_shipping,0,0
73,71500,High School,Married,0,direct_mail,11,Premium,196,2849.59,3,4,4,C104,free_shipping,0,0
35,81100,Graduate,Widowed,0,social,11,Premium,51,4208.49,5,4,5,C101,free_shipping,0,1
35,45300,High School,Single,1,email,9,Standard,306,1196.66,1,4,3,C104,loyalty_points,0,1
65,95500,Master,Single,0,email,9,Basic,181,613.55,3,4,2,C102,bundle,0,0
56,66700,Graduate,Married,2,email,9,Standard,92,2118.85,4,4,4,C102,discount,25,1
35,86500,Graduate,Married,1,phone,4,Basic,301,791.68,1,2,2,C101,discount,15,0
40,72600,High School,Single,1,phone,5,Basic,279,591.99,2,2,2,C102,loyalty_points,0,0
55,52200,High School,Married,1,email,4,Standard,126,1277.54,4,2,3,C103,free_shipping,0,0
51,90400,Graduate,Single,1,email,6,Basic,49,718.04,5,3,2,C103,discount,10,1
38,64900,High School,Divorced,1,phone,6,Standard,354,1127.0,1,3,3,C101,discount,10,0
39,83400,Master,Married,1,phone,6,Standard,129,1240.75,4,3,3,C104,discount,10,1
32,59100,PhD,Single,2,email,7,Basic,53,852.9,5,3,2,C104,bundle,0,0
47,52200,High School,Single,0,social,5,Standard,128,959.53,4,2,3,C104,bundle,0,0
44,69500,Master,Married,1,direct_mail,8,Standard,316,1209.31,1,3,3,C103,bundle,0,0
43,67800,Graduate,Married,2,social,3,Basic,120,544.98,4,2,2,C101,bundle,0,1
48,80500,Graduate,Single,0,phone,3,Basic,174,524.13,3,2,2,C103,discount,20,1
34,66700,Graduate,Married,3,phone,1,Basic,60,129.91,5,1,1,C103,bundle,0,0
28,87800,Master,Single,0,email,6,Standard,48,1003.9,5,3,3,C104,free_shipping,0,0
52,53000,High School,Single,0,social,2,Basic,101,142.27,4,1,1,C102,bundle,0,1
50,80300,Master,Single,0,email,5,Basic,339,807.35,1,2,2,C102,free_shipping,0,0
21,77900,Graduate,Married,0,phone,8,Standard,317,1336.52,1,3,3,C101,loyalty_points,0,0
57,70800,Graduate,Single,0,email,5,Standard,93,966.4,4,2,3,C102,free_shipping,0,0
47,77500,Graduate,Single,2,social,7,Standard,183,1922.42,3,3,4,C103,free_shipping,0,0
44,52600,High School,Married,1,email,3,Basic,42,55.41,5,2,1,C103,loyalty_points,0,1
43,65700,High School,Single,2,direct_mail,5,Basic,25,707.77,5,2,2,C101,free_shipping,0,0
49,94100,Graduate,Divorced,0,phone,12,Basic,188,816.34,3,5,2,C102,discount,25,1
50,80800,Graduate,Married,2,direct_mail,10,Premium,25,3419.79,5,4,5,C103,free_shipping,0,1
29,71600,Graduate,Single,1,social,9,Standard,166,1114.79,3,4,3,C104,bundle,0,1
53,79900,High School,Married,2,phone,6,Standard,214,1316.28,3,3,3,C102,loyalty_points,0,0
38,77000,Master,Married,1,phone,6,Standard,232,2331.18,2,3,4,C103,discount,20,0
49,42100,High School,Married,1,social,4,Basic,357,526.22,1,2,2,C101,discount,25,1
41,58300,Graduate,Married,0,email,5,Basic,136,518.33,4,2,2,C102,free_shipping,0,1
43,52800,High School,Single,2,phone,5,Basic,210,753.69,3,2,2,C104,discount,10,0
81,80300,Graduate,Single,2,phone,9,Standard,108,2055.35,4,4,4,C101,discount,20,1
49,87900,Graduate,Single,1,social,14,Standard,332,1629.54,1,5,3,C101,bundle,0,0
35,89900,Master,Married,2,direct_mail,4,Standard,242,1999.87,2,2,4,C102,loyalty_points,0,0
46,52500,Graduate,Married,1,direct_mail,4,Standard,26,941.67,5,2,3,C102,bundle,0,0
33,70200,Master,Married,1,phone,3,Basic,62,169.44,5,2,1,C101,discount,25,1
39,59300,High School,Single,1,social,6,Basic,68,585.44,5,3,2,C104,free_shipping,0,1
39,59400,Graduate,Single,2,phone,5,Basic,356,631.33,1,2,2,C104,free_shipping,0,0
18,55800,High School,Single,1,email,2,Standard,6,1393.47,5,1,3,C101,discount,15,1
29,75400,Graduate,Single,2,email,4,Standard,140,1093.71,4,2,3,C103,bundle,0,0
32,75500,Graduate,Married,3,phone,2,Basic,338,384.1,1,1,2,C101,bundle,0,0
18,55400,Graduate,Married,0,email,4,Basic,16,421.08,5,2,2,C102,bundle,0,0
46,59900,High School,Single,1,phone,3,Basic,326,228.22,1,2,1,C104,free_shipping,0,0
49,68300,Graduate,Married,3,direct_mail,4,Basic,358,320.35,1,2,2,C104,discount,10,1
45,82700,Graduate,Single,2,direct_mail,15,Standard,198,2215.18,3,5,4,C102,free_shipping,0,0
57,88500,Master,Widowed,0,email,2,Basic,137,367.84,4,1,2,C101,free_shipping,0,1
47,106800,PhD,Divorced,1,email,8,Standard,308,1992.66,1,3,4,C102,loyalty_points,0,0
28,45700,High School,Divorced,0,email,4,Basic,68,503.68,5,2,2,C102,loyalty_points,0,1
28,62300,Graduate,Married,0,email,13,Standard,365,1344.34,1,5,3,C101,bundle,0,1
41,76200,High School,Single,1,email,5,Standard,261,1042.75,2,2,3,C102,loyalty_points,0,0
44,70500,High School,Married,0,social,12,Premium,331,3801.19,1,5,5,C102,discount,25,1
43,64900,High School,Married,2,phone,6,Standard,337,1986.75,1,3,4,C103,bundle,0,0
25,75200,PhD,Single,0,social,7,Standard,67,1401.22,5,3,3,C101,free_shipping,0,1
37,91200,Graduate,Widowed,0,email,14,Standard,343,1699.49,1,5,3,C101,discount,25,1
59,46700,Graduate,Married,0,social,2,Basic,315,126.53,1,1,1,C103,bundle,0,0
33,100700,Master,Single,1,phone,8,Basic,109,588.02,4,3,2,C102,free_shipping,0,1
48,68900,Graduate,Married,0,email,11,Premium,67,3492.86,5,4,5,C101,loyalty_points,0,1
64,113600,PhD,Married,1,social,12,Standard,191,983.37,3,5,3,C103,loyalty_points,0,1
49,94700,Graduate,Single,2,social,9,Standard,234,1928.04,2,4,4,C104,free_shipping,0,1
33,99600,PhD,Divorced,0,social,9,Standard,137,1685.75,4,4,3,C101,loyalty_points,0,1
38,80800,Master,Single,0,social,4,Standard,187,1052.29,3,2,3,C101,free_shipping,0,0
51,67000,Graduate,Widowed,0,email,7,Basic,35,678.82,5,3,2,C102,free_shipping,0,1
21,71100,Graduate,Married,2,email,7,Standard,335,1139.61,1,3,3,C101,loyalty_points,0,0
38,114600,Master,Married,2,phone,7,Standard,83,1612.88,4,3,3,C103,discount,25,1
46,87200,Graduate,Single,0,phone,7,Basic,113,875.03,4,3,2,C104,loyalty_points,0,0
22,60400,High School,Divorced,3,phone,7,Standard,167,2188.04,3,3,4,C103,loyalty_points,0,0
32,47500,Graduate,Single,1,phone,5,Basic,239,342.73,2,2,2,C104,loyalty_points,0,0
39,77500,Graduate,Married,2,phone,8,Standard,73,1042.42,4,3,3,C104,free_shipping,0,1
41,102100,Master,Married,2,email,9,Standard,29,2141.09,5,4,4,C102,discount,15,1
38,62600,Graduate,Single,1,email,7,Standard,138,1213.65,4,3,3,C101,loyalty_points,0,1
31,44300,High School,Married,0,direct_mail,1,Basic,18,86.69,5,1,1,C103,loyalty_points,0,0
67,97500,PhD,Married,2,direct_mail,6,Standard,107,940.6,4,3,3,C102,loyalty_points,0,0
55,67900,Graduate,Single,0,email,6,Basic,216,429.65,3,3,2,C101,bundle,0,1
52,70300,Graduate,Married,1,email,5,Standard,228,1265.15,2,2,3,C102,loyalty_points,0,0
18,34800,High School,Married,1,email,6,Standard,200,1750.85,3,3,3,C104,loyalty_points,0,0
51,107400,Master,Single,0,direct_mail,9,Standard,294,1606.68,1,4,3,C102,bundle,0,0
38,57000,High School,Single,2,social,1,Basic,162,182.49,3,1,1,C104,discount,20,0
51,76200,Graduate,Single,2,phone,8,Basic,269,860.45,2,3,2,C101,discount,20,0
30,52200,High School,Married,0,social,3,Basic,219,560.96,2,2,2,C103,discount,15,1
49,91700,Master,Married,0,email,8,Standard,187,1448.26,3,3,3,C101,free_shipping,0,1
42,71300,Graduate,Married,1,phone,6,Basic,335,649.71,1,3,2,C101,loyalty_points,0,0
30,53200,Graduate,Single,1,phone,1,Basic,323,138.69,1,1,1,C101,free_shipping,0,0
32,70900,High School,Single,0,email,9,Basic,303,712.61,1,4,2,C101,discount,25,1
29,41800,Graduate,Married,0,email,5,Standard,56,996.35,5,2,3,C103,discount,10,1
45,61000,High School,Married,1,phone,5,Basic,312,798.42,1,2,2,C101,loyalty_points,0,0
38,41700,High School,Single,3,email,5,Basic,152,894.9,3,2,2,C103,loyalty_points,0,0
53,92600,Master,Married,0,phone,6,Standard,322,1752.56,1,3,3,C101,discount,25,0
49,91700,High School,Married,2,email,6,Standard,36,1362.65,5,3,3,C104,bundle,0,1
42,68700,High School,Single,2,email,7,Standard,241,1825.74,2,3,4,C102,discount,20,1
53,42000,High School,Married,0,social,6,Basic,277,131.0,2,3,1,C103,discount,25,0
46,80900,Graduate,Single,0,social,4,Standard,295,1403.44,1,2,3,C101,free_shipping,0,0
47,84700,PhD,Widowed,3,social,7,Standard,111,1514.07,4,3,3,C101,loyalty_points,0,0
43,56900,Graduate,Married,0,social,5,Basic,30,438.58,5,2,2,C101,bundle,0,1
38,90700,Graduate,Single,0,social,7,Basic,169,797.44,3,3,2,C103,bundle,0,0
43,61600,Graduate,Widowed,0,email,5,Standard,170,1290.86,3,2,3,C103,free_shipping,0,0
70,122000,PhD,Married,1,email,5,Basic,67,636.29,5,2,2,C101,discount,10,1
37,53200,Graduate,Widowed,1,phone,2,Basic,294,563.02,1,1,2,C101,loyalty_points,0,0
53,59900,High School,Single,2,email,5,Basic,10,706.23,5,2,2,C103,bundle,0,1
51,63900,High School,Married,0,phone,5,Standard,284,1100.27,2,2,3,C101,free_shipping,0,0
50,37000,High School,Married,0,email,5,Basic,49,206.04,5,2,1,C101,loyalty_points,0,1
50,64800,Graduate,Married,2,email,8,Standard,9,1549.95,5,3,3,C103,free_shipping,0,1
38,102100,PhD,Married,2,email,5,Basic,201,581.45,3,2,2,C102,loyalty_points,0,0
44,77900,Graduate,Married,0,phone,7,Standard,300,2388.19,1,3,4,C103,discount,10,0
60,91000,Master,Single,0,email,2,Basic,7,318.39,5,1,2,C104,bundle,0,1
35,80200,Master,Married,0,phone,6,Standard,330,1078.69,1,3,3,C103,bundle,0,0
19,58000,High School,Married,2,phone,3,Basic,126,201.4,4,2,1,C104,loyalty_points,0,1
19,96600,Graduate,Married,0,direct_mail,15,Standard,92,936.86,4,5,3,C103,bundle,0,1
18,26300,Graduate,Married,1,social,0,Basic,47,0.0,5,1,1,C102,loyalty_points,0,1
43,69800,Graduate,Married,0,phone,5,Basic,249,521.15,2,2,2,C104,bundle,0,0
49,96400,Graduate,Married,0,social,16,Standard,323,2171.62,1,5,4,C104,discount,15,1
55,72300,Graduate,Married,0,email,5,Standard,341,945.26,1,2,3,C104,discount,25,0
22,105300,Master,Single,0,email,12,Standard,170,2400.18,3,5,4,C103,free_shipping,0,1
29,49900,Graduate,Single,0,social,3,Basic,166,365.19,3,2,2,C102,discount,10,1
62,97100,Master,Married,1,direct_mail,8,Standard,205,1888.45,3,3,4,C101,loyalty_points,0,0
55,79500,Graduate,Single,0,email,3,Basic,167,583.57,3,2,2,C102,loyalty_points,0,1
32,60300,Graduate,Divorced,2,social,4,Basic,307,624.19,1,2,2,C104,bundle,0,0
41,91000,PhD,Single,0,email,9,Basic,187,505.51,3,4,2,C101,free_shipping,0,1
49,62000,Master,Single,0,direct_mail,7,Standard,99,1192.88,4,3,3,C101,bundle,0,1
38,65400,High School,Single,3,social,8,Standard,223,2053.86,2,3,4,C101,bundle,0,0
30,79300,Graduate,Widowed,0,phone,7,Standard,48,1363.13,5,3,3,C102,bundle,0,1
57,88900,Master,Widowed,3,social,7,Standard,332,1658.92,1,3,3,C101,discount,10,0
30,73000,High School,Married,0,direct_mail,3,Basic,130,596.19,4,2,2,C101,loyalty_points,0,0
55,61700,Graduate,Single,2,email,2,Basic,157,591.34,3,1,2,C101,free_shipping,0,0
36,87800,Master,Single,2,social,6,Standard,333,1619.22,1,3,3,C103,bundle,0,0
50,89800,PhD,Single,3,social,9,Standard,362,914.37,1,4,3,C102,bundle,0,0
51,68900,Graduate,Widowed,2,email,2,Basic,323,589.25,1,1,2,C103,loyalty_points,0,0
24,40400,Master,Married,1,social,4,Standard,267,1156.67,2,2,3,C103,free_shipping,0,0
27,34300,High School,Married,0,phone,2,Basic,52,381.21,5,1,2,C103,discount,10,1
59,56500,High School,Single,0,direct_mail,3,Basic,69,500.2,5,2,2,C102,loyalty_points,0,0
38,35900,Graduate,Single,2,social,3,Basic,49,708.57,5,2,2,C104,bundle,0,0
42,98900,High School,Single,1,social,19,Premium,246,4499.25,2,5,5,C101,discount,25,0
38,82000,High School,Married,2,social,9,Standard,359,1200.35,1,4,3,C103,loyalty_points,0,0
36,40700,High School,Married,0,email,4,Basic,53,553.98,5,2,2,C101,free_shipping,0,1
52,96300,PhD,Single,2,social,5,Basic,126,269.99,4,2,1,C102,free_shipping,0,0
38,54200,High School,Single,0,email,7,Standard,327,2005.24,1,3,4,C104,loyalty_points,0,0
47,72800,Graduate,Married,0,social,7,Basic,325,622.57,1,3,2,C102,bundle,0,0
63,60100,Graduate,Married,1,email,4,Basic,222,773.92,2,2,2,C104,free_shipping,0,1
71,111400,Master,Married,2,social,15,Standard,159,1249.44,3,5,3,C103,free_shipping,0,1
43,64600,Graduate,Married,0,social,5,Standard,321,923.8,1,2,3,C103,free_shipping,0,0
61,115100,Master,Divorced,3,email,12,Basic,20,685.99,5,5,2,C101,discount,20,1
40,82800,Graduate,Divorced,2,email,7,Standard,74,1093.57,4,3,3,C101,bundle,0,1
48,49700,Graduate,Married,3,direct_mail,3,Basic,158,521.46,3,2,2,C101,loyalty_points,0,0
33,66400,Graduate,Married,0,direct_mail,4,Basic,217,898.94,3,2,2,C102,loyalty_points,0,0
51,73900,High School,Married,0,email,6,Standard,66,1252.07,5,3,3,C104,loyalty_points,0,1
40,69100,Master,Single,3,social,4,Basic,225,416.09,2,2,2,C101,bundle,0,0
38,66200,Graduate,Single,0,social,7,Basic,59,873.4,5,3,2,C103,free_shipping,0,0
32,56400,Graduate,Single,2,phone,7,Standard,237,1239.65,2,3,3,C102,discount,10,0
40,51100,Graduate,Married,0,social,4,Standard,79,1260.9,4,2,3,C102,loyalty_points,0,0
59,44100,High School,Married,1,email,5,Basic,140,482.63,4,2,2,C104,free_shipping,0,1
48,65500,Graduate,Married,0,email,5,Standard,30,1473.11,5,2,3,C102,discount,15,1
33,67900,Graduate,Married,0,phone,10,Basic,213,796.62,3,4,2,C104,loyalty_points,0,0
35,84900,Master,Divorced,1,email,5,Basic,230,456.93,2,2,2,C101,loyalty_points,0,0
40,54500,High School,Married,1,email,6,Standard,355,1723.37,1,3,3,C102,loyalty_points,0,0
60,68500,High School,Widowed,2,email,12,Standard,299,1378.47,1,5,3,C104,loyalty_points,0,0
38,88600,Graduate,Married,3,email,10,Standard,119,1750.76,4,4,3,C103,free_shipping,0,1
23,71200,Graduate,Married,0,social,8,Basic,3,641.62,5,3,2,C101,loyalty_points,0,1
39,71200,High School,Married,1,email,2,Basic,329,498.83,1,1,2,C104,loyalty_points,0,0
43,49500,High School,Single,1,social,6,Basic,352,458.55,1,3,2,C102,bundle,0,0
48,61200,High School,Married,3,email,3,Basic,2,726.4,5,2,2,C103,discount,10,1
38,57200,High School,Single,1,phone,4,Basic,277,561.39,2,2,2,C104,bundle,0,0
25,84800,Master,Married,0,email,4,Basic,295,518.99,1,2,2,C102,discount,15,0
19,92800,Master,Married,2,email,7,Standard,186,1281.75,3,3,3,C102,bundle,0,0
30,60400,Graduate,Married,1,email,5,Standard,26,1350.56,5,2,3,C102,bundle,0,1
43,67900,Graduate,Married,1,social,7,Standard,217,1297.88,3,3,3,C104,free_shipping,0,1
47,31700,High School,Married,1,email,0,Basic,210,0.0,3,1,1,C103,discount,25,0
53,68600,High School,Married,0,email,4,Basic,99,344.62,4,2,2,C103,free_shipping,0,0
39,54100,Master,Single,2,phone,2,Basic,91,481.97,4,1,2,C102,loyalty_points,0,0
22,85200,Graduate,Married,2,phone,7,Standard,142,1789.32,4,3,3,C104,bundle,0,0
55,83700,Graduate,Married,0,direct_mail,7,Standard,87,1393.6,4,3,3,C101,free_shipping,0,0
41,75900,Graduate,Married,2,direct_mail,10,Premium,85,3478.81,4,4,5,C102,loyalty_points,0,1
49,47800,High School,Single,1,email,6,Basic,347,562.27,1,3,2,C102,bundle,0,0
42,43000,Graduate,Single,0,email,4,Basic,111,520.93,4,2,2,C104,bundle,0,0
48,68800,Graduate,Married,0,phone,8,Basic,249,713.29,2,3,2,C102,discount,20,1
25,94200,Master,Widowed,1,email,10,Premium,259,3428.5,2,4,5,C104,free_shipping,0,1
35,68600,Graduate,Single,0,email,5,Standard,160,1006.48,3,2,3,C102,loyalty_points,0,0
44,54400,Graduate,Divorced,2,direct_mail,6,Basic,28,741.19,5,3,2,C104,free_shipping,0,0
37,26800,High School,Married,0,email,0,Basic,158,0.0,3,1,1,C101,discount,15,0
49,61900,High School,Married,0,email,5,Basic,251,461.57,2,2,2,C104,discount,20,1
59,71800,Graduate,Married,0,direct_mail,5,Standard,309,1012.16,1,2,3,C103,discount,20,0
34,86000,High School,Single,2,email,8,Standard,344,1314.22,1,3,3,C102,free_shipping,0,0
68,66500,High School,Married,2,email,6,Standard,290,1049.71,2,3,3,C101,free_shipping,0,0
58,67300,High School,Single,1,email,5,Basic,334,470.29,1,2,2,C104,free_shipping,0,0
54,37600,High School,Married,1,email,3,Basic,105,663.62,4,2,2,C103,discount,15,1
40,63200,High School,Married,2,social,5,Basic,336,346.19,1,2,2,C104,free_shipping,0,0
55,75400,High School,Married,2,phone,9,Standard,187,1004.37,3,4,3,C103,loyalty_points,0,0
55,75400,Graduate,Married,0,email,5,Standard,29,1247.24,5,2,3,C104,bundle,0,1
45,85400,PhD,Single,1,email,1,Basic,221,138.24,2,1,1,C103,loyalty_points,0,0
24,73900,High School,Married,0,phone,9,Basic,295,698.48,1,4,2,C102,loyalty_points,0,1
50,54000,High School,Married,2,phone,5,Standard,290,1279.33,2,2,3,C101,free_shipping,0,0
50,55200,High School,Single,0,social,4,Basic,89,533.27,4,2,2,C104,bundle,0,0
41,89400,Master,Single,3,phone,2,Basic,298,154.1,1,1,1,C101,discount,20,0
26,73800,Master,Married,1,phone,11,Standard,64,2245.42,5,4,4,C103,free_shipping,0,1
36,52400,High School,Single,1,email,4,Standard,350,1121.1,1,2,3,C101,discount,20,0
57,95700,Graduate,Married,1,email,8,Standard,63,946.48,5,3,3,C102,bundle,0,1
52,82000,Graduate,Married,3,email,12,Premium,179,3078.86,3,5,5,C104,discount,10,1
34,91600,High School,Married,1,social,5,Basic,113,650.08,4,2,2,C101,discount,15,0
39,60500,High School,Divorced,2,email,5,Basic,98,509.52,4,2,2,C102,free_shipping,0,0
48,46900,High School,Married,1,email,1,Basic,136,80.86,4,1,1,C101,free_shipping,0,1
48,42700,Graduate,Married,1,phone,3,Basic,137,509.61,4,2,2,C103,bundle,0,1
64,93700,Master,Married,2,email,8,Standard,199,1530.68,3,3,3,C104,free_shipping,0,1
61,75200,Graduate,Divorced,1,phone,10,Standard,4,1871.52,5,4,4,C101,discount,20,1
59,65300,Graduate,Single,0,phone,5,Standard,34,1157.37,5,2,3,C101,bundle,0,0
48,117900,Master,Married,0,direct_mail,10,Standard,213,2232.61,3,4,4,C103,discount,20,1
52,62300,Graduate,Married,1,phone,8,Premium,222,2729.59,2,3,4,C103,discount,15,0
32,50400,Graduate,Divorced,0,email,5,Basic,211,526.94,3,2,2,C103,free_shipping,0,1
39,89800,Graduate,Divorced,0,email,12,Standard,353,1073.0,1,5,3,C101,discount,20,1
43,103200,PhD,Single,1,social,8,Basic,210,601.88,3,3,2,C102,free_shipping,0,0
38,85900,Graduate,Married,1,direct_mail,12,Standard,32,2475.35,5,5,4,C104,bundle,0,0
20,38800,High School,Married,0,email,3,Standard,354,1058.09,1,2,3,C104,discount,25,1
33,68500,Graduate,Married,1,social,7,Standard,104,1465.67,4,3,3,C103,discount,15,1
38,83000,Master,Married,0,phone,4,Standard,191,1023.91,3,2,3,C101,bundle,0,0
40,78100,High School,Single,0,phone,4,Basic,160,366.11,3,2,2,C101,bundle,0,0
54,90200,Graduate,Single,1,phone,11,Standard,319,1000.17,1,4,3,C104,free_shipping,0,0
51,84200,Master,Married,0,email,9,Standard,226,1167.05,2,4,3,C103,loyalty_points,0,1
29,89500,Graduate,Married,1,email,4,Basic,156,363.28,3,2,2,C101,discount,15,1
33,58900,High School,Married,0,email,3,Basic,328,367.04,1,2,2,C104,bundle,0,0
41,72600,PhD,Divorced,0,phone,2,Basic,358,331.54,1,1,2,C102,free_shipping,0,0
43,76100,Graduate,Married,0,direct_mail,8,Basic,251,614.93,2,3,2,C101,free_shipping,0,0
62,64500,Graduate,Single,1,email,4,Basic,71,458.43,5,2,2,C104,loyalty_points,0,0
25,73300,Master,Single,0,email,7,Standard,144,1004.37,4,3,3,C103,loyalty_points,0,1
64,88700,Master,Married,1,email,8,Standard,211,1202.42,3,3,3,C102,discount,25,1
42,90300,Master,Married,1,social,7,Basic,166,880.05,3,3,2,C102,free_shipping,0,1
38,24800,High School,Married,2,direct_mail,0,Basic,179,0.0,3,1,1,C102,free_shipping,0,0
43,66200,Graduate,Married,3,email,2,Basic,10,339.89,5,1,2,C101,free_shipping,0,0
38,72500,High School,Single,1,email,4,Basic,283,608.44,2,2,2,C101,loyalty_points,0,1
59,111000,Master,Married,2,phone,13,Standard,57,910.83,5,5,3,C101,free_shipping,0,1
46,66800,Graduate,Married,0,direct_mail,11,Premium,33,3102.41,5,4,5,C102,loyalty_points,0,1
42,76600,Graduate,Married,1,email,6,Basic,50,463.23,5,3,2,C104,bundle,0,0
56,75400,High School,Single,0,direct_mail,10,Basic,208,583.19,3,4,2,C102,free_shipping,0,0
33,40100,High School,Single,2,email,3,Basic,3,755.62,5,2,2,C102,bundle,0,1
38,104000,Master,Married,0,email,9,Standard,10,1221.48,5,4,3,C102,discount,15,1
20,62700,Graduate,Divorced,1,email,7,Basic,49,794.38,5,3,2,C103,discount,15,1
31,105600,PhD,Married,0,social,11,Standard,155,1623.41,3,4,3,C103,loyalty_points,0,0
42,56900,Graduate,Married,0,social,5,Basic,199,515.08,3,2,2,C103,free_shipping,0,1
46,43200,High School,Married,0,social,3,Basic,100,796.35,4,2,2,C101,free_shipping,0,1
39,71500,High School,Single,0,social,7,Standard,248,1422.74,2,3,3,C103,loyalty_points,0,0
38,54400,Graduate,Married,2,email,5,Basic,168,746.51,3,2,2,C103,discount,25,1
52,79600,Graduate,Married,0,email,6,Basic,215,498.1,3,3,2,C102,loyalty_points,0,1
23,55500,Graduate,Single,1,email,7,Standard,91,1177.89,4,3,3,C101,bundle,0,1
45,92100,Graduate,Married,2,direct_mail,9,Standard,198,2300.51,3,4,4,C102,free_shipping,0,0
33,80500,Master,Single,0,email,5,Standard,144,1859.22,4,2,4,C104,discount,10,0
47,64200,Graduate,Married,0,email,5,Basic,313,589.98,1,2,2,C102,loyalty_points,0,0
47,69100,High School,Divorced,0,email,7,Basic,280,610.11,2,3,2,C102,discount,10,0
63,45800,Graduate,Married,3,email,4,Basic,289,456.18,2,2,2,C103,free_shipping,0,0
19,71100,High School,Married,2,email,8,Standard,103,1386.19,4,3,3,C104,free_shipping,0,1
23,37200,Graduate,Divorced,0,email,4,Basic,58,154.5,5,2,1,C104,discount,25,1
35,78700,Master,Single,3,phone,5,Basic,163,290.95,3,2,1,C104,free_shipping,0,0
62,64800,Graduate,Single,1,social,6,Standard,215,1095.65,3,3,3,C103,loyalty_points,0,1
41,46300,Graduate,Married,0,direct_mail,1,Basic,37,173.59,5,1,1,C101,free_shipping,0,0
49,107000,Master,Married,0,direct_mail,11,Standard,169,1928.1,3,4,4,C104,free_shipping,0,1
40,90900,PhD,Married,2,social,9,Basic,177,755.75,3,4,2,C104,bundle,0,0
39,73400,Graduate,Married,0,direct_mail,3,Basic,40,856.32,5,2,2,C104,discount,20,0
46,77800,High School,Single,0,social,9,Standard,253,1121.96,2,4,3,C104,free_shipping,0,0
29,60300,High School,Divorced,0,email,7,Standard,270,1062.19,2,3,3,C102,discount,25,1
21,71200,Graduate,Married,0,social,7,Basic,154,769.72,3,3,2,C103,discount,20,1
48,66700,Graduate,Single,1,phone,5,Standard,108,1065.39,4,2,3,C103,bundle,0,0
54,79800,Graduate,Divorced,0,email,4,Basic,103,251.82,4,2,1,C104,loyalty_points,0,1
36,53700,High School,Divorced,2,social,3,Basic,339,221.48,1,2,1,C102,loyalty_points,0,0
60,63500,Graduate,Divorced,1,direct_mail,5,Basic,135,712.4,4,2,2,C103,discount,25,1
24,76000,Graduate,Married,0,social,7,Standard,25,1655.51,5,3,3,C101,free_shipping,0,1
48,81300,Graduate,Widowed,0,email,8,Standard,20,1076.0,5,3,3,C104,free_shipping,0,1
38,92100,Graduate,Divorced,2,social,13,Premium,260,3301.52,2,5,5,C103,loyalty_points,0,0
36,34800,High School,Widowed,1,direct_mail,6,Basic,111,684.88,4,3,2,C102,free_shipping,0,0
36,65500,Master,Married,1,phone,4,Standard,282,1209.21,2,2,3,C103,discount,10,0
35,80100,Graduate,Married,2,direct_mail,5,Standard,177,1078.55,3,2,3,C103,loyalty_points,0,0
54,51400,Master,Single,0,email,3,Basic,73,186.95,4,2,1,C101,loyalty_points,0,1
50,77900,Graduate,Married,1,phone,13,Premium,178,2544.25,3,5,4,C103,loyalty_points,0,1
53,89100,Graduate,Married,1,email,4,Standard,187,1122.67,3,2,3,C101,discount,20,1
72,85200,Graduate,Single,0,social,10,Standard,340,2427.93,1,4,4,C103,free_shipping,0,0
46,63100,Graduate,Single,1,social,9,Standard,178,1762.97,3,4,3,C103,free_shipping,0,0
48,63300,Graduate,Married,1,social,3,Basic,347,629.08,1,2,2,C103,bundle,0,0
30,76200,Master,Divorced,0,social,8,Standard,254,1592.14,2,3,3,C101,free_shipping,0,0
36,70800,PhD,Single,2,social,3,Basic,307,463.08,1,2,2,C103,discount,25,0
35,127300,PhD,Divorced,3,social,11,Standard,155,1024.76,3,4,3,C102,loyalty_points,0,0
39,119100,PhD,Divorced,2,social,10,Premium,299,2555.36,1,4,4,C103,discount,25,0
51,76600,Graduate,Married,0,email,8,Standard,131,1344.39,4,3,3,C102,discount,20,1
48,66700,Graduate,Divorced,0,social,7,Basic,17,524.75,5,3,2,C104,discount,20,1
22,67900,Graduate,Married,0,email,6,Basic,201,585.7,3,3,2,C104,free_shipping,0,1
43,94000,Graduate,Married,0,email,12,Premium,237,3006.1,2,5,5,C101,discount,15,1
25,33300,Graduate,Divorced,3,email,1,Basic,99,326.76,4,1,2,C104,loyalty_points,0,1
56,84400,PhD,Divorced,2,email,8,Standard,271,1500.65,2,3,3,C103,loyalty_points,0,0
21,65300,High School,Single,0,email,6,Basic,49,479.01,5,3,2,C104,bundle,0,1
24,74700,Graduate,Single,0,direct_mail,2,Basic,316,343.05,1,1,2,C104,discount,10,0
41,55300,High School,Married,0,social,7,Standard,191,1411.33,3,3,3,C103,loyalty_points,0,0
46,115700,Master,Single,1,phone,9,Standard,171,1487.54,3,4,3,C103,bundle,0,0
44,71000,Graduate,Married,0,phone,3,Standard,166,931.1,3,2,3,C101,bundle,0,1
65,83600,Graduate,Married,0,direct_mail,4,Standard,218,1077.26,3,2,3,C101,discount,25,0
46,52900,Graduate,Married,3,email,3,Basic,228,654.64,2,2,2,C101,bundle,0,0
36,58100,High School,Divorced,0,phone,4,Basic,286,726.91,2,2,2,C104,free_shipping,0,0
38,88900,PhD,Married,2,email,9,Basic,335,857.47,1,4,2,C101,free_shipping,0,0
53,56400,Graduate,Married,0,phone,3,Basic,177,369.67,3,2,2,C104,bundle,0,0
32,51600,High School,Married,0,social,3,Basic,15,738.38,5,2,2,C104,discount,10,1
43,87600,Master,Widowed,3,social,7,Standard,251,1371.6,2,3,3,C104,free_shipping,0,0
35,61900,Graduate,Married,3,email,6,Basic,171,899.44,3,3,2,C103,bundle,0,0
55,87100,Master,Single,0,social,5,Basic,171,647.28,3,2,2,C101,discount,20,0
44,84200,High School,Widowed,0,email,12,Standard,56,2310.44,5,5,4,C103,free_shipping,0,1
36,65900,Master,Married,0,direct_mail,6,Standard,355,1147.45,1,3,3,C104,bundle,0,0
83,98600,Master,Divorced,1,email,6,Standard,106,1369.68,4,3,3,C101,discount,10,0
49,96600,Graduate,Single,2,social,7,Basic,247,571.11,2,3,2,C103,discount,15,0
18,59600,High School,Married,0,direct_mail,0,Basic,239,0.0,2,1,1,C103,bundle,0,0
30,45900,High School,Married,2,email,2,Basic,99,335.0,4,1,2,C102,free_shipping,0,0
45,90100,Graduate,Married,1,email,7,Standard,95,1250.99,4,3,3,C104,bundle,0,0
23,82500,Graduate,Married,3,social,9,Basic,362,830.07,1,4,2,C103,discount,15,0
58,56900,High School,Single,0,direct_mail,5,Basic,105,613.76,4,2,2,C101,bundle,0,0
58,49200,Graduate,Married,1,email,5,Standard,52,1156.31,5,2,3,C102,loyalty_points,0,1
48,78100,Graduate,Divorced,2,social,7,Basic,170,442.44,3,3,2,C102,free_shipping,0,0
57,75500,Master,Married,2,phone,6,Basic,135,549.32,4,3,2,C101,loyalty_points,0,0
36,54900,Graduate,Single,1,email,8,Basic,75,638.93,4,3,2,C103,free_shipping,0,1
38,92200,Graduate,Single,0,phone,5,Basic,118,435.54,4,2,2,C101,discount,25,1
50,88100,Graduate,Married,0,direct_mail,8,Premium,354,2583.97,1,3,4,C102,loyalty_points,0,0
56,37900,High School,Married,2,social,3,Standard,16,1044.62,5,2,3,C104,discount,10,0
33,69900,Graduate,Single,1,social,4,Standard,351,1623.7,1,2,3,C102,discount,10,0
45,92600,Master,Single,0,social,11,Standard,15,1648.43,5,4,3,C101,loyalty_points,0,1
58,67600,Graduate,Single,2,phone,7,Basic,356,460.7,1,3,2,C103,free_shipping,0,0
43,70700,Graduate,Married,0,phone,4,Standard,15,1445.08,5,2,3,C101,discount,10,0
33,80400,Master,Married,0,email,3,Standard,132,940.55,4,2,3,C104,loyalty_points,0,1
50,66000,High School,Married,1,social,7,Standard,158,1760.19,3,3,3,C101,free_shipping,0,0
36,69200,High School,Married,0,email,2,Basic,186,240.22,3,1,1,C103,discount,20,1
44,65100,High School,Single,1,social,7,Standard,344,1163.13,1,3,3,C102,bundle,0,0
80,73200,Graduate,Single,0,phone,8,Standard,170,1095.28,3,3,3,C103,free_shipping,0,1
39,91100,Graduate,Married,0,social,9,Premium,313,2774.16,1,4,4,C101,discount,25,1
44,96200,Graduate,Married,1,direct_mail,16,Basic,14,537.33,5,5,2,C101,loyalty_points,0,1
36,59800,High School,Single,0,social,2,Basic,365,272.58,1,1,1,C101,discount,15,0
63,88300,Graduate,Single,0,email,6,Basic,354,147.19,1,3,1,C103,bundle,0,1
37,95400,Master,Married,1,direct_mail,7,Standard,225,1351.2,2,3,3,C103,discount,10,0
18,49700,Graduate,Married,1,email,4,Standard,187,1189.75,3,2,3,C102,discount,10,0
46,81200,High School,Married,2,social,10,Basic,347,623.22,1,4,2,C104,loyalty_points,0,0
52,80400,High School,Single,2,email,6,Basic,51,664.98,5,3,2,C102,free_shipping,0,1
63,97400,Graduate,Married,2,direct_mail,9,Standard,35,1141.68,5,4,3,C101,discount,20,1
26,62800,Master,Divorced,3,direct_mail,5,Standard,243,1292.81,2,2,3,C102,free_shipping,0,0
55,73000,Graduate,Married,3,email,5,Basic,186,397.7,3,2,2,C102,loyalty_points,0,0
32,92900,Master,Married,1,social,7,Standard,267,998.58,2,3,3,C102,discount,10,0
31,80400,Graduate,Divorced,0,social,9,Basic,240,655.18,2,4,2,C101,bundle,0,0
39,96700,PhD,Married,0,social,13,Standard,295,1064.31,1,5,3,C104,bundle,0,0
33,83700,Master,Married,0,phone,3,Basic,205,181.64,3,2,1,C104,loyalty_points,0,0
60,56300,High School,Married,0,email,4,Standard,22,998.65,5,2,3,C102,discount,15,0
48,55100,High School,Married,1,social,6,Basic,190,725.74,3,3,2,C102,free_shipping,0,0
23,84300,Master,Single,2,email,4,Standard,36,1432.97,5,2,3,C101,bundle,0,1
27,61000,Graduate,Single,1,email,9,Premium,273,2814.01,2,4,4,C101,bundle,0,0
39,78400,Graduate,Married,0,phone,4,Basic,251,566.97,2,2,2,C102,bundle,0,0
46,49600,Graduate,Divorced,1,phone,5,Standard,145,1872.17,4,2,4,C102,free_shipping,0,1
45,90900,Graduate,Single,0,phone,4,Basic,306,741.68,1,2,2,C102,discount,10,0
46,78800,High School,Single,1,email,8,Standard,217,2170.85,3,3,4,C101,bundle,0,0
24,32100,High School,Divorced,1,social,1,Basic,319,117.49,1,1,1,C102,loyalty_points,0,0
54,64100,Graduate,Divorced,0,email,3,Basic,172,621.64,3,2,2,C101,loyalty_points,0,0
22,51500,Graduate,Single,0,phone,4,Basic,14,266.6,5,2,1,C101,free_shipping,0,1
62,48400,High School,Single,2,direct_mail,2,Basic,7,378.84,5,1,2,C103,bundle,0,0
29,92900,PhD,Married,1,email,12,Standard,303,1488.88,1,5,3,C102,free_shipping,0,1
18,33700,Graduate,Married,0,email,5,Basic,67,818.51,5,2,2,C103,free_shipping,0,1
62,87300,Graduate,Single,0,phone,7,Standard,233,1580.28,2,3,3,C104,free_shipping,0,0
18,31600,High School,Divorced,2,phone,3,Basic,233,698.5,2,2,2,C101,discount,10,0
53,48600,Master,Divorced,2,phone,2,Basic,170,316.79,3,1,2,C103,free_shipping,0,0
42,41800,Graduate,Married,2,phone,3,Basic,255,541.83,2,2,2,C103,free_shipping,0,0
32,52500,Graduate,Single,0,email,2,Basic,74,146.46,4,1,1,C103,free_shipping,0,1
43,93900,Graduate,Married,0,direct_mail,6,Standard,271,1508.56,2,3,3,C104,discount,20,0
32,58400,Master,Married,1,email,1,Basic,192,95.13,3,1,1,C102,bundle,0,0
44,101700,Graduate,Single,0,social,9,Standard,313,1443.59,1,4,3,C104,discount,20,1
50,69500,High School,Married,0,phone,1,Basic,321,121.06,1,1,1,C101,loyalty_points,0,0
60,86000,Graduate,Married,0,email,11,Basic,225,737.82,2,4,2,C102,bundle,0,0
49,57300,High School,Married,0,email,3,Basic,131,261.16,4,2,1,C103,discount,20,1
48,79900,Graduate,Single,1,email,4,Basic,238,789.68,2,2,2,C104,discount,15,0
53,76200,Graduate,Single,0,email,8,Standard,122,1116.17,4,3,3,C101,discount,10,1
49,45100,High School,Widowed,0,phone,3,Standard,25,1012.39,5,2,3,C101,bundle,0,1
43,64700,Graduate,Married,0,email,5,Basic,63,775.95,5,2,2,C102,loyalty_points,0,1
39,86800,Graduate,Divorced,0,social,3,Basic,136,725.62,4,2,2,C103,discount,15,0
22,78400,High School,Married,0,email,9,Standard,254,2134.3,2,4,4,C104,discount,25,1
39,36600,Graduate,Married,1,social,3,Standard,354,910.98,1,2,3,C101,bundle,0,0
52,76000,Graduate,Single,2,direct_mail,9,Premium,135,3111.32,4,4,5,C101,discount,10,1
47,62800,Graduate,Married,0,email,5,Standard,150,1668.28,3,2,3,C102,bundle,0,0
23,79700,Graduate,Single,1,direct_mail,2,Basic,201,143.38,3,1,1,C104,bundle,0,0
45,88800,Graduate,Divorced,0,phone,4,Standard,349,956.55,1,2,3,C102,bundle,0,0
26,73700,Graduate,Single,0,social,4,Basic,221,850.87,2,2,2,C101,discount,10,0
43,81700,Master,Single,2,direct_mail,5,Basic,85,765.01,4,2,2,C104,discount,20,0
18,91300,High School,Married,0,email,4,Standard,213,1728.1,3,2,3,C101,bundle,0,0
30,78500,Master,Divorced,2,email,6,Basic,227,760.08,2,3,2,C104,discount,20,1
73,76500,High School,Single,3,social,9,Standard,292,1093.42,1,4,3,C104,free_shipping,0,0
38,65100,High School,Married,0,email,8,Standard,119,1063.34,4,3,3,C104,bundle,0,1
39,54000,Graduate,Single,1,social,4,Basic,23,307.54,5,2,2,C103,discount,15,1
59,71500,PhD,Single,0,email,4,Basic,324,726.23,1,2,2,C102,free_shipping,0,0
48,58900,High School,Married,1,social,5,Basic,77,891.37,4,2,2,C103,free_shipping,0,0
22,29300,Graduate,Single,0,email,3,Basic,58,667.12,5,2,2,C102,discount,25,1
52,90400,High School,Single,1,email,11,Standard,130,1280.52,4,4,3,C104,bundle,0,1
53,68800,Graduate,Single,2,email,4,Basic,256,406.59,2,2,2,C101,free_shipping,0,0
31,67000,High School,Married,1,social,3,Basic,17,416.13,5,2,2,C103,free_shipping,0,1
18,59400,PhD,Single,2,direct_mail,8,Standard,316,1592.98,1,3,3,C104,loyalty_points,0,0
55,37700,High School,Married,1,social,1,Basic,258,186.01,2,1,1,C102,bundle,0,0
39,76100,High School,Single,1,email,4,Basic,15,487.5,5,2,2,C102,discount,25,1
61,99000,Master,Single,0,phone,7,Basic,168,846.87,3,3,2,C103,bundle,0,1
36,72400,Graduate,Married,1,phone,4,Basic,127,399.03,4,2,2,C102,free_shipping,0,0
38,49200,High School,Married,0,email,2,Basic,171,137.06,3,1,1,C103,free_shipping,0,1
56,54700,Graduate,Single,0,direct_mail,7,Standard,280,1880.81,2,3,4,C104,discount,10,0
47,65700,Graduate,Married,3,direct_mail,8,Standard,106,1769.87,4,3,3,C102,discount,15,0
59,92200,PhD,Married,0,direct_mail,6,Standard,181,1065.22,3,3,3,C104,loyalty_points,0,0
50,58400,High School,Married,2,social,4,Standard,152,1615.63,3,2,3,C104,free_shipping,0,0
28,54700,High School,Married,2,email,6,Standard,291,2142.89,2,3,4,C103,free_shipping,0,1
40,48800,High School,Single,0,email,2,Basic,260,185.68,2,1,1,C101,bundle,0,0
44,128100,Graduate,Married,1,direct_mail,12,Standard,299,2409.85,1,5,4,C102,bundle,0,0
33,84200,Graduate,Married,0,email,9,Standard,199,1919.07,3,4,4,C103,free_shipping,0,1
48,48100,High School,Divorced,0,email,1,Basic,179,108.71,3,1,1,C102,discount,20,0
63,55700,Graduate,Divorced,0,phone,4,Standard,339,968.99,1,2,3,C101,loyalty_points,0,0
54,46700,Graduate,Married,1,email,6,Basic,138,799.9,4,3,2,C102,discount,25,1
34,101100,PhD,Married,2,email,7,Standard,260,1418.2,2,3,3,C104,discount,25,1
28,76800,Graduate,Married,1,direct_mail,4,Basic,261,555.38,2,2,2,C101,bundle,0,0
48,83300,Graduate,Married,2,social,5,Basic,279,470.61,2,2,2,C103,free_shipping,0,0
33,54700,Graduate,Married,2,email,4,Basic,207,820.48,3,2,2,C101,bundle,0,0
65,126700,PhD,Married,0,email,9,Standard,218,1729.82,3,4,3,C101,discount,10,1
57,75600,PhD,Married,1,phone,5,Basic,175,810.83,3,2,2,C104,free_shipping,0,0
41,78600,Graduate,Married,0,social,4,Basic,68,524.36,5,2,2,C104,bundle,0,1
42,62100,High School,Married,1,social,8,Premium,12,2584.19,5,3,4,C103,loyalty_points,0,1
41,59300,Graduate,Single,3,social,7,Basic,194,802.54,3,3,2,C101,free_shipping,0,0
23,44200,High School,Married,2,email,4,Basic,123,844.54,4,2,2,C103,bundle,0,1
31,67200,Graduate,Single,1,social,5,Standard,174,2019.98,3,2,4,C103,bundle,0,0
52,64300,Graduate,Divorced,2,direct_mail,5,Basic,162,442.95,3,2,2,C104,discount,15,0
45,117000,PhD,Married,0,phone,7,Standard,35,1285.84,5,3,3,C104,discount,15,0
52,89900,Master,Divorced,0,email,7,Basic,254,837.43,2,3,2,C104,bundle,0,1
21,46700,High School,Single,0,phone,2,Basic,186,190.29,3,1,1,C101,discount,10,0
40,55000,Master,Single,0,social,6,Standard,37,1771.12,5,3,3,C103,discount,15,1
58,64100,Graduate,Married,0,social,3,Basic,15,522.62,5,2,2,C103,loyalty_points,0,1
44,82000,High School,Single,2,email,7,Standard,358,1823.2,1,3,4,C104,discount,10,0
36,70300,Graduate,Married,0,email,6,Standard,348,1955.72,1,3,4,C104,free_shipping,0,0
52,86000,Master,Married,0,email,6,Standard,88,2437.97,4,3,4,C102,bundle,0,1
45,48200,High School,Widowed,0,phone,4,Standard,88,990.66,4,2,3,C104,bundle,0,0
19,50500,Graduate,Married,0,phone,7,Premium,226,2594.78,2,3,4,C101,discount,15,1
46,43200,Graduate,Married,0,phone,2,Basic,138,593.33,4,1,2,C104,free_shipping,0,0
50,75700,Master,Married,2,email,6,Standard,111,989.13,4,3,3,C103,bundle,0,1
58,95300,Graduate,Single,0,direct_mail,14,Premium,117,3423.57,4,5,5,C101,loyalty_points,0,0
18,40900,High School,Single,2,email,4,Basic,51,251.57,5,2,1,C102,bundle,0,0
47,67100,High School,Married,1,email,6,Standard,219,1842.86,2,3,4,C103,free_shipping,0,1
32,50100,Master,Married,1,phone,4,Standard,312,1090.67,1,2,3,C104,free_shipping,0,0
37,55700,Graduate,Widowed,0,email,7,Standard,79,1126.95,4,3,3,C103,bundle,0,1
45,91500,Graduate,Single,2,email,9,Standard,225,1167.46,2,4,3,C103,loyalty_points,0,1
61,60500,High School,Married,2,email,4,Standard,171,943.73,3,2,3,C101,bundle,0,0
32,46700,High School,Divorced,1,phone,2,Basic,39,333.15,5,1,2,C101,bundle,0,0
18,80500,Master,Married,0,phone,4,Basic,211,776.12,3,2,2,C101,discount,15,0
38,67000,Graduate,Married,2,email,3,Basic,321,758.02,1,2,2,C104,free_shipping,0,0
63,84200,Graduate,Married,3,email,3,Basic,251,739.61,2,2,2,C104,free_shipping,0,0
34,64800,Graduate,Single,0,direct_mail,7,Standard,49,1195.73,5,3,3,C102,free_shipping,0,1
62,45400,High School,Married,1,direct_mail,2,Basic,104,264.14,4,1,1,C103,bundle,0,0
63,94300,Graduate,Married,1,email,5,Standard,90,936.68,4,2,3,C103,loyalty_points,0,1
22,61800,Graduate,Married,0,social,10,Standard,49,1820.93,5,4,4,C104,discount,15,1
35,89800,High School,Married,0,email,11,Standard,81,2212.75,4,4,4,C104,free_shipping,0,1
48,45200,High School,Single,0,email,3,Basic,8,291.9,5,2,1,C102,bundle,0,0
51,88600,High School,Divorced,2,social,6,Basic,101,853.71,4,3,2,C102,bundle,0,0
22,82800,Graduate,Married,2,direct_mail,7,Standard,91,1171.8,4,3,3,C102,free_shipping,0,0
55,79400,High School,Married,0,phone,9,Standard,243,2419.11,2,4,4,C102,bundle,0,0
41,86600,Master,Married,2,phone,4,Basic,263,446.19,2,2,2,C102,loyalty_points,0,0
45,93500,Graduate,Single,0,direct_mail,6,Basic,193,587.27,3,3,2,C104,discount,15,0
67,82600,High School,Single,1,email,5,Basic,119,507.88,4,2,2,C101,free_shipping,0,1
18,84100,Master,Single,2,social,5,Standard,163,1285.91,3,2,3,C102,bundle,0,0
54,64300,Graduate,Married,2,email,8,Basic,232,548.79,2,3,2,C101,bundle,0,0
23,60300,Graduate,Married,0,social,5,Basic,359,466.58,1,2,2,C103,discount,15,0
36,45200,Graduate,Single,0,phone,6,Standard,90,918.28,4,3,3,C102,loyalty_points,0,0
53,67100,Graduate,Married,2,direct_mail,4,Basic,318,414.26,1,2,2,C101,bundle,0,0
28,44900,High School,Divorced,0,email,3,Standard,239,959.92,2,2,3,C101,bundle,0,0
26,77000,Graduate,Married,0,phone,3,Basic,63,783.86,5,2,2,C101,bundle,0,1
63,73200,Graduate,Married,1,social,6,Basic,132,715.1,4,3,2,C102,free_shipping,0,1
73,60500,High School,Single,0,social,4,Basic,70,281.05,5,2,1,C103,bundle,0,0
60,110800,Master,Married,0,email,9,Standard,149,1766.25,3,4,3,C102,discount,20,1
49,97600,PhD,Married,1,phone,9,Standard,171,1565.48,3,4,3,C102,discount,20,1
44,66800,Graduate,Married,0,social,4,Basic,87,418.01,4,2,2,C104,free_shipping,0,0
55,44700,High School,Married,2,phone,3,Basic,353,517.62,1,2,2,C103,discount,25,0
36,68300,Graduate,Single,0,email,5,Basic,70,602.86,5,2,2,C101,discount,20,1
45,75800,Graduate,Divorced,3,email,8,Premium,198,2677.56,3,3,4,C101,loyalty_points,0,0
51,75100,Graduate,Married,2,email,3,Basic,190,714.08,3,2,2,C103,bundle,0,0
47,55100,Graduate,Single,1,email,5,Basic,355,603.05,1,2,2,C104,free_shipping,0,0
44,70900,Graduate,Divorced,0,email,5,Basic,180,510.66,3,2,2,C101,free_shipping,0,1
36,65000,Graduate,Single,0,phone,6,Basic,123,325.52,4,3,2,C104,free_shipping,0,0
38,86400,Graduate,Married,1,direct_mail,4,Basic,207,590.0,3,2,2,C103,loyalty_points,0,0
25,80100,PhD,Single,0,phone,12,Premium,87,2908.88,4,5,4,C102,loyalty_points,0,1
48,68400,Graduate,Married,2,social,4,Basic,247,710.06,2,2,2,C103,discount,10,0
43,69500,High School,Divorced,1,direct_mail,5,Standard,237,1449.17,2,2,3,C102,bundle,0,0
65,76300,Master,Single,2,phone,4,Standard,31,917.7,5,2,3,C103,free_shipping,0,1
43,59200,High School,Single,1,email,3,Basic,258,614.49,2,2,2,C103,discount,20,1
30,50700,High School,Single,1,email,4,Basic,221,811.13,2,2,2,C102,bundle,0,0
24,60800,High School,Married,1,phone,4,Basic,143,649.17,4,2,2,C103,discount,15,1
47,75000,Master,Married,2,direct_mail,6,Basic,92,622.43,4,3,2,C102,bundle,0,1
59,76000,Graduate,Married,2,social,8,Basic,90,431.24,4,3,2,C101,bundle,0,1
42,85600,Graduate,Married,0,phone,9,Basic,10,406.19,5,4,2,C103,discount,10,1
47,85700,High School,Married,0,email,11,Premium,15,2746.81,5,4,4,C101,loyalty_points,0,1
44,82700,High School,Single,2,phone,7,Basic,1,115.61,5,3,1,C101,loyalty_points,0,1
51,70900,High School,Married,0,social,6,Standard,180,1722.04,3,3,3,C104,loyalty_points,0,1
54,54900,High School,Married,0,email,6,Basic,17,745.06,5,3,2,C102,bundle,0,1
51,86700,Master,Single,1,email,12,Premium,71,2614.31,5,5,4,C103,loyalty_points,0,1
